"Artist","BookName","SongCount","ExpectedCount","ExtractionRate","UniqueArtists","ArtistList","Issues","NeedsReview","Path"
"Creedence Clearwater Revival","Guitar Tab Book","1","1","100%","1","J.c. Fogerty","FEW_SONGS, ARTIST_MISMATCH","True","C:\Work\AWSMusic\ProcessedSongs\Creedence Clearwater Revival\Guitar Tab Book"
"Chicago","Great Bands Of The 70s","1","N/A","N/A","1","Chicago","FEW_SONGS","True","C:\Work\AWSMusic\ProcessedSongs\Chicago\Great Bands Of The 70s"
"Wings","Great Bands Of The 70s","1","N/A","N/A","1","Wings","FEW_SONGS","True","C:\Work\AWSMusic\ProcessedSongs\Wings\Great Bands Of The 70s"
"Don Henley","Actual Miles (greatest Hits)","1","1","100%","1","Don Henley And Danny Kortchmar","FEW_SONGS, ARTIST_MISMATCH","True","C:\Work\AWSMusic\ProcessedSongs\Don Henley\Actual Miles (greatest Hits)"
"Dire Straits","Great Bands Of The 70s","1","N/A","N/A","1","Dire Straits","FEW_SONGS","True","C:\Work\AWSMusic\ProcessedSongs\Dire Straits\Great Bands Of The 70s"
"Dire Straits","Brothers In Arms","1","1","100%","1","Words & Music By Mark Knopfler","FEW_SONGS, ARTIST_MISMATCH","True","C:\Work\AWSMusic\ProcessedSongs\Dire Straits\Brothers In Arms"
"Bob Marley And The Wailers","Great Bands Of The 70s","1","N/A","N/A","1","Bob Marley And The Wailers","FEW_SONGS","True","C:\Work\AWSMusic\ProcessedSongs\Bob Marley And The Wailers\Great Bands Of The 70s"
"Bee Gees","Anthology","1","4","25%","1","Barry Gibb And Maurice Gibb","FEW_SONGS, ARTIST_MISMATCH, LOW_EXTRACTION_RATE","True","C:\Work\AWSMusic\ProcessedSongs\Bee Gees\Anthology"
"Beatles","White Album 1 (guitar Recorded Version)","1","1","100%","1","John Lennon And Paul Mccartney","FEW_SONGS, ARTIST_MISMATCH","True","C:\Work\AWSMusic\ProcessedSongs\Beatles\White Album 1 (guitar Recorded Version)"
"Beatles","Sergeant Pepper's Lonely Hearts Club Band","1","1","100%","1","Unknown Artist","FEW_SONGS, ARTIST_MISMATCH","True","C:\Work\AWSMusic\ProcessedSongs\Beatles\Sergeant Pepper's Lonely Hearts Club Band"
"Blondie","Great Bands Of The 70s","1","N/A","N/A","1","Blondie","FEW_SONGS","True","C:\Work\AWSMusic\ProcessedSongs\Blondie\Great Bands Of The 70s"
"Billy Joel","Greatest Hits Vol Iii","1","1","100%","1","Billy Joel","FEW_SONGS","True","C:\Work\AWSMusic\ProcessedSongs\Billy Joel\Greatest Hits Vol Iii"
"Ben Folds","Ben Folds Five - Rockin' The Suburbs","1","2","50%","1","Tom Waits","FEW_SONGS, ARTIST_MISMATCH, LOW_EXTRACTION_RATE","True","C:\Work\AWSMusic\ProcessedSongs\Ben Folds\Ben Folds Five - Rockin' The Suburbs"
"T. Rex","Great Bands Of The 70s","1","N/A","N/A","1","T. Rex","FEW_SONGS","True","C:\Work\AWSMusic\ProcessedSongs\T. Rex\Great Bands Of The 70s"
"Steely Dan","Great Bands Of The 70s","1","N/A","N/A","1","Steely Dan","FEW_SONGS","True","C:\Work\AWSMusic\ProcessedSongs\Steely Dan\Great Bands Of The 70s"
"Stealers Wheel","Great Bands Of The 70s","1","N/A","N/A","1","Stealers Wheel","FEW_SONGS","True","C:\Work\AWSMusic\ProcessedSongs\Stealers Wheel\Great Bands Of The 70s"
"Thin Lizzy","Great Bands Of The 70s","1","N/A","N/A","1","Thin Lizzy","FEW_SONGS","True","C:\Work\AWSMusic\ProcessedSongs\Thin Lizzy\Great Bands Of The 70s"
"The Who","Great Bands Of The 70s","1","N/A","N/A","1","The Who","FEW_SONGS","True","C:\Work\AWSMusic\ProcessedSongs\The Who\Great Bands Of The 70s"
"The Pretenders","Great Bands Of The 70s","1","N/A","N/A","1","The Pretenders","FEW_SONGS","True","C:\Work\AWSMusic\ProcessedSongs\The Pretenders\Great Bands Of The 70s"
"Squeeze","Great Bands Of The 70s","1","N/A","N/A","1","Squeeze","FEW_SONGS","True","C:\Work\AWSMusic\ProcessedSongs\Squeeze\Great Bands Of The 70s"
"Elo","Greatest Hits","1","1","100%","1","Jeff Lynne","FEW_SONGS, ARTIST_MISMATCH","True","C:\Work\AWSMusic\ProcessedSongs\Elo\Greatest Hits"
"Eagles","Hotel California (guitar Songbook)","1","1","100%","1","Don Felder, Don Henley And Glenn Frey","FEW_SONGS, ARTIST_MISMATCH","True","C:\Work\AWSMusic\ProcessedSongs\Eagles\Hotel California (guitar Songbook)"
"Dr. Hook","Great Bands Of The 70s","1","N/A","N/A","1","Dr. Hook","FEW_SONGS","True","C:\Work\AWSMusic\ProcessedSongs\Dr. Hook\Great Bands Of The 70s"
"Slade","Great Bands Of The 70s","1","N/A","N/A","1","Slade","FEW_SONGS","True","C:\Work\AWSMusic\ProcessedSongs\Slade\Great Bands Of The 70s"
"Roxy Music","Great Bands Of The 70s","1","N/A","N/A","1","Roxy Music","FEW_SONGS","True","C:\Work\AWSMusic\ProcessedSongs\Roxy Music\Great Bands Of The 70s"
"Lynyrd Skynyrd","Great Bands Of The 70s","1","N/A","N/A","1","Lynyrd Skynyrd","FEW_SONGS","True","C:\Work\AWSMusic\ProcessedSongs\Lynyrd Skynyrd\Great Bands Of The 70s"
"Beatles","Joy Of Beatles","1","1","100%","1","Words & Music By John Lennon & Paul Mccartney","FEW_SONGS, ARTIST_MISMATCH","True","C:\Work\AWSMusic\ProcessedSongs\Beatles\Joy Of Beatles"
"Beatles","Anthology 3 (page 80 - 111)","1","3","33.3%","1","John Lennon And Paul Mccartney","FEW_SONGS, ARTIST_MISMATCH, LOW_EXTRACTION_RATE","True","C:\Work\AWSMusic\ProcessedSongs\Beatles\Anthology 3 (page 80 - 111)"
"Beatles","Anthology 3 (page 37 - 79","1","5","20%","1","George Harrison","FEW_SONGS, ARTIST_MISMATCH, LOW_EXTRACTION_RATE","True","C:\Work\AWSMusic\ProcessedSongs\Beatles\Anthology 3 (page 37 - 79"
"Beatles","Anthology 2 (page 41 -72)","1","1","100%","1","John Lennon And Paul Mccartney","FEW_SONGS, ARTIST_MISMATCH","True","C:\Work\AWSMusic\ProcessedSongs\Beatles\Anthology 2 (page 41 -72)"
"Beatles","Anthology 2 (page 73 -112)","1","2","50%","1","John Lennon And Paul Mccartney","FEW_SONGS, ARTIST_MISMATCH, LOW_EXTRACTION_RATE","True","C:\Work\AWSMusic\ProcessedSongs\Beatles\Anthology 2 (page 73 -112)"
"Abba","Great Bands Of The 70s","1","N/A","N/A","1","Abba","FEW_SONGS","True","C:\Work\AWSMusic\ProcessedSongs\Abba\Great Bands Of The 70s"
"The Bee Gees","Great Bands Of The 70s","2","N/A","N/A","1","The Bee Gees","FEW_SONGS","True","C:\Work\AWSMusic\ProcessedSongs\The Bee Gees\Great Bands Of The 70s"
"Dr John","New Orleans Piano Vol 2","3","0","N/A","1","Unknown Artist","ARTIST_MISMATCH","True","C:\Work\AWSMusic\ProcessedSongs\Dr John\New Orleans Piano Vol 2"
"Acdc","Anthology","3","16","18.8%","2","Angus Young; Young","MULTIPLE_ARTISTS, LOW_EXTRACTION_RATE","True","C:\Work\AWSMusic\ProcessedSongs\Acdc\Anthology"
"Bread","Best Of Bread","4","18","22.2%","3","David Gates; James Griffith, Robb Royer; Jamie Gyllenhaal, Robb Royer","MULTIPLE_ARTISTS, LOW_EXTRACTION_RATE","True","C:\Work\AWSMusic\ProcessedSongs\Bread\Best Of Bread"
"Bob Seger","The New Best Of Bob Seger","5","11","45.5%","2","Bob Seger; Unknown Artist","MULTIPLE_ARTISTS, LOW_EXTRACTION_RATE","True","C:\Work\AWSMusic\ProcessedSongs\Bob Seger\The New Best Of Bob Seger"
"Eagles","Made Easy For Guitar","6","15","40%","1","Unknown Artist","ARTIST_MISMATCH, LOW_EXTRACTION_RATE","True","C:\Work\AWSMusic\ProcessedSongs\Eagles\Made Easy For Guitar"
"Doors","Anthology","6","20","30%","3","(the Doors); The Doors; Unknown Artist","MULTIPLE_ARTISTS, LOW_EXTRACTION_RATE","True","C:\Work\AWSMusic\ProcessedSongs\Doors\Anthology"
"Doors","Songbook","6","0","N/A","3","The Doors; The Drifters; Unknown Artist","MULTIPLE_ARTISTS","True","C:\Work\AWSMusic\ProcessedSongs\Doors\Songbook"
"Bonnie Tyler","Hot Songs","7","7","100%","5","Clyde Otis, Brook Benton And Luchi De Jesus; J.c. Fogerty; Jim Steinman; Ronnie Scott And Steve Wolfe; Words By Dean Pitchford, Music By Jim Steinman","MULTIPLE_ARTISTS","True","C:\Work\AWSMusic\ProcessedSongs\Bonnie Tyler\Hot Songs"
"Elo","A New World Record","7","9","77.8%","1","Jeff Lynne","ARTIST_MISMATCH, LOW_EXTRACTION_RATE","True","C:\Work\AWSMusic\ProcessedSongs\Elo\A New World Record"
"Creedence Clearwater Revival","Ultimate Minus One","7","7","100%","4","J. C. Fogerty; J.c. Fogerty; N. Whitfield, B. Strong; Unknown Artist","MULTIPLE_ARTISTS","True","C:\Work\AWSMusic\ProcessedSongs\Creedence Clearwater Revival\Ultimate Minus One"
"Beatles","Anthology 3 (page 01 - 36)","8","26","30.8%","3","John Lennon And Paul Mccartney; Paul Mccartney; Unknown Artist","MULTIPLE_ARTISTS, LOW_EXTRACTION_RATE","True","C:\Work\AWSMusic\ProcessedSongs\Beatles\Anthology 3 (page 01 - 36)"
"Bruce Springsteen","Born To Run","8","8","100%","2","Bruce Springsteen; Unknown Artist","MULTIPLE_ARTISTS","True","C:\Work\AWSMusic\ProcessedSongs\Bruce Springsteen\Born To Run"
"Carole King","Keyboard Play-along Vol 22","8","8","100%","5","Carole King; Carole King And David Palmer; Carole King And Toni Stern; Gerry Goffin, Carole King And Jerry Wexler; The Song Credits Gerry Goffin And Carole King As The Writers Of The Words And Music","MULTIPLE_ARTISTS","True","C:\Work\AWSMusic\ProcessedSongs\Carole King\Keyboard Play-along Vol 22"
"Creedence Clearwater Revival","8 Pcs Book","8","0","N/A","6","John C. Fogerty; John Corigliano; John Crissinger; John D. Loudermilk; John Fogerty; Unknown Artist","MULTIPLE_ARTISTS","True","C:\Work\AWSMusic\ProcessedSongs\Creedence Clearwater Revival\8 Pcs Book"
"Bob Dylan","Saved","8","8","100%","2","Bob Dylan; Bob Dylan And Tim Drummond","MULTIPLE_ARTISTS","True","C:\Work\AWSMusic\ProcessedSongs\Bob Dylan\Saved"
"Doobie Brothers","Songs","9","0","N/A","6","Doobie Brothers; James Seals And Dash Crofts; Michael Mcdonald And Robert Gerry Brown Jr; Patricia Simmons; Patrick Simmons; Tom Johnston","MULTIPLE_ARTISTS","True","C:\Work\AWSMusic\ProcessedSongs\Doobie Brothers\Songs"
"Beatles","Anthology 2 (page 01 - 40)","9","26","34.6%","3","Based On The Information Provided, There Is No Clear Artist Name Listed, But The Song Title; John Lennon And Paul Mccartney; Unknown Artist","MULTIPLE_ARTISTS, LOW_EXTRACTION_RATE","True","C:\Work\AWSMusic\ProcessedSongs\Beatles\Anthology 2 (page 01 - 40)"
"Bob Dylan","Desire","9","0","N/A","2","Bob Dylan; Bob Dylan And Jacques Levy","MULTIPLE_ARTISTS","True","C:\Work\AWSMusic\ProcessedSongs\Bob Dylan\Desire"
"Billy Ocean","The Best Of","10","10","100%","9","(no More Love On The Run); Barry J. Eastmond, Billy Ocean And Loudon Wainwright Iii; Keith Diamond And Billy Symes; Keith Diamond, Robert John; Robert John Lange And Billy Ocean; Teddy Riley, Robert John; The Image Does Not Provide An Artist Name; Unknown Artist; Wayne Bradshaw, Bobby Caldwell, Burt Bacharach","MULTIPLE_ARTISTS","True","C:\Work\AWSMusic\ProcessedSongs\Billy Ocean\The Best Of"
"Eagles","Greatest Hits","10","10","100%","7","Bernie Leadon And Don Henley; Don Henley And Glenn Frey; Don Henley, Glenn Frey And Randy Meisner; Jack Tempchin; Jack Tempchin And Ricki Strandlund; Jackson Browne And Glenn Frey; The Song Credits List Don Henley, Glenn Frey, And John David Souther As The Writers, Suggesting This Is A Song By The Band The Eagles","MULTIPLE_ARTISTS","True","C:\Work\AWSMusic\ProcessedSongs\Eagles\Greatest Hits"
"Elton John","A Single Man","10","11","90.9%","4","Elton John & Gary Osborn; Elton John & Gary Osborne; Elton John & Kiki Dee; Elton John","MULTIPLE_ARTISTS","True","C:\Work\AWSMusic\ProcessedSongs\Elton John\A Single Man"
"Eagles","Greatest Hits (1971-1975)","10","10","100%","7","Bernie Leadon And Don Henley; Don Henley And Glenn Frey; Don Henley, Glenn Frey And Randy Meisner; Jack Tempchin; Jack Tempchin And Ricki Strandlund; Jackson Browne And Glenn Frey; The Song Credits List Don Henley, Glenn Frey, And John David Souther As The Writers, Suggesting This Is A Song By The Band The Eagles","MULTIPLE_ARTISTS","True","C:\Work\AWSMusic\ProcessedSongs\Eagles\Greatest Hits (1971-1975)"
"Billy Joel","Billy Joel Greatest Hits Vols 1 And 2-(0001)","11","0","N/A","2","Billy Joel; Billy Joel, Arr. Robert Wells, Orian Fahlstrom","MULTIPLE_ARTISTS","True","C:\Work\AWSMusic\ProcessedSongs\Billy Joel\Billy Joel Greatest Hits Vols 1 And 2-(0001)"
"Carole King","You're The Voice","11","0","N/A","5","Carole King; Carole King And Toni Stern; Carole King, Gerry Goffin And Jerry Wexler; Gerry Goffin And Carole King; Howard Greenfield And Carole King","MULTIPLE_ARTISTS","True","C:\Work\AWSMusic\ProcessedSongs\Carole King\You're The Voice"
"Billy Joel","Billy Joel Greatest Hits Vols 1 And 2","11","0","N/A","2","Billy Joel; Billy Joel, Arr. Robert Wells, Orian Fahlstrom","MULTIPLE_ARTISTS","True","C:\Work\AWSMusic\ProcessedSongs\Billy Joel\Billy Joel Greatest Hits Vols 1 And 2"
"Carpenters","Note For Note","11","12","91.7%","11","Barry Devorzon And Perry Botkin, Jr; Carole King And Toni Stern; From The Motion Picture Lovers And Other Strangers Words By Robb Wilson And James Griffin Music By Fred Karlin; John Betts And Richard Carpenter; Leon Russell And Bonnie Bramlett; Lyrics By Hal David, Music By Burt Bacharach; Lyrics By Paul Williams, Music By Roger Nichols; Richard Carpenter And John Bettis; Robert Bateman, Georgia Dobbins, William Garrett, Freddie Gorman, Brian Holland; Roger Nichols And Paul Williams; Words By Peter Udell, Music By Gary Geld","MULTIPLE_ARTISTS","True","C:\Work\AWSMusic\ProcessedSongs\Carpenters\Note For Note"
"Beatles","Live At The Hollywood Bowl (2)","12","12","100%","2","The Image Does Not Explicitly State The Artist Name, But Based On The Famous Song Title; Unknown Artist","MULTIPLE_ARTISTS","True","C:\Work\AWSMusic\ProcessedSongs\Beatles\Live At The Hollywood Bowl (2)"
"America","Greatest Hits","12","13","92.3%","7","Dan Peek; David Burchfield; Dewey Bunnell; Dewey Runnell; Gerry Beckley; Gerry Rafferty; Unknown Artist","MULTIPLE_ARTISTS","True","C:\Work\AWSMusic\ProcessedSongs\America\Greatest Hits"
"Carole King","Tapestry","12","12","100%","4","Carole King; Gerry Goffin And Carole King; The Song Is Written By Gerry Goffin, Carole King, And Jerry Wexler Based On The Credits Shown At The Top Of The Sheet Music; Unknown Artist","MULTIPLE_ARTISTS","True","C:\Work\AWSMusic\ProcessedSongs\Carole King\Tapestry"
"Eagles","The Best Of The Eagles - Songbook","12","0","N/A","10","Bernie Leadon And Don Henley; Don Henley And Glenn Frey; Don Henley, Glenn Frey And Don Felder; Don Henley, Glenn Frey And John David Souther; Don Henley, Glenn Frey, Bob Seger And J.d. Souther; Jack Tempchin; Jackson Browne And Glenn Frey; Randy Meisner, Don Henley And Glenn Frey; The Artist Names Are Not Clearly Displayed, But The Image Shows Sheet Music For The Song; The Song Credits List Don Henley And Glenn Frey As The Writers, Suggesting This Is A Song By The Band The Eagles","MULTIPLE_ARTISTS","True","C:\Work\AWSMusic\ProcessedSongs\Eagles\The Best Of The Eagles - Songbook"
"Blues Brothers","Complete","12","14","85.7%","12","A.m. Brunner; Bert Berns, Solomon Burke, Jerry Wexler; Cab Calloway, Irving Mills, Clarence Gaskill; Charles S. Calhoun, Lou Willie Turner; Clio Hayes, Andre Williams, Verlie Rice; Henry Mancini; Homer Banks, Bettye Jean Barnes; Robert Johnson; S.winwood, M.winwood, S.davis; T. Jones, Booker, Steve Cropper, Earl Jackson, Lewis Steinberg; T. Malie Y. Keller; T. Wilbur, A. Franklin","MULTIPLE_ARTISTS","True","C:\Work\AWSMusic\ProcessedSongs\Blues Brothers\Complete"
"Beatles","Live At The Hollywood Bowl","12","12","100%","2","The Image Does Not Explicitly State The Artist Name, But Based On The Famous Song Title; Unknown Artist","MULTIPLE_ARTISTS","True","C:\Work\AWSMusic\ProcessedSongs\Beatles\Live At The Hollywood Bowl"
"Carole King","Bradley's Best Of The Best (organ)","13","13","100%","7","Carole Bayer Sager; Carole King; Gerry Coffin And Carole King; Gerry Goffin And Carole King; Toni Stern (lyrics), Carole King (music); Toni Stern, Carole King; Unknown Artist","MULTIPLE_ARTISTS","True","C:\Work\AWSMusic\ProcessedSongs\Carole King\Bradley's Best Of The Best (organ)"
"Billy Joel","Best Of Piano Solos","13","19","68.4%","1","Billy Joel","LOW_EXTRACTION_RATE","True","C:\Work\AWSMusic\ProcessedSongs\Billy Joel\Best Of Piano Solos"
"Bruce Springsteen","Greatest Hits","13","0","N/A","1","Unknown Artist","ARTIST_MISMATCH","True","C:\Work\AWSMusic\ProcessedSongs\Bruce Springsteen\Greatest Hits"
"Ben Folds","Songs For Silverman","13","0","N/A","3","Ben Folds; Bill Deegan; Unknown Artist","MULTIPLE_ARTISTS","True","C:\Work\AWSMusic\ProcessedSongs\Ben Folds\Songs For Silverman"
"Bob Dylan","Blonde On Blonde","13","13","100%","2","Bob Dylan; Unknown Artist","MULTIPLE_ARTISTS","True","C:\Work\AWSMusic\ProcessedSongs\Bob Dylan\Blonde On Blonde"
"Ben Folds","Songs For The Silverman","13","0","N/A","3","Ben Folds; Bill Deegan; Unknown Artist","MULTIPLE_ARTISTS","True","C:\Work\AWSMusic\ProcessedSongs\Ben Folds\Songs For The Silverman"
"Bob Seger","Greatest Hits","14","0","N/A","3","Bob Seger; Chuck Berry; George Jackson And Thomas Earl Jones","MULTIPLE_ARTISTS","True","C:\Work\AWSMusic\ProcessedSongs\Bob Seger\Greatest Hits"
"Beatles","Revolver (2)","14","14","100%","5","George Harrison; The Image Does Not Explicitly State The Artist Name, But Based On The Song Title, It Appears To Be A Composition By The Beatles (written By Paul Mccartney And John Lennon); The Song Credits List John Lennon & Paul Mccartney As The Writers, Suggesting This Is A Song By The Beatles; Unknown Artist; Words & Music By John Lennon & Paul Mccartney","MULTIPLE_ARTISTS","True","C:\Work\AWSMusic\ProcessedSongs\Beatles\Revolver (2)"
"Beatles","Rubber Soul","14","0","N/A","4","John Lennon & Paul Mccartney; The Beatles; Unknown Artist; Words & Music By John Lennon And Paul Mccartney","MULTIPLE_ARTISTS","True","C:\Work\AWSMusic\ProcessedSongs\Beatles\Rubber Soul"
"Beatles","Revolver","14","14","100%","2","George Harrison; John Lennon And Paul Mccartney","MULTIPLE_ARTISTS","True","C:\Work\AWSMusic\ProcessedSongs\Beatles\Revolver"
"Bob Dylan","Finger Picking","14","0","N/A","3","Bob Dylan; Jerry Willard; Unknown Artist","MULTIPLE_ARTISTS","True","C:\Work\AWSMusic\ProcessedSongs\Bob Dylan\Finger Picking"
"Aerosmith","Greatest Hits (songbook)","15","15","100%","13","Desmond Child And Steven Tyler; George Morton; Joe Perry; John Lennon And Paul Mccartney; Richard Supa; Steve Tyler And Joe Perry; Steven Tyler; Steven Tyler And Brad Whitford; Steven Tyler And Joe Perry; Steven Tyler And Tom Hamilton; Steven Tyler, Joe Perry And Desmond Child; Steven Tyler, Joe Perry, Brad Whitford, Tom Hamilton And Joey Kramer; The Image Does Not Clearly Show The Artist Name, But It Lists The Songwriters As Tom Hamilton, Joey Kramer, Steven Tyler, Brad Whitford, And Jack Douglas","MULTIPLE_ARTISTS","True","C:\Work\AWSMusic\ProcessedSongs\Aerosmith\Greatest Hits (songbook)"
"Burt Bacharach","Bacharach Collection","15","15","100%","6","Burt Bacharach; Hal David (lyrics), Jim Weatherly (music); Hal David And Burt Bacharach; Hal David, Burt Bacharach; Hal David, Music By Burt Bacharach; Unknown Artist","MULTIPLE_ARTISTS","True","C:\Work\AWSMusic\ProcessedSongs\Burt Bacharach\Bacharach Collection"
"Beatles","Abbey Road","17","17","100%","9","George Harrison; John Lennon & Paul Mccartney; Ringo Starr; The Image Does Not Explicitly State The Artist Name, But Based On The Copyright Information At The Top Mentioning; The Image Does Not Explicitly State The Artist Name, But The Copyright Line Mentions; The Lyrics Mention; The Song Appears To Be By The Beatles, Based On The Copyright Information At The Top Which Mentions; Unknown Artist; Words & Music By John Lennon & Paul Mccartney","MULTIPLE_ARTISTS","True","C:\Work\AWSMusic\ProcessedSongs\Beatles\Abbey Road"
"Beatles","Abbey Road Guitar Recorded Version","18","0","N/A","4","George Harrison; John Lennon And Paul Mccartney; Richard Starkey; Unknown Artist","MULTIPLE_ARTISTS","True","C:\Work\AWSMusic\ProcessedSongs\Beatles\Abbey Road Guitar Recorded Version"
"Beatles","Anthology 1","18","20","90%","6","George Harrison & John Lennon; John Lennon & Paul Mccartney; Norman Petty, Buddy Holly & Jerry Allison; Paul Mccartney & George Harrison; Paul Mccartney; Traditional","MULTIPLE_ARTISTS","True","C:\Work\AWSMusic\ProcessedSongs\Beatles\Anthology 1"
"Bon Jovi","Best Of Bon Jovi","19","22","86.4%","12","(no Clear Artist Name Provided); J. Ben Joli; J. Ben Jory & D. Rauhosum; J. Ben Jovi; J. Bon Jovi & D. Kozak; J. Bon Jovi & R. Sambora; J. Bon Jovi; J. Ron Jovi & R. Sambora; Jon Bon Jovi, Richie Sambora And Desmond Child; Mark Aresco; The Image Does Not Clearly Show An Artist Name, But It Appears To Be The First Page Of A Song Titled; Unknown Artist","MULTIPLE_ARTISTS","True","C:\Work\AWSMusic\ProcessedSongs\Bon Jovi\Best Of Bon Jovi"
"Carole King","The New Best Of Carole King","19","19","100%","8","Carole King; Carole King And Howard Greenfield; Carole King And Toni Stern; David Palmer And Carole King; Gerry Goffin & Carole King; Gerry Goffin And Carole King; The Song Credits List Gerry Goffin, Carole King, And Jerry Wexler As The Writers, But Do Not Explicitly Name The Artist; Unknown Artist","MULTIPLE_ARTISTS","True","C:\Work\AWSMusic\ProcessedSongs\Carole King\The New Best Of Carole King"
"Creedence Clearwater Revival","Guitar Anthology","20","0","N/A","5","D. Hawkins, S.j Lewis And E. Broadwater; J.c. Fogerty; J.g. Fogerty; Jay Hawkins; Norman Whitfield And Barrett Strong","MULTIPLE_ARTISTS","True","C:\Work\AWSMusic\ProcessedSongs\Creedence Clearwater Revival\Guitar Anthology"
"Creedence Clearwater Revival","Best Of","20","20","100%","6","J C Fogerty; J. C. Fogarty; J. C. Fogerty; J. C. Foggerty; J.c. Fogerty; John C. Fogerty","MULTIPLE_ARTISTS","True","C:\Work\AWSMusic\ProcessedSongs\Creedence Clearwater Revival\Best Of"
"Carole King","Classics","21","35","60%","9","(words And Music By Gerry Goffin And Carole King); Carole Bayer Sager And Toni Stern; Carole King; Carole King And Howard Greenfield; Carole King And Tom Stern; David Palmer And Carole King; Gerry Goffin & Carole King; Gerry Goffin And Carole King; Unknown Artist","MULTIPLE_ARTISTS, LOW_EXTRACTION_RATE","True","C:\Work\AWSMusic\ProcessedSongs\Carole King\Classics"
"Carpenters","Love Songs","22","22","100%","19","Edward Heyman (words), Victor Young (music); Gary Geld; Hal David (words), Burt Bacharach (music); John Bettis (lyrics), Richard Carpenter (music); John Bettis, Richard Carpenter; Johnny Wilson And Bob Morrison; Larry Herbstritt, Stephen H. Dorff, Gloria Sklerov And Harry Lloyd; Leon Russell; Leon Russell And Bonnie Bramlett; Neil Sedaka And Phil Cody; Parker Mcgee; Paul Williams (words By), Roger Nichols (music By); Paul Williams (words), Roger Nichols (music); Richard Carpenter; Richard Carpenter, Albert Hammond And John Bettis; Robb Wilson And James Griffin, Music By Fred Karlin; Roger Nichols; Steve Eaton; Steve Ferguson","MULTIPLE_ARTISTS","True","C:\Work\AWSMusic\ProcessedSongs\Carpenters\Love Songs"
"Cream","Cream Complete","25","26","96.2%","14","Gene Raskin Mike Taylor; George Baker; George Harrison; Ginger Baker; Jack Bruce; Jack Bruce And Pete Brown; Jack Bruce And Peter Brown; Jack Bruce, Peter Brown, And Eric Clapton; Jack Strachey; Milt Gabler And Clarence Gaskill; Nebedeiah; Pete Brown; S. Coleridge; Unknown Artist","MULTIPLE_ARTISTS","True","C:\Work\AWSMusic\ProcessedSongs\Cream\Cream Complete"
"Beatles","Anthology 1 (113 Pages)","26","27","96.3%","8","Beatles Version By Paul Mccartney, George Harrison And Ringo Starr; Bert Russell And Phil Medley; Jerry Leiber And Mike Stoller; John Lennon; John Lennon And Paul Mccartney; Paul Mccartney And George Harrison; Unknown Artist; William","MULTIPLE_ARTISTS","True","C:\Work\AWSMusic\ProcessedSongs\Beatles\Anthology 1 (113 Pages)"
"Buddy Holly","Golden Anniversary Songbook","27","28","96.4%","19","(words And Music By Sunny West, Brian Wilson, Gary Usher); Bob Montgomery And Norman Petty; Buddy Holly; Buddy Holly And Norman Petty; Charles Hardin And Norman Petty; Joe Mauldin And Joni Harms; Johnny Wilson, Roy Orbison And Michael Petty; Norman Petty; Norman Petty And Buddy Holly; Norman Petty And Charles E. Calhoun; Norman Petty And Charles Hardin; Norman Petty, Buddy Holly And Jerry Allison; Roy Orbison; Sonny Le Blanc, Rodney Linsley And Norman Petty; Sunny West, Bill Tilghman And Norman Petty; Susan Heather And Shelly Holm; The Artist Names Are Not Clearly Displayed, But The Composers Listed Are Norman Petty, Buddy Holly, Jerry Allison, And Joe Mauldin; The Image Does Not Clearly Show The Artist Name, But It Displays The Song Title; Unknown Artist","MULTIPLE_ARTISTS","True","C:\Work\AWSMusic\ProcessedSongs\Buddy Holly\Golden Anniversary Songbook"
"Burt Bacharach","Anthology","33","40","82.5%","13","Bud Powell; Burt Bacharach; Carole Bayer Sager And Burt Bacharach; Carole Bayer Sager And Peter Bachrich; Carole Bayer Sager, Burt Bacharach And Bruce Roberts; From; From The Broadway Musical; Hal David (words By), Burt Bacharach (music By); Hal David (words), Burt Bacharach (music); Hal David, Burt Bacharach; Neil Diamond And Carole Bayer Sager; Unknown Artist; Words By Hal David, Music By Burt Bacharach","MULTIPLE_ARTISTS","True","C:\Work\AWSMusic\ProcessedSongs\Burt Bacharach\Anthology"
"Beatles","Beatlemania 1963-1966","33","56","58.9%","7","John Lennon And Paul Mccartney; John Lennon, Paul Mccartney; Paul Mccartney; The Image Does Not Explicitly State The Artist Name, But Based On The Copyright Information At The Bottom, This Appears To Be Sheet Music For The Song; The Lyrics Mention; The Song Does Not Appear To Have An Artist Name Listed On This Page; Unknown Artist","MULTIPLE_ARTISTS, LOW_EXTRACTION_RATE","True","C:\Work\AWSMusic\ProcessedSongs\Beatles\Beatlemania 1963-1966"
"Carole King","Classics (3)","34","35","97.1%","12","(words And Music By Gerry Goffin And Carole King); Carole Bayer Sager And Toni Stern; Carole King; Carole King And Howard Greenfield; Carole King And Rick Evers; Carole King And Tom Stern; David Palmer And Carole King; Gerry Goffin & Carole King; Gerry Goffin And Carole King; Gerry Goffin, Carole King; Gerry Goffin, Carole King And Jerry Wexler; Unknown Artist","MULTIPLE_ARTISTS","True","C:\Work\AWSMusic\ProcessedSongs\Carole King\Classics (3)"
"Carole King","Classics (2)","34","35","97.1%","12","(words And Music By Gerry Goffin And Carole King); Carole Bayer Sager And Toni Stern; Carole King; Carole King And Howard Greenfield; Carole King And Rick Evers; Carole King And Tom Stern; David Palmer And Carole King; Gerry Goffin & Carole King; Gerry Goffin And Carole King; Gerry Goffin, Carole King; Gerry Goffin, Carole King And Jerry Wexler; Unknown Artist","MULTIPLE_ARTISTS","True","C:\Work\AWSMusic\ProcessedSongs\Carole King\Classics (2)"
"Cole Porter","The Very Best Of Cole Porter","38","38","100%","3","(from; Cole Porter; Unknown Artist","MULTIPLE_ARTISTS","True","C:\Work\AWSMusic\ProcessedSongs\Cole Porter\The Very Best Of Cole Porter"
"Burt Bacharach","40 Golden Songs Of","39","40","97.5%","23","(also Known As; Burt Bacharach; From Charles K. Feldman's; From The Broadway Musical; From The Cinema Center Film Production; Hal David (lyric By), Burt Bacharach (music By); Hal David (lyric), Burt Bacharach (music); Hal David, Music By Burt Bacharach; Lyric By Hal David, Music By Burt Bacharach; Lyrics By Hal David, Music By Burt Bacharach; The Image Does Not Explicitly State The Artist Name, But It Shows The Lyricist As Hal David And The Composer As Burt Bacharach; The Lyric Is By Hal David And The Music Is By Burt Bacharach, As Shown At The Top Of The Sheet Music; The Lyric Is By Hal David And The Music Is By Burt Bacharach, Though The Artist Performing This Particular Arrangement Is Not Explicitly Stated; The Lyrics Are By Hal David And The Music Is By Burt Bacharach Based On The Credits Shown At The Top Of The Sheet Music; The Lyrics Are By Hal David And The Music Is By Burt Bacharach Based On The Credits Shown On The Sheet Music; The Lyrics Are By Hal David And The Music Is By Burt Bacharach Based On The Information Provided On The Sheet Music; The Lyrics Are By Hal David And The Music Is By Burt Bacharach, As Indicated At The Top Of The Sheet Music; The Lyrics Are By Hal David And The Music Is By Burt Bacharach, As Shown At The Top Of The Sheet Music; The Lyrics Are By Hal David And The Music Is By Burt Bacharach, But No Specific Artist Is Listed For This Arrangement; The Music Is By Hal David (lyric) And Burt Bacharach (music), Inspired By The Paramount Picture; The Song Credits List The Lyricist As Hal David And The Composer As Burt Bacharach, But There Is No Explicit Artist Name Given On This Sheet Music; The Song Does Not Appear To Credit A Specific Artist, But It Mentions Being Inspired By The Paramount Picture; Unknown Artist","MULTIPLE_ARTISTS","True","C:\Work\AWSMusic\ProcessedSongs\Burt Bacharach\40 Golden Songs Of"
"Carpenters","Anthology","43","43","100%","26","Arthur Kent; Barry Devorzon And Perry Botkin, Jr; Carpenters; Chris Christian And Brian Porter; From Sesame Street; Jetha Young; John Bettis And Richard Carpenter; John Lennon And Paul Mccartney; John Woolschluk And Terry Draper; Les Reed And Geoff Stephens; Mariette Boros Nitra; Marvin Gaye, William Stevenson And George Gordy; Music By Wayne King And Words By Gus Kahn; Neil Sedaka And Phil Cody; Paul Williams And Roger Nichols; Peter Udell; Richard Carpenter And John Bettis; Richard Carpenter, John Bettis And Albert Hammond; Robert Bateman, Georgia Dobbins, William Garrett, Freddie Gorman, Brian Holland, Eddie Bryant; Rod Morrison; Roger Nichols, Paul Williams; Terry Carisse, H. Wallace And Ken Bell; The Artist Names Are Not Clearly Displayed, But The Composers Are Listed As Richard Carpenter And Frank Pooler; The Lyrics Are By Hal David And The Music Is By Burt Bacharach, But No Specific Artist Is Listed; Unknown Artist; Words By Edward Heyman, Music By Victor Young","MULTIPLE_ARTISTS","True","C:\Work\AWSMusic\ProcessedSongs\Carpenters\Anthology"
"Bob Dylan","Anthology","45","46","97.8%","10","(words And Music Is Folk Tune); Bob Dylan & Robert Hunter; Bob Dylan; Bob Dylon; Ron Dylan; Roy Dean; The Image Does Not Provide An Artist Name, But The Song Title; The Image Does Not Provide The Artist Name; Unknown Artist; Written And Music By Bob Dylan","MULTIPLE_ARTISTS","True","C:\Work\AWSMusic\ProcessedSongs\Bob Dylan\Anthology"
"Bob Dylan","Anthology 1","45","46","97.8%","10","(words And Music Is Folk Tune); Bob Dylan & Robert Hunter; Bob Dylan; Bob Dylon; Ron Dylan; Roy Dean; The Image Does Not Provide An Artist Name, But The Song Title; The Image Does Not Provide The Artist Name; Unknown Artist; Written And Music By Bob Dylan","MULTIPLE_ARTISTS","True","C:\Work\AWSMusic\ProcessedSongs\Bob Dylan\Anthology 1"
"Bob Dylan","Songbook","46","0","N/A","3","( Bob Dylan ); (bob Dylan); Bob Dylan","MULTIPLE_ARTISTS","True","C:\Work\AWSMusic\ProcessedSongs\Bob Dylan\Songbook"
"Bob Dylan","Collection","46","0","N/A","10","(words And Music Is Folk Tune); Bob Dylan & Robert Hunter; Bob Dylan; Bob Dylon; Ron Dylan; Roy Dean; The Image Does Not Provide An Artist Name, But The Song Title; The Image Does Not Provide The Artist Name; Unknown Artist; Written And Music By Bob Dylan","MULTIPLE_ARTISTS","True","C:\Work\AWSMusic\ProcessedSongs\Bob Dylan\Collection"
"Billy Joel","Complete Vol 1","47","47","100%","3","Bill Veeck; Billy Joel; Unknown Artist","MULTIPLE_ARTISTS","True","C:\Work\AWSMusic\ProcessedSongs\Billy Joel\Complete Vol 1"
"Billy Joel","Complete Vol 2","48","49","98%","6","Bill Wolfe; Billy Carr; Billy Joel; Billy Vera; Billy Zane; Unknown Artist","MULTIPLE_ARTISTS","True","C:\Work\AWSMusic\ProcessedSongs\Billy Joel\Complete Vol 2"
"Beatles","100 Hits For All Keyboards","48","50","96%","14","(words & Music By John Lennon & Paul Mccartney); John Lennon & Paul Mccartney; John Lennon, Paul Mccartney; Paul Mccartney; The Image Does Not Explicitly State The Artist Name, But Based On The Iconic Song Title; The Image Does Not Explicitly State The Artist Name, But Based On The Song Title; The Image Does Not Explicitly State The Artist Name, But Based On The Song Title, This Appears To Be Sheet Music For The Song; The Image Does Not Provide The Artist Name; The Lyrics Mention; The Song Credits List The Writers As John Lennon & Paul Mccartney, Suggesting This Is A Song By The Famous Band The Beatles; Unknown Artist; Words & Music By George Harrison; Words & Music By John Lennon & Paul Mccartney; Words & Music By John Lennon And Paul Mccartney","MULTIPLE_ARTISTS","True","C:\Work\AWSMusic\ProcessedSongs\Beatles\100 Hits For All Keyboards"
"Bob Dylan","Anthology 2","50","50","100%","5","Bob Duffel; Bob Dylan; The Image Does Not Provide The Artist Name, But Based On The Song Title Displayed Prominently At The Top, This Appears To Be The First Page Of The Song; Unknown Artist; Words By Bob Dylan, Music By Rick Danko","MULTIPLE_ARTISTS","True","C:\Work\AWSMusic\ProcessedSongs\Bob Dylan\Anthology 2"
"Eagles","New Eagles Complete","67","0","N/A","54","Bernie Leadon & Don Henley; Bernie Leadon; Bernie Leadon, Don Henley & Glenn Frey; Bernie Leadon, Tom Leadon, Don Henley & Glenn Frey; David Blue; Don Felder, Don Henley, John David Souther And Glenn Frey; Don Henley & Don Henley; Don Henley & Glenn Frey; Don Henley & Stan Lynch; Don Henley And Glenn Frey; Don Henley, Danny Kortchmar And Jai Winding; Don Henley, Glenn Frey & John David Souther; Don Henley, Glenn Frey And Don Felder; Don Henley, Glenn Frey And J.d. Souther; Don Henley, Glenn Frey And Joe Walsh; Don Henley, Glenn Frey And Timothy B. Schmit; Don Henley, Glenn Frey And Tom Nixon; Don Henley, Glenn Frey, Bob Seger And J.d. Souther; Gene Clark & Bernie Leadon; Glenn Frey & Don Henley; Glenn Frey; Glenn Frey, John David Souther, Don Henley & Jackson Browne; Glennis Frey And Jack Tempchin; Jack Erjavec & Rob Strandlund; Jackson Browne & Glenn Frey; Jackson Browne; Jackson Browne, John David Souther, Don Henley & Glenn Frey; Jim Capaldi, Peter Vale And Paul Carrack; Joe Walsh; Joe Walsh And Barry Gibb; Joe Walsh And Joe Vitale; John David Souther & Don Henley; John David Souther, Glenn Frey, John David Browne, Don Henley & J.d. Souther; John Henley & Glenn Frey; John Henry Caufield; Jonathan Frey, Joe Walsh And J.d. Souther; Josh Ringle & Chris Frey; M.k. Franklin; Music By Don Henley, Glenn Frey And Jim Ed Norman; Patti Davis & Bernie Leadon; Paul Kraft; Randy Bachman, Glenn Frey & Don Henley; Randy Meisner & Don Felder; Randy Webber; Randy Webber, Don Henley, Glenn Frey & Bernie Leadon; Randy Wiesner; Randy Wisher & Serene Leaon; Sandy Mesner; Sandy Posey; Steve Young; The Image Does Not Clearly Show The Artist Name, But Based On The Song Title And Music Notation, This Appears To Be The First Page Of The Song; Tom Waits; Townes Van Zandt, Don Henley & Glenn Frey; Unknown Artist","MULTIPLE_ARTISTS","True","C:\Work\AWSMusic\ProcessedSongs\Eagles\New Eagles Complete"
"Billy Joel","My Lives","72","72","100%","19","Arranged By Richard Hyung; Billy Joel; Billy Joel, Vinny Caruana And Tony Michaels; Billy Rose; Billy Yates; Bob Dylan; Brian Wilson And Roger Christian; Carole King And Gerry Goffin; Duke Ellington, Irving Mills And Manny Kurtz; From Walt Disney's Oliver & Company; John Lennon And Paul Mccartney; Leonard Cohen; Mae Boren Axton, Tommy Durden And Elvis Presley; O'kelly Isley, Ronald Isley And Rudolph Isley; Otis Blackwell And Elvis Presley; Rick Joli; Unknown Artist; William Joel (written By), Richard Hyung; Words By Ned Washington, Music By Leigh Harline","MULTIPLE_ARTISTS","True","C:\Work\AWSMusic\ProcessedSongs\Billy Joel\My Lives"
"Beatles","Essential Songs","96","0","N/A","6","Bert Russell And Phil Medley; Buddy Holly; George Harrison; John Lennon And Paul Mccartney; The Image Does Not Explicitly State The Artist Name, But Based On The Song Title, It Appears To Be A Composition By John Lennon And Paul Mccartney Of The Beatles; Unknown Artist","MULTIPLE_ARTISTS","True","C:\Work\AWSMusic\ProcessedSongs\Beatles\Essential Songs"
"Burl Ives","Song Book","107","0","N/A","25","(a Scottish Ballad, Found In Earliest Text In 1737, Of The Tragic Ballad Type That Came To America About 1750. Very Free In Delivery); (a Traditional Folk Song For Children In The English Language. It First Occurs In A Scottish Manuscript, 1680.; (an Early Ballad From A Song; (an English Ballad Called; (based On The Image, The Artist Is Not Explicitly Stated, But It Mentions; (based On The Negro Dialect Song; (folk Version Of Comic Song Of The Early 18th Century); (of Irish And English Origin, This Version Is From Our Archives, Where Irish Immigrants Worked As Day Laborers); (traditional Miniature Dialogue Song); (traditional); Based On The Tune Source Of Killaloe, A 14th Century Irish Song (1470s); Charles Dibdin; Dr. Boyce; Francis Hopkinson Of Philadelphia (1737; Samuel Woodworth, Composer Of; The British Professional Soldier Was Much In Evidence During The Wars Of The Colonial Period, Captain Miles Standish And Captain John Smith Were Two Soldiers Of Fortune; The Lyrics Mention; This Scottish Ballad Came Over With 7,000 Followers Of Bonnie Prince Charlie Setting A Scots Tradition After His Defeat In 1745; This Song Was Taught Me By Uncle Mose, A Mississippi Plantation Worker, When I Was Five; This Song, First Appearing In A 1915 Play By Thomas Heyward; Traditional Mountain Song; Traditional Scottish Ballad, Additional Verse By Marjorie Kelman; Traditional Southern And Midwestern United States; Unknown Artist; White Spiritual About 1800","MULTIPLE_ARTISTS","True","C:\Work\AWSMusic\ProcessedSongs\Burl Ives\Song Book"
"Beatles","Songbook","194","0","N/A","14","Arranged John Lennon, Paul Mccartney, George Harrison And Richard Starkey; George Gershwin; George Harrison; John Lemon And Paul Mccartney; John Lennon; John Lennon And Paul Mccartney; John Lennon, Paul Mccartney And Richard Starkey; John Lennon, Paul Mccartney, George Harrison And Richard Starkey; John Linman And Paul Mccartney; John Lyman And Paul Mccarthy; Paul Lincke And Paul Mercadier; Paul Mccartney; Roger Starr; Unknown Artist","MULTIPLE_ARTISTS","True","C:\Work\AWSMusic\ProcessedSongs\Beatles\Songbook"
"Beatles","Anthology","199","0","N/A","14","Arranged John Lennon, Paul Mccartney, George Harrison And Richard Starkey; George Gershwin; George Harrison; John Lemon And Paul Mccartney; John Lennon; John Lennon And Paul Mccartney; John Lennon, Paul Mccartney And Richard Starkey; John Lennon, Paul Mccartney, George Harrison And Richard Starkey; John Linman And Paul Mccartney; John Lyman And Paul Mccarthy; Paul Lincke And Paul Mercadier; Paul Mccartney; Roger Starr; Unknown Artist","MULTIPLE_ARTISTS","True","C:\Work\AWSMusic\ProcessedSongs\Beatles\Anthology"
"Beatles","All Songs 1962-1974","199","0","N/A","14","Arranged John Lennon, Paul Mccartney, George Harrison And Richard Starkey; George Gershwin; George Harrison; John Lemon And Paul Mccartney; John Lennon; John Lennon And Paul Mccartney; John Lennon, Paul Mccartney And Richard Starkey; John Lennon, Paul Mccartney, George Harrison And Richard Starkey; John Linman And Paul Mccartney; John Lyman And Paul Mccarthy; Paul Lincke And Paul Mercadier; Paul Mccartney; Roger Starr; Unknown Artist","MULTIPLE_ARTISTS","True","C:\Work\AWSMusic\ProcessedSongs\Beatles\All Songs 1962-1974"
"Beatles","Complete Scores (2)","210","0","N/A","30","(words & Music By Ringo Starr Is Listed, Indicating Ringo Starr As The Artist); Arranged By John Lennon, Paul Mccartney, George Harrison & Richard Starkey; Arthur Alexander; Berry Gordy Junior & Janie Bradford; Buddy Holly; By John Lennon, Paul Mccartney, George Harrison And Richard Starkey; Carl Lee Perkins; Chuck Berry; George Harrison; Gerry Goffin & Carole King; Hal David, Burt Bacharach & Barney Williams; Jerry Leiber & Mike Stoller; John Lennon & Paul Mccartney; John Lennon And Paul Mccartney; John Lennon, Paul Mccartney; John Lennon, Paul Mccartney, George Harrison & Richard Starkey; Larry Williams; Luther Dixon & Wes Farrell; Meredith Willson; Ric Marlow, Music By Bobby Scott; Richard B. Drapkin; Ringo Starr; William Robinson; Words & Music By B. Holland & F.c. Gorman; Words & Music By Bert Russell & Phil Medley; Words & Music By Ernie Johnson, Richard Penniman & Robert Blackwell; Words & Music By John Lennon & Paul Mccartney; Words & Music By John Lennon, Paul Mccartney & Richard Starkey; Words & Music By Ray Lee Johnson; Words By Vance Morrison, Music By Johnny Russell","MULTIPLE_ARTISTS","True","C:\Work\AWSMusic\ProcessedSongs\Beatles\Complete Scores (2)"
"Beatles","Complete Scores","210","0","N/A","29","Arranged By John Lennon, Paul Mccartney, George Harrison & Richard Starkey; Arthur Alexander; Bert Russell & Phil Medley; Buddy Holly; By John Lennon, Paul Mccartney, George Harrison And Richard Starkey; Carl Lee Perkins; Chuck Berry; George Harrison; Gerry Goffin & Carole King; Hal David, Burt Bacharach & Barney Williams; Jerry Leiber & Mike Stoller; John Lennon & Paul Mccartney; John Lennon And Paul Mccartney; John Lennon, Paul Mccartney; John Lennon, Paul Mccartney, George Harrison & Richard Starkey; Larry Williams; Luther Dixon & Wes Ferrell; Meredith Willson; Richard B. Dopkin; Ringo Starr; William Robinson; Words & Music By B. Holland & R.c. Gorman; Words & Music By Berry Gordy Junior & Janie Bradford; Words & Music By Ernie Johnson, Richard Penniman & Robert Blackwell; Words & Music By John Lennon & Paul Mccartney; Words & Music By John Lennon, Paul Mccartney & Richard Starkey; Words & Music By Ray Lee Johnson; Words By Ric Marlow, Music By Bobby Scott; Words By Vance Morrison, Music By Johnny Russell","MULTIPLE_ARTISTS","True","C:\Work\AWSMusic\ProcessedSongs\Beatles\Complete Scores"
"Beatles","Fake Songbook (guitar)","250","0","N/A","58","(beatles); (from The White Album, 1968); (henner; (john Lennon And Paul Mccartney); (lennon; (no Clear Artist Name Given); (todd J Dert); Beatles; By The Beatles; Erik Palava & Jeremy Ball; George Harrison; J. W. Lennon; John Lennon & Paul Mccartney (beatles); John Lennon & Paul Mccartney; John Lennon & Paul Mccartney, The Beatles; John Lennon; John Lennon And Paul Mccartney; John Lennon And Paul Mccartney. Published By Northern Songs; John Lennon, Paul Mccartney; Julia Tab; Lennon & Mccartney; Lennon; Lennon And Mccartney (arr. By Noam Mohr); Lennon Mccartny; Lennon, Mccartney; Little Willie John, Titus Turner, And James Mcdougal; Madonna; Marc Hertzberg (history; Maurizio Codogno (maubeatles.cselt.stet.it); Paul Mccartney; Paul Zimmerman; Performed By; Peter Frampton & Ringo Starr; Richard Starkey; Scott; The Beatles (by John Lennon, Paul Mccartney, George Harrison, Ringo Starr); The Beatles (don't Know Who The Original Artist Is); The Beatles (george Harrison); The Beatles (john Lennon And Paul Mccartney); The Beatles (john Lennon); The Beatles (lennon And Mccartney); The Beatles (ringo); The Beatles; The Beatles And Eric Clapton; The Beatles [credited As Lennon; The Beatles [lennon & Mccartney]; The Image Does Not Explicitly State The Artist Name, But Based On The Iconic Song Title, It Appears To Be By The Beatles; The Image Does Not Provide The Artist Name, But This Appears To Be The Beginning Of The Song; The John Lennon; The Kinks; The Lyrics Mention; Unknown Artist; With The Beatles; Words & Music By Lennon; Words & Music; [define; [john Lennon; [unable To Determine Artist Name]","MULTIPLE_ARTISTS","True","C:\Work\AWSMusic\ProcessedSongs\Beatles\Fake Songbook (guitar)"
"Bob Dylan","Rock Score","6","6","100%","1","Bob Dylan","","False","C:\Work\AWSMusic\ProcessedSongs\Bob Dylan\Rock Score"
"Billy Joel","Rock Score","8","8","100%","1","Billy Joel","","False","C:\Work\AWSMusic\ProcessedSongs\Billy Joel\Rock Score"
"Bruce Springsteen","Lucky Town","9","10","90%","1","Bruce Springsteen","","False","C:\Work\AWSMusic\ProcessedSongs\Bruce Springsteen\Lucky Town"
"Billy Joel","52nd Street","9","9","100%","1","Billy Joel","","False","C:\Work\AWSMusic\ProcessedSongs\Billy Joel\52nd Street"
"Bob Dylan","Highway 61 Revisited","10","10","100%","1","Bob Dylan","","False","C:\Work\AWSMusic\ProcessedSongs\Bob Dylan\Highway 61 Revisited"
"Billy Joel","For Advanced Piano","11","12","91.7%","1","Billy Joel","","False","C:\Work\AWSMusic\ProcessedSongs\Billy Joel\For Advanced Piano"
"Billy Joel","Songs In The Attic","11","11","100%","1","Billy Joel","","False","C:\Work\AWSMusic\ProcessedSongs\Billy Joel\Songs In The Attic"
"Bruce Springsteen","Born In The Usa","13","13","100%","1","Bruce Springsteen","","False","C:\Work\AWSMusic\ProcessedSongs\Bruce Springsteen\Born In The Usa"
"Billy Joel","Greatest Hits Vol I And Ii","21","0","N/A","1","Billy Joel","","False","C:\Work\AWSMusic\ProcessedSongs\Billy Joel\Greatest Hits Vol I And Ii"
"Various Artists","Great Bands Of The 70s","21","N/A","N/A","20","Abba; Blondie; Bob Marley And The Wailers; Chicago; Dire Straits; Dr. Hook; Lynyrd Skynyrd; Roxy Music; Slade; Squeeze; Stealers Wheel; Steely Dan; T. Rex; The Bee Gees; The Pretenders; The Who; Thin Lizzy; Unknown Artist; Various Artists; Wings","","False","C:\Work\AWSMusic\ProcessedSongs\Various Artists\Great Bands Of The 70s"
