"Artist","BookName","SourcePath","HasFolder","HasPDFs","Status"
"ACDC","ACDC - Anthology","C:\Work\AWSMusic\SheetMusic\ACDC\Books\ACDC - Anthology.pdf","False","False","Missing"
"Adele","Adele - 19 [PVG Book]","C:\Work\AWSMusic\SheetMusic\Adele\Books\Adele - 19 [PVG Book].pdf","False","False","Missing"
"Aerosmith","Aerosmith - Greatest Hits (Songbook)","C:\Work\AWSMusic\SheetMusic\Aerosmith\Books\Aerosmith - Greatest Hits (Songbook).pdf","False","False","Missing"
"Allman Brothers","Allman Brothers - Allman Brothers Band [PVG]","C:\Work\AWSMusic\SheetMusic\Allman Brothers\Books\Allman Brothers - Allman Brothers Band [PVG].pdf","False","False","Missing"
"Allman Brothers","Allman Brothers - Band Best [Score]","C:\Work\AWSMusic\SheetMusic\Allman Brothers\Books\Allman Brothers - Band Best [Score].pdf","False","False","Missing"
"Allman Brothers","Allman Brothers - Best Of [PVG]","C:\Work\AWSMusic\SheetMusic\Allman Brothers\Books\Allman Brothers - Best Of [PVG].pdf","False","False","Missing"
"America","America - America [PVG Book]","C:\Work\AWSMusic\SheetMusic\America\Books\America - America [PVG Book].pdf","False","False","Missing"
"America","America - Greatest Hits [Book]","C:\Work\AWSMusic\SheetMusic\America\Books\America - Greatest Hits [Book] .pdf","True","False","Empty"
"America","America - Greatest Hits","C:\Work\AWSMusic\SheetMusic\America\Books\America - Greatest Hits.pdf","False","False","Missing"
"Asia","Asia - Alpha [PVG Book]","C:\Work\AWSMusic\SheetMusic\Asia\Books\Asia - Alpha [PVG Book].pdf","False","False","Missing"
"Avril Lavigne","Avril Lavigne - The Best Damn Thing [PVG Book]","C:\Work\AWSMusic\SheetMusic\Avril Lavigne\Books\Avril Lavigne - The Best Damn Thing [PVG Book].pdf","False","False","Missing"
"Barry Manilow","Barry Manilow - Anthology","C:\Work\AWSMusic\SheetMusic\Barry Manilow\Books\Barry Manilow - Anthology.pdf","False","False","Missing"
"Barry Manilow","Barry Manilow - Barry Manilow [PVG Book]","C:\Work\AWSMusic\SheetMusic\Barry Manilow\Books\Barry Manilow - Barry Manilow [PVG Book].pdf","False","False","Missing"
"Beatles","Beatles - 100 Hits for All Keyboards","C:\Work\AWSMusic\SheetMusic\Beatles\Books\Beatles - 100 Hits for All Keyboards.pdf","False","False","Missing"
"Beatles","Beatles - Abbey Road Guitar Recorded Version","C:\Work\AWSMusic\SheetMusic\Beatles\Books\Beatles - Abbey Road Guitar Recorded Version.pdf","False","False","Missing"
"Beatles","Beatles - Abbey Road","C:\Work\AWSMusic\SheetMusic\Beatles\Books\Beatles - Abbey Road.pdf","False","False","Missing"
"Beatles","Beatles - All Songs 1962-1974","C:\Work\AWSMusic\SheetMusic\Beatles\Books\Beatles - All Songs 1962-1974.pdf","False","False","Missing"
"Beatles","Beatles - Anthology 1 (113 pages)","C:\Work\AWSMusic\SheetMusic\Beatles\Books\Beatles - Anthology 1 (113 pages).pdf","False","False","Missing"
"Beatles","Beatles - Anthology 1","C:\Work\AWSMusic\SheetMusic\Beatles\Books\Beatles - Anthology 1.pdf","False","False","Missing"
"Beatles","Beatles - Anthology 2 (page 01 - 40)","C:\Work\AWSMusic\SheetMusic\Beatles\Books\Beatles - Anthology 2 (page 01 - 40).pdf","False","False","Missing"
"Beatles","Beatles - Anthology 2 (page 41 -72)","C:\Work\AWSMusic\SheetMusic\Beatles\Books\Beatles - Anthology 2 (page 41 -72).pdf","False","False","Missing"
"Beatles","Beatles - Anthology 2 (page 73 -112)","C:\Work\AWSMusic\SheetMusic\Beatles\Books\Beatles - Anthology 2 (page 73 -112).pdf","False","False","Missing"
"Beatles","Beatles - Anthology 3 (page 01 - 36)","C:\Work\AWSMusic\SheetMusic\Beatles\Books\Beatles - Anthology 3 (page 01 - 36).pdf","False","False","Missing"
"Beatles","Beatles - Anthology 3 (page 37 - 79","C:\Work\AWSMusic\SheetMusic\Beatles\Books\Beatles - Anthology 3 (page 37 - 79.pdf","False","False","Missing"
"Beatles","Beatles - Anthology 3 (page 80 - 111)","C:\Work\AWSMusic\SheetMusic\Beatles\Books\Beatles - Anthology 3 (page 80 - 111).pdf","False","False","Missing"
"Beatles","Beatles - Anthology","C:\Work\AWSMusic\SheetMusic\Beatles\Books\Beatles - Anthology.pdf","False","False","Missing"
"Beatles","Beatles - Beatlemania 1963-1966","C:\Work\AWSMusic\SheetMusic\Beatles\Books\Beatles - Beatlemania 1963-1966.pdf","False","False","Missing"
"Beatles","Beatles - Complete Scores (2)","C:\Work\AWSMusic\SheetMusic\Beatles\Books\Beatles - Complete Scores (2).pdf","False","False","Missing"
"Beatles","Beatles - Complete Scores","C:\Work\AWSMusic\SheetMusic\Beatles\Books\Beatles - Complete Scores.pdf","False","False","Missing"
"Beatles","Beatles - Essential Songs","C:\Work\AWSMusic\SheetMusic\Beatles\Books\Beatles - Essential Songs.pdf","False","False","Missing"
"Beatles","Beatles - Fake Songbook (Guitar)","C:\Work\AWSMusic\SheetMusic\Beatles\Books\Beatles - Fake Songbook (Guitar).pdf","False","False","Missing"
"Beatles","Beatles - Joy Of Beatles","C:\Work\AWSMusic\SheetMusic\Beatles\Books\Beatles - Joy Of Beatles.pdf","False","False","Missing"
"Beatles","Beatles - Live At the Hollywood Bowl (2)","C:\Work\AWSMusic\SheetMusic\Beatles\Books\Beatles - Live At the Hollywood Bowl (2).pdf","False","False","Missing"
"Beatles","Beatles - Live at the Hollywood Bowl","C:\Work\AWSMusic\SheetMusic\Beatles\Books\Beatles - Live at the Hollywood Bowl.pdf","False","False","Missing"
"Beatles","Beatles - Revolver (2)","C:\Work\AWSMusic\SheetMusic\Beatles\Books\Beatles - Revolver (2).pdf","False","False","Missing"
"Beatles","Beatles - Revolver","C:\Work\AWSMusic\SheetMusic\Beatles\Books\Beatles - Revolver.pdf","False","False","Missing"
"Beatles","Beatles - Rubber Soul","C:\Work\AWSMusic\SheetMusic\Beatles\Books\Beatles - Rubber Soul.pdf","False","False","Missing"
"Beatles","Beatles - Sergeant Pepper's Lonely Hearts Club Band","C:\Work\AWSMusic\SheetMusic\Beatles\Books\Beatles - Sergeant Pepper's Lonely Hearts Club Band.pdf","False","False","Missing"
"Beatles","Beatles - Singles Collection [PVG]","C:\Work\AWSMusic\SheetMusic\Beatles\Books\Beatles - Singles Collection [PVG].pdf","False","False","Missing"
"Beatles","Beatles - Songbook","C:\Work\AWSMusic\SheetMusic\Beatles\Books\Beatles - Songbook.pdf","False","False","Missing"
"Beatles","Beatles - White Album 1  (Guitar Recorded Version)","C:\Work\AWSMusic\SheetMusic\Beatles\Books\Beatles - White Album 1  (Guitar Recorded Version).pdf","False","False","Missing"
"Bee Gees","Bee Gees - Anthology","C:\Work\AWSMusic\SheetMusic\Bee Gees\Books\Bee Gees - Anthology.pdf","False","False","Missing"
"Belinda Carlisle","Belinda Carlisle - 5 Of The Best [PVG]","C:\Work\AWSMusic\SheetMusic\Belinda Carlisle\Books\Belinda Carlisle - 5 Of The Best [PVG].pdf","False","False","Missing"
"Ben Folds","Ben Folds - Rockin' The Suburbs [Book]","C:\Work\AWSMusic\SheetMusic\Ben Folds\Books\Ben Folds - Rockin' The Suburbs [Book].pdf","True","False","Empty"
"Ben Folds","Ben Folds - Songs for Silverman","C:\Work\AWSMusic\SheetMusic\Ben Folds\Books\Ben Folds - Songs for Silverman.pdf","False","False","Missing"
"Ben Folds","Ben Folds - Songs For The Silverman","C:\Work\AWSMusic\SheetMusic\Ben Folds\Books\Ben Folds - Songs For The Silverman.pdf","False","False","Missing"
"Ben Folds","Ben Folds Five - Rockin' the Suburbs","C:\Work\AWSMusic\SheetMusic\Ben Folds\Books\Ben Folds Five - Rockin' the Suburbs.pdf","True","True","Complete"
"Ben Folds","Ben Folds Five - Selections From Naked Baby Photos [Score]","C:\Work\AWSMusic\SheetMusic\Ben Folds\Books\Ben Folds Five - Selections From Naked Baby Photos [Score].pdf","True","False","Empty"
"Ben Folds","Ben Folds Five - Whatever and Ever Amen [Book]","C:\Work\AWSMusic\SheetMusic\Ben Folds\Books\Ben Folds Five - Whatever and Ever Amen [Book].pdf","True","False","Empty"
"Billy Joel","Billy Joel - 52nd Street","C:\Work\AWSMusic\SheetMusic\Billy Joel\Books\Billy Joel - 52nd Street.pdf","False","False","Missing"
"Billy Joel","Billy Joel - Anthology","C:\Work\AWSMusic\SheetMusic\Billy Joel\Books\Billy Joel - Anthology.pdf","False","False","Missing"
"Billy Joel","Billy Joel - Best Of Piano Solos","C:\Work\AWSMusic\SheetMusic\Billy Joel\Books\Billy Joel - Best Of Piano Solos.pdf","False","False","Missing"
"Billy Joel","Billy Joel - Complete Vol  1","C:\Work\AWSMusic\SheetMusic\Billy Joel\Books\Billy Joel - Complete Vol  1.pdf","False","False","Missing"
"Billy Joel","Billy Joel - Complete Vol 2","C:\Work\AWSMusic\SheetMusic\Billy Joel\Books\Billy Joel - Complete Vol 2.pdf","False","False","Missing"
"Billy Joel","Billy Joel - Fantasies & Delusions","C:\Work\AWSMusic\SheetMusic\Billy Joel\Books\Billy Joel - Fantasies & Delusions.pdf","False","False","Missing"
"Billy Joel","Billy Joel - For Advanced Piano","C:\Work\AWSMusic\SheetMusic\Billy Joel\Books\Billy Joel - For Advanced Piano.pdf","False","False","Missing"
"Billy Joel","Billy Joel - Glass Houses","C:\Work\AWSMusic\SheetMusic\Billy Joel\Books\Billy Joel - Glass Houses.pdf","False","False","Missing"
"Billy Joel","Billy Joel - Greatest Hits Vol I and II","C:\Work\AWSMusic\SheetMusic\Billy Joel\Books\Billy Joel - Greatest Hits Vol I and II.pdf","False","False","Missing"
"Billy Joel","Billy Joel - Greatest Hits Vol III","C:\Work\AWSMusic\SheetMusic\Billy Joel\Books\Billy Joel - Greatest Hits Vol III.pdf","False","False","Missing"
"Billy Joel","Billy Joel - Greatest Hits","C:\Work\AWSMusic\SheetMusic\Billy Joel\Books\Billy Joel - Greatest Hits.pdf","False","False","Missing"
"Billy Joel","Billy Joel - Keyboard Book","C:\Work\AWSMusic\SheetMusic\Billy Joel\Books\Billy Joel - Keyboard Book.pdf","False","False","Missing"
"Billy Joel","Billy Joel - My Lives","C:\Work\AWSMusic\SheetMusic\Billy Joel\Books\Billy Joel - My Lives.pdf","False","False","Missing"
"Billy Joel","Billy Joel - Rock Score","C:\Work\AWSMusic\SheetMusic\Billy Joel\Books\Billy Joel - Rock Score.pdf","False","False","Missing"
"Billy Joel","Billy Joel - Songs in the Attic","C:\Work\AWSMusic\SheetMusic\Billy Joel\Books\Billy Joel - Songs in the Attic.pdf","False","False","Missing"
"Billy Joel","Billy Joel - Turnstiles","C:\Work\AWSMusic\SheetMusic\Billy Joel\Books\Billy Joel - Turnstiles.pdf","True","True","Complete"
"Billy Joel","Billy Joel Greatest Hits Vols 1 and 2","C:\Work\AWSMusic\SheetMusic\Billy Joel\Books\Billy Joel Greatest Hits Vols 1 and 2.pdf","True","True","Complete"
"Billy Ocean","Billy Ocean - The Best Of","C:\Work\AWSMusic\SheetMusic\Billy Ocean\Books\Billy Ocean - The Best Of.pdf","False","False","Missing"
"Black Eyed Peas","Black Eyed Peas - Elephunk [PVG Book]","C:\Work\AWSMusic\SheetMusic\Black Eyed Peas\Books\Black Eyed Peas - Elephunk [PVG Book].pdf","False","False","Missing"
"Blues Brothers","Blues Brothers - Complete","C:\Work\AWSMusic\SheetMusic\Blues Brothers\Books\Blues Brothers - Complete.pdf","False","False","Missing"
"Bob Dylan","Bob Dylan - Anthology 1","C:\Work\AWSMusic\SheetMusic\Bob Dylan\Books\Bob Dylan - Anthology 1.pdf","False","False","Missing"
"Bob Dylan","Bob Dylan - Anthology 2","C:\Work\AWSMusic\SheetMusic\Bob Dylan\Books\Bob Dylan - Anthology 2.pdf","False","False","Missing"
"Bob Dylan","Bob Dylan - Anthology","C:\Work\AWSMusic\SheetMusic\Bob Dylan\Books\Bob Dylan - Anthology.pdf","False","False","Missing"
"Bob Dylan","Bob Dylan - Basement Tapes [PVG]","C:\Work\AWSMusic\SheetMusic\Bob Dylan\Books\Bob Dylan - Basement Tapes [PVG].pdf","False","False","Missing"
"Bob Dylan","Bob Dylan - Blonde On Blonde","C:\Work\AWSMusic\SheetMusic\Bob Dylan\Books\Bob Dylan - Blonde On Blonde.pdf","False","False","Missing"
"Bob Dylan","Bob Dylan - Collection","C:\Work\AWSMusic\SheetMusic\Bob Dylan\Books\Bob Dylan - Collection.pdf","False","False","Missing"
"Bob Dylan","Bob Dylan - Desire","C:\Work\AWSMusic\SheetMusic\Bob Dylan\Books\Bob Dylan - Desire.pdf","False","False","Missing"
"Bob Dylan","Bob Dylan - Finger Picking","C:\Work\AWSMusic\SheetMusic\Bob Dylan\Books\Bob Dylan - Finger Picking.pdf","False","False","Missing"
"Bob Dylan","Bob Dylan - Highway 61 Revisited","C:\Work\AWSMusic\SheetMusic\Bob Dylan\Books\Bob Dylan - Highway 61 Revisited.pdf","False","False","Missing"
"Bob Dylan","Bob Dylan - Nashville Skyline","C:\Work\AWSMusic\SheetMusic\Bob Dylan\Books\Bob Dylan - Nashville Skyline.pdf","True","True","Complete"
"Bob Dylan","Bob Dylan - Rock Score","C:\Work\AWSMusic\SheetMusic\Bob Dylan\Books\Bob Dylan - Rock Score.pdf","False","False","Missing"
"Bob Dylan","Bob Dylan - Saved","C:\Work\AWSMusic\SheetMusic\Bob Dylan\Books\Bob Dylan - Saved.pdf","False","False","Missing"
"Bob Dylan","Bob Dylan - Songbook","C:\Work\AWSMusic\SheetMusic\Bob Dylan\Books\Bob Dylan - Songbook.pdf","False","False","Missing"
"Bob Dylan","Bob Dylan - The Harp Styles of Bob Dylan [Harmonica]","C:\Work\AWSMusic\SheetMusic\Bob Dylan\Books\Bob Dylan - The Harp Styles of Bob Dylan [Harmonica].pdf","False","False","Missing"
"Bob Seger","Bob Seger - Greatest Hits","C:\Work\AWSMusic\SheetMusic\Bob Seger\Books\Bob Seger - Greatest Hits.pdf","False","False","Missing"
"Bob Seger","Bob Seger - The New Best Of Bob Seger","C:\Work\AWSMusic\SheetMusic\Bob Seger\Books\Bob Seger - The New Best Of Bob Seger.pdf","False","False","Missing"
"Bon Jovi","Bon Jovi - Best of Bon Jovi","C:\Work\AWSMusic\SheetMusic\Bon Jovi\Books\Bon Jovi - Best of Bon Jovi.pdf","False","False","Missing"
"Bonnie Raitt","Bonnie Raitt - Nick Of Time [PVG Book]","C:\Work\AWSMusic\SheetMusic\Bonnie Raitt\Books\Bonnie Raitt - Nick Of Time [PVG Book].pdf","True","False","Empty"
"Bonnie Raitt","Bonnie Raitt - Road Tested [PVG Book]","C:\Work\AWSMusic\SheetMusic\Bonnie Raitt\Books\Bonnie Raitt - Road Tested [PVG Book].pdf","False","False","Missing"
"Bonnie Tyler","Bonnie Tyler - Hot Songs","C:\Work\AWSMusic\SheetMusic\Bonnie Tyler\Books\Bonnie Tyler - Hot Songs.pdf","False","False","Missing"
"Bread","Bread - Best of Bread","C:\Work\AWSMusic\SheetMusic\Bread\Books\Bread - Best of Bread.pdf","False","False","Missing"
"Bruce Springsteen","Bruce Springsteen - Born In The USA","C:\Work\AWSMusic\SheetMusic\Bruce Springsteen\Books\Bruce Springsteen - Born In The USA.pdf","False","False","Missing"
"Bruce Springsteen","Bruce Springsteen - Born To Run","C:\Work\AWSMusic\SheetMusic\Bruce Springsteen\Books\Bruce Springsteen - Born To Run.pdf","False","False","Missing"
"Bruce Springsteen","Bruce Springsteen - Greatest Hits","C:\Work\AWSMusic\SheetMusic\Bruce Springsteen\Books\Bruce Springsteen - Greatest Hits.pdf","False","False","Missing"
"Bruce Springsteen","Bruce Springsteen - Lucky Town","C:\Work\AWSMusic\SheetMusic\Bruce Springsteen\Books\Bruce Springsteen - Lucky Town.pdf","False","False","Missing"
"Buddy Holly","Buddy Holly - Golden Anniversary Songbook","C:\Work\AWSMusic\SheetMusic\Buddy Holly\Books\Buddy Holly - Golden Anniversary Songbook.pdf","False","False","Missing"
"Burl Ives","Burl Ives - Song Book","C:\Work\AWSMusic\SheetMusic\Burl Ives\Books\Burl Ives - Song Book.pdf","False","False","Missing"
"Burt Bacharach","Burt Bacharach - 40 Golden Songs Of","C:\Work\AWSMusic\SheetMusic\Burt Bacharach\Books\Burt Bacharach - 40 Golden Songs Of.pdf","False","False","Missing"
"Burt Bacharach","Burt Bacharach - Anthology","C:\Work\AWSMusic\SheetMusic\Burt Bacharach\Books\Burt Bacharach - Anthology.pdf","False","False","Missing"
"Burt Bacharach","Burt Bacharach - Bacharach Collection","C:\Work\AWSMusic\SheetMusic\Burt Bacharach\Books\Burt Bacharach - Bacharach Collection.pdf","False","False","Missing"
"Carole King","Carole King - Bradley's Best Of The Best (Organ)","C:\Work\AWSMusic\SheetMusic\Carole King\Books\Carole King - Bradley's Best Of The Best (Organ).pdf","False","False","Missing"
"Carole King","Carole King - Classics (2)","C:\Work\AWSMusic\SheetMusic\Carole King\Books\Carole King - Classics (2).pdf","False","False","Missing"
"Carole King","Carole King - Classics (3)","C:\Work\AWSMusic\SheetMusic\Carole King\Books\Carole King - Classics (3).pdf","False","False","Missing"
"Carole King","Carole King - Classics","C:\Work\AWSMusic\SheetMusic\Carole King\Books\Carole King - Classics.pdf","False","False","Missing"
"Carole King","Carole King - Keyboard Play-Along Vol 22","C:\Work\AWSMusic\SheetMusic\Carole King\Books\Carole King - Keyboard Play-Along Vol 22.pdf","False","False","Missing"
"Carole King","Carole King - Tapestry","C:\Work\AWSMusic\SheetMusic\Carole King\Books\Carole King - Tapestry.pdf","False","False","Missing"
"Carole King","Carole King - The New Best Of Carole King","C:\Work\AWSMusic\SheetMusic\Carole King\Books\Carole King - The New Best Of Carole King.pdf","False","False","Missing"
"Carole King","Carole King - You're The Voice","C:\Work\AWSMusic\SheetMusic\Carole King\Books\Carole King - You're The Voice.pdf","False","False","Missing"
"Carpenters","Carpenters - Anthology","C:\Work\AWSMusic\SheetMusic\Carpenters\Books\Carpenters - Anthology.pdf","False","False","Missing"
"Carpenters","Carpenters - Love Songs","C:\Work\AWSMusic\SheetMusic\Carpenters\Books\Carpenters - Love Songs.pdf","False","False","Missing"
"Carpenters","Carpenters - Note For Note","C:\Work\AWSMusic\SheetMusic\Carpenters\Books\Carpenters - Note For Note.pdf","False","False","Missing"
"Cheap Trick","Cheap Trick - Greatest Hits [Score]","C:\Work\AWSMusic\SheetMusic\Cheap Trick\Books\Cheap Trick - Greatest Hits [Score].pdf","True","False","Empty"
"Colbie Caillat","Colbie Caillat - Breakthrough [PVG Book]","C:\Work\AWSMusic\SheetMusic\Colbie Caillat\Books\Colbie Caillat - Breakthrough [PVG Book].pdf","False","False","Missing"
"Cole Porter","Cole Porter - The Very Best Of Cole Porter","C:\Work\AWSMusic\SheetMusic\Cole Porter\Books\Cole Porter - The Very Best Of Cole Porter.pdf","False","False","Missing"
"Cream","Cream - Cream Complete","C:\Work\AWSMusic\SheetMusic\Cream\Books\Cream - Cream Complete.pdf","False","False","Missing"
"Creedence Clearwater Revival","Creedence Clearwater Revival - 8 Pcs Book","C:\Work\AWSMusic\SheetMusic\Creedence Clearwater Revival\Books\Creedence Clearwater Revival - 8 Pcs Book.pdf","False","False","Missing"
"Creedence Clearwater Revival","Creedence Clearwater Revival - Best Of","C:\Work\AWSMusic\SheetMusic\Creedence Clearwater Revival\Books\Creedence Clearwater Revival - Best Of.pdf","False","False","Missing"
"Creedence Clearwater Revival","Creedence Clearwater Revival - Guitar Anthology","C:\Work\AWSMusic\SheetMusic\Creedence Clearwater Revival\Books\Creedence Clearwater Revival - Guitar Anthology.pdf","False","False","Missing"
"Creedence Clearwater Revival","Creedence Clearwater Revival - Guitar Tab Book","C:\Work\AWSMusic\SheetMusic\Creedence Clearwater Revival\Books\Creedence Clearwater Revival - Guitar Tab Book.pdf","True","True","Complete"
"Creedence Clearwater Revival","Creedence Clearwater Revival - Ultimate Minus One","C:\Work\AWSMusic\SheetMusic\Creedence Clearwater Revival\Books\Creedence Clearwater Revival - Ultimate Minus One.pdf","False","False","Missing"
"Crosby Stills and Nash","Crosby Stills Nash & Young - Deja Vu [PVG Book]","C:\Work\AWSMusic\SheetMusic\Crosby Stills and Nash\Books\Crosby Stills Nash & Young - Deja Vu [PVG Book].pdf","True","False","Empty"
"Crosby Stills and Nash","Crosby, Stills, Nash & Young - The Guitar Collection","C:\Work\AWSMusic\SheetMusic\Crosby Stills and Nash\Books\Crosby, Stills, Nash & Young - The Guitar Collection.pdf","False","False","Missing"
"Crowded House","Crowded House - The Very Best Of [PVG Book]","C:\Work\AWSMusic\SheetMusic\Crowded House\Books\Crowded House - The Very Best Of [PVG Book].pdf","False","False","Missing"
"Crowded House","Crowded House - Together Alone [PVG Book]","C:\Work\AWSMusic\SheetMusic\Crowded House\Books\Crowded House - Together Alone [PVG Book].pdf","False","False","Missing"
"David Crosby","David Crosby - Songbook [Lead Sheets]","C:\Work\AWSMusic\SheetMusic\David Crosby\Books\David Crosby - Songbook [Lead Sheets].pdf","True","False","Empty"
"Dire Straits","Dire Straits -  Brothers In Arms","C:\Work\AWSMusic\SheetMusic\Dire Straits\Books\Dire Straits -  Brothers In Arms.pdf","False","False","Missing"
"Dire Straits","Dire Straits - Best Of Dire Straits [Guitar Tab]","C:\Work\AWSMusic\SheetMusic\Dire Straits\Books\Dire Straits - Best Of Dire Straits [Guitar Tab].pdf","False","False","Missing"
"Dire Straits","Dire Straits - Jam with Dire Straits [Guitar Book]","C:\Work\AWSMusic\SheetMusic\Dire Straits\Books\Dire Straits - Jam with Dire Straits [Guitar Book].pdf","False","False","Missing"
"Dire Straits","Dire Straits - Mark Knopfler Guitar Styles Vol 1 [Guitar Book]","C:\Work\AWSMusic\SheetMusic\Dire Straits\Books\Dire Straits - Mark Knopfler Guitar Styles Vol 1 [Guitar Book].pdf","False","False","Missing"
"Dire Straits","Dire Straits - Money For Nothing [Guitar Book]","C:\Work\AWSMusic\SheetMusic\Dire Straits\Books\Dire Straits - Money For Nothing [Guitar Book].pdf","True","False","Empty"
"Don Henley","Don Henley - Actual Miles (Greatest Hits)","C:\Work\AWSMusic\SheetMusic\Don Henley\Books\Don Henley - Actual Miles (Greatest Hits).pdf","True","True","Complete"
"Don Henley","Don Henley - The End Of The Innocence [PVG Book]","C:\Work\AWSMusic\SheetMusic\Don Henley\Books\Don Henley - The End Of The Innocence [PVG Book].pdf","False","False","Missing"
"Doobie Brothers","Doobie Brothers - Best Of [Band Score Jap]","C:\Work\AWSMusic\SheetMusic\Doobie Brothers\Books\Doobie Brothers - Best Of [Band Score Jap].pdf","False","False","Missing"
"Doobie Brothers","Doobie Brothers - Songs","C:\Work\AWSMusic\SheetMusic\Doobie Brothers\Books\Doobie Brothers - Songs.pdf","False","False","Missing"
"Doors","Doors - Anthology","C:\Work\AWSMusic\SheetMusic\Doors\Books\Doors - Anthology.pdf","False","False","Missing"
"Doors","Doors - Songbook","C:\Work\AWSMusic\SheetMusic\Doors\Books\Doors - Songbook.pdf","False","False","Missing"
"Dr John","Dr John - New Orleans Piano Vol 2","C:\Work\AWSMusic\SheetMusic\Dr John\Books\Dr John - New Orleans Piano Vol 2.pdf","False","False","Missing"
"Duran Duran","Duran Duran - Best Of [Score]","C:\Work\AWSMusic\SheetMusic\Duran Duran\Books\Duran Duran - Best Of [Score].pdf","False","False","Missing"
"Duran Duran","Duran Duran - Decade [PVG Book]","C:\Work\AWSMusic\SheetMusic\Duran Duran\Books\Duran Duran - Decade [PVG Book].pdf","False","False","Missing"
"Duran Duran","Duran Duran - Seven & The Ragged Tiger [Jap Band Score]","C:\Work\AWSMusic\SheetMusic\Duran Duran\Books\Duran Duran - Seven & The Ragged Tiger [Jap Band Score].pdf","False","False","Missing"
"Eagles","Eagles - Greatest Hits (1971-1975)","C:\Work\AWSMusic\SheetMusic\Eagles\Books\Eagles - Greatest Hits (1971-1975).pdf","False","False","Missing"
"Eagles","Eagles - Greatest Hits","C:\Work\AWSMusic\SheetMusic\Eagles\Books\Eagles - Greatest Hits.pdf","False","False","Missing"
"Eagles","Eagles - Hotel California (Guitar Songbook)","C:\Work\AWSMusic\SheetMusic\Eagles\Books\Eagles - Hotel California (Guitar Songbook).pdf","False","False","Missing"
"Eagles","Eagles - Made Easy For Guitar","C:\Work\AWSMusic\SheetMusic\Eagles\Books\Eagles - Made Easy For Guitar.pdf","False","False","Missing"
"Eagles","Eagles - New Eagles Complete","C:\Work\AWSMusic\SheetMusic\Eagles\Books\Eagles - New Eagles Complete.pdf","False","False","Missing"
"Eagles","Eagles - The Best Of The Eagles - Songbook","C:\Work\AWSMusic\SheetMusic\Eagles\Books\Eagles - The Best Of The Eagles - Songbook.pdf","False","False","Missing"
"ELO","ELO - A New World Record","C:\Work\AWSMusic\SheetMusic\ELO\Books\ELO - A New World Record.pdf","False","False","Missing"
"ELO","ELO - Anthology [PVG]","C:\Work\AWSMusic\SheetMusic\ELO\Books\ELO - Anthology [PVG].pdf","False","False","Missing"
"ELO","ELO - Discovery [PVG Book]","C:\Work\AWSMusic\SheetMusic\ELO\Books\ELO - Discovery [PVG Book].pdf","False","False","Missing"
"ELO","ELO - Face The Music [PVG Bok]","C:\Work\AWSMusic\SheetMusic\ELO\Books\ELO - Face The Music [PVG Bok].pdf","False","False","Missing"
"ELO","ELO - Greatest Hits","C:\Work\AWSMusic\SheetMusic\ELO\Books\ELO - Greatest Hits.pdf","True","True","Complete"
"ELO","ELO - Out Of The Blue [Book]","C:\Work\AWSMusic\SheetMusic\ELO\Books\ELO - Out Of The Blue [Book].pdf","True","False","Empty"
"ELO","Elton John - The Elton John Collection [Piano Solos]","C:\Work\AWSMusic\SheetMusic\ELO\Books\Elton John - The Elton John Collection [Piano Solos].pdf","False","False","Missing"
"Elton John","Elton John - A Single Man","C:\Work\AWSMusic\SheetMusic\Elton John\Books\Elton John - A Single Man.pdf","False","False","Missing"
"Elton John","Elton John - Captain Fantastic","C:\Work\AWSMusic\SheetMusic\Elton John\Books\Elton John - Captain Fantastic.pdf","False","False","Missing"
"Elton John","Elton John - Goodbye Yellow Brick Road","C:\Work\AWSMusic\SheetMusic\Elton John\Books\Elton John - Goodbye Yellow Brick Road.pdf","True","True","Complete"
"Elton John","Elton John - Greatest Hits 1970-2002","C:\Work\AWSMusic\SheetMusic\Elton John\Books\Elton John - Greatest Hits 1970-2002.pdf","False","False","Missing"
"Elton John","Elton John - Ice On Fire","C:\Work\AWSMusic\SheetMusic\Elton John\Books\Elton John - Ice On Fire.pdf","False","False","Missing"
"Elton John","Elton John - Made In England","C:\Work\AWSMusic\SheetMusic\Elton John\Books\Elton John - Made In England.pdf","False","False","Missing"
"Elton John","Elton John - Peachtree Road","C:\Work\AWSMusic\SheetMusic\Elton John\Books\Elton John - Peachtree Road.pdf","False","False","Missing"
"Elton John","Elton John - Reg Strikes Back","C:\Work\AWSMusic\SheetMusic\Elton John\Books\Elton John - Reg Strikes Back.pdf","False","False","Missing"
"Elton John","Elton John - Sleeping With The Past","C:\Work\AWSMusic\SheetMusic\Elton John\Books\Elton John - Sleeping With The Past.pdf","False","False","Missing"
"Elton John","Elton John - Songs From The West Coast","C:\Work\AWSMusic\SheetMusic\Elton John\Books\Elton John - Songs From The West Coast.pdf","False","False","Missing"
"Elton John","Elton John - The Big Picture","C:\Work\AWSMusic\SheetMusic\Elton John\Books\Elton John - The Big Picture.pdf","False","False","Missing"
"Elton John","Elton John - The Elton John Collection [Piano Solos]","C:\Work\AWSMusic\SheetMusic\Elton John\Books\Elton John - The Elton John Collection [Piano Solos].pdf","True","False","Empty"
"Elton John","Elton John - The One","C:\Work\AWSMusic\SheetMusic\Elton John\Books\Elton John - The One.pdf","False","False","Missing"
"Elton John","Elton John - The Ultimate Collection Vol. 1","C:\Work\AWSMusic\SheetMusic\Elton John\Books\Elton John - The Ultimate Collection Vol. 1.pdf","False","False","Missing"
"Elton John","Elton John - The Ultimate Collection Vol. 2","C:\Work\AWSMusic\SheetMusic\Elton John\Books\Elton John - The Ultimate Collection Vol. 2.pdf","False","False","Missing"
"Elton John","Elton John - The Very Best Of","C:\Work\AWSMusic\SheetMusic\Elton John\Books\Elton John - The Very Best Of.pdf","False","False","Missing"
"Elton John","Elton John - Too Low For Zero [Book]","C:\Work\AWSMusic\SheetMusic\Elton John\Books\Elton John - Too Low For Zero [Book].pdf","False","False","Missing"
"Elvis Costello","Elvis Costello - The Very Best Of","C:\Work\AWSMusic\SheetMusic\Elvis Costello\Books\Elvis Costello - The Very Best Of.pdf","False","False","Missing"
"Elvis Presley","Elvis Presley - The Compleat [PVG Book]","C:\Work\AWSMusic\SheetMusic\Elvis Presley\Books\Elvis Presley - The Compleat [PVG Book].pdf","False","False","Missing"
"Emerson Lake and Palmer","Emerson Lake and Palmer - Black Book","C:\Work\AWSMusic\SheetMusic\Emerson Lake and Palmer\Books\Emerson Lake and Palmer - Black Book.pdf","False","False","Missing"
"Emerson Lake and Palmer","Emerson Lake and Palmer - Greatest Hits","C:\Work\AWSMusic\SheetMusic\Emerson Lake and Palmer\Books\Emerson Lake and Palmer - Greatest Hits.pdf","False","False","Missing"
"Emerson Lake and Palmer","Emerson Lake and Palmer - Tarkus [Book]","C:\Work\AWSMusic\SheetMusic\Emerson Lake and Palmer\Books\Emerson Lake and Palmer - Tarkus [Book].pdf","False","False","Missing"
"Emerson Lake and Palmer","Emerson Lake and Palmer - Trilogy [Book]","C:\Work\AWSMusic\SheetMusic\Emerson Lake and Palmer\Books\Emerson Lake and Palmer - Trilogy [Book].pdf","False","False","Missing"
"Eric Clapton","Eric Clapton - Derek and the Dominos [Book]","C:\Work\AWSMusic\SheetMusic\Eric Clapton\Books\Eric Clapton - Derek and the Dominos [Book].pdf","False","False","Missing"
"Eric Clapton","Eric Clapton - The Best of Book","C:\Work\AWSMusic\SheetMusic\Eric Clapton\Books\Eric Clapton - The Best of Book.pdf","False","False","Missing"
"Eric Clapton","Eric Clapton - The Cream of Clapton","C:\Work\AWSMusic\SheetMusic\Eric Clapton\Books\Eric Clapton - The Cream of Clapton.pdf","False","False","Missing"
"Eric Clapton","Eric Clapton - Unplugged [Book]","C:\Work\AWSMusic\SheetMusic\Eric Clapton\Books\Eric Clapton - Unplugged [Book].pdf","False","False","Missing"
"Fleetwood Mac","Fleetwood Mac - Anthology","C:\Work\AWSMusic\SheetMusic\Fleetwood Mac\Books\Fleetwood Mac - Anthology.pdf","False","False","Missing"
"Fleetwood Mac","Fleetwood Mac - Deluxe Anthology","C:\Work\AWSMusic\SheetMusic\Fleetwood Mac\Books\Fleetwood Mac - Deluxe Anthology.pdf","False","False","Missing"
"Fleetwood Mac","Fleetwood Mac - Fleetwood Mac + Heroes Are Hard To Find","C:\Work\AWSMusic\SheetMusic\Fleetwood Mac\Books\Fleetwood Mac - Fleetwood Mac + Heroes Are Hard To Find.pdf","False","False","Missing"
"Fleetwood Mac","Fleetwood Mac - Mirage","C:\Work\AWSMusic\SheetMusic\Fleetwood Mac\Books\Fleetwood Mac - Mirage.pdf","False","False","Missing"
"Fleetwood Mac","Fleetwood Mac - Rumours","C:\Work\AWSMusic\SheetMusic\Fleetwood Mac\Books\Fleetwood Mac - Rumours.pdf","False","False","Missing"
"Fleetwood Mac","Fleetwood Mac - Tango In The Night","C:\Work\AWSMusic\SheetMusic\Fleetwood Mac\Books\Fleetwood Mac - Tango In The Night.pdf","False","False","Missing"
"Fleetwood Mac","Fleetwood Mac - The Dance","C:\Work\AWSMusic\SheetMusic\Fleetwood Mac\Books\Fleetwood Mac - The Dance.pdf","False","False","Missing"
"Frank Zappa","Frank Zappa - Hot Rats","C:\Work\AWSMusic\SheetMusic\Frank Zappa\Books\Frank Zappa - Hot Rats.pdf","True","True","Complete"
"Frank Zappa","Frank Zappa - Songbook Vol 1","C:\Work\AWSMusic\SheetMusic\Frank Zappa\Books\Frank Zappa - Songbook Vol 1.pdf","False","False","Missing"
"Frank Zappa","Frank Zappa - The Frank Zappa Guitar Book (transcriptions by Steve Vai)","C:\Work\AWSMusic\SheetMusic\Frank Zappa\Books\Frank Zappa - The Frank Zappa Guitar Book (transcriptions by Steve Vai).pdf","False","False","Missing"
"Fray","Fray - How To Save A Life [Book]","C:\Work\AWSMusic\SheetMusic\Fray\Books\Fray - How To Save A Life [Book].pdf","False","False","Missing"
"Garth Brooks","Garth Brooks - No Fences [Guitar Tab]","C:\Work\AWSMusic\SheetMusic\Garth Brooks\Books\Garth Brooks - No Fences [Guitar Tab].pdf","False","False","Missing"
"Garth Brooks","Garth Brooks - The Hits [Guitar Tab]","C:\Work\AWSMusic\SheetMusic\Garth Brooks\Books\Garth Brooks - The Hits [Guitar Tab].pdf","True","False","Empty"
"Garth Brooks","Garth Brooks - The Limited Series","C:\Work\AWSMusic\SheetMusic\Garth Brooks\Books\Garth Brooks - The Limited Series.pdf","False","False","Missing"
"Genesis","Genesis - A Trick Of The Tail [Book]","C:\Work\AWSMusic\SheetMusic\Genesis\Books\Genesis - A Trick Of The Tail [Book].pdf","False","False","Missing"
"Genesis","Genesis - Anthology","C:\Work\AWSMusic\SheetMusic\Genesis\Books\Genesis - Anthology.pdf","False","False","Missing"
"Genesis","Genesis - Best Of Vol 1","C:\Work\AWSMusic\SheetMusic\Genesis\Books\Genesis - Best Of Vol 1.pdf","False","False","Missing"
"Genesis","Genesis - Invisible Touch [Book]","C:\Work\AWSMusic\SheetMusic\Genesis\Books\Genesis - Invisible Touch [Book].pdf","False","False","Missing"
"Genesis","Genesis - Rock Score","C:\Work\AWSMusic\SheetMusic\Genesis\Books\Genesis - Rock Score.pdf","False","False","Missing"
"Genesis","Genesis - Seconds Out","C:\Work\AWSMusic\SheetMusic\Genesis\Books\Genesis - Seconds Out.pdf","False","False","Missing"
"Genesis","Genesis - Selling England by the Pound","C:\Work\AWSMusic\SheetMusic\Genesis\Books\Genesis - Selling England by the Pound.pdf","False","False","Missing"
"George Michael","George Michael - Greatest Hits","C:\Work\AWSMusic\SheetMusic\George Michael\Books\George Michael - Greatest Hits.pdf","False","False","Missing"
"George Michael","George Michael - Older [Book]","C:\Work\AWSMusic\SheetMusic\George Michael\Books\George Michael - Older [Book] .pdf","False","False","Missing"
"Grand Funk Railroad","Grand Funk - Closer To Home [PVG Book]","C:\Work\AWSMusic\SheetMusic\Grand Funk Railroad\Books\Grand Funk - Closer To Home [PVG Book].pdf","True","False","Empty"
"Grand Funk Railroad","Grand Funk - We're An American Band [PVG Book]","C:\Work\AWSMusic\SheetMusic\Grand Funk Railroad\Books\Grand Funk - We're An American Band [PVG Book].pdf","True","False","Empty"
"Grand Funk Railroad","Grand Funk Railroad - Born To Die [PVG Book]","C:\Work\AWSMusic\SheetMusic\Grand Funk Railroad\Books\Grand Funk Railroad - Born To Die [PVG Book].pdf","False","False","Missing"
"Grand Funk Railroad","Grand Funk Railroad - Hits From We're An American Band, Shinin' On, Phoenix [PVG]","C:\Work\AWSMusic\SheetMusic\Grand Funk Railroad\Books\Grand Funk Railroad - Hits From We're An American Band, Shinin' On, Phoenix [PVG].pdf","False","False","Missing"
"Harry Chapin","Harry Chapin - The Authentic Guitar Style Of [Guitar Tab]","C:\Work\AWSMusic\SheetMusic\Harry Chapin\Books\Harry Chapin - The Authentic Guitar Style Of [Guitar Tab].pdf","False","False","Missing"
"Henri Mancini","Henry Mancini - A Merry Mancini Christmas","C:\Work\AWSMusic\SheetMusic\Henri Mancini\Books\Henry Mancini - A Merry Mancini Christmas.pdf","True","True","Complete"
"Herman's Hermits","Herman's Hermits -  Collection","C:\Work\AWSMusic\SheetMusic\Herman's Hermits\Books\Herman's Hermits -  Collection.pdf","False","False","Missing"
"Jackson Browne","Jackson Browne - Deluxe Anthology","C:\Work\AWSMusic\SheetMusic\Jackson Browne\Books\Jackson Browne - Deluxe Anthology.pdf","False","False","Missing"
"James Blunt","James Blunt - All The Lost Souls [Book]","C:\Work\AWSMusic\SheetMusic\James Blunt\Books\James Blunt - All The Lost Souls [Book].pdf","False","False","Missing"
"James Blunt","James Blunt - Back to Bedlam [Book]","C:\Work\AWSMusic\SheetMusic\James Blunt\Books\James Blunt - Back to Bedlam [Book].pdf","False","False","Missing"
"James Taylor","James Taylor - Classic [Guitar]","C:\Work\AWSMusic\SheetMusic\James Taylor\Books\James Taylor - Classic [Guitar].pdf","False","False","Missing"
"James Taylor","James Taylor - Classics (guitar tab)","C:\Work\AWSMusic\SheetMusic\James Taylor\Books\James Taylor - Classics (guitar tab).pdf","False","False","Missing"
"James Taylor","James Taylor - Guitar Songbook","C:\Work\AWSMusic\SheetMusic\James Taylor\Books\James Taylor - Guitar Songbook.pdf","False","False","Missing"
"James Taylor","James Taylor - James Taylor Songbook","C:\Work\AWSMusic\SheetMusic\James Taylor\Books\James Taylor - James Taylor Songbook.pdf","False","False","Missing"
"James Taylor","James Taylor - James Taylor [PVG Book]","C:\Work\AWSMusic\SheetMusic\James Taylor\Books\James Taylor - James Taylor [PVG Book].pdf","False","False","Missing"
"James Taylor","James Taylor - That's Why I'm Here [PVG Book]","C:\Work\AWSMusic\SheetMusic\James Taylor\Books\James Taylor - That's Why I'm Here [PVG Book].pdf","False","False","Missing"
"Jim Croce","Jim Croce - Acoustic Fingerstyle Video Guitar Lessons","C:\Work\AWSMusic\SheetMusic\Jim Croce\Books\Jim Croce - Acoustic Fingerstyle Video Guitar Lessons.pdf","False","False","Missing"
"Jimmy Buffet","Jimmy Buffett - Barometer Soup [PVG Book]","C:\Work\AWSMusic\SheetMusic\Jimmy Buffet\Books\Jimmy Buffett - Barometer Soup [PVG Book].pdf","True","False","Empty"
"Jimmy Buffet","Jimmy Buffett - Fruitcakes [PVG Book]","C:\Work\AWSMusic\SheetMusic\Jimmy Buffet\Books\Jimmy Buffett - Fruitcakes [PVG Book].pdf","True","False","Empty"
"Joe Cocker","Joe Cocker - Best Of","C:\Work\AWSMusic\SheetMusic\Joe Cocker\Books\Joe Cocker - Best Of.pdf","False","False","Missing"
"Joe Cocker","Joe Cocker - Mad Dogs And Englishmen [Book]","C:\Work\AWSMusic\SheetMusic\Joe Cocker\Books\Joe Cocker - Mad Dogs And Englishmen [Book].pdf","False","False","Missing"
"Joe Cocker","Joe Cocker - Songbook","C:\Work\AWSMusic\SheetMusic\Joe Cocker\Books\Joe Cocker - Songbook.pdf","False","False","Missing"
"John Denver","John Denver - Anthology [PVG]","C:\Work\AWSMusic\SheetMusic\John Denver\Books\John Denver - Anthology [PVG].pdf","False","False","Missing"
"John Denver","John Denver - Anthology","C:\Work\AWSMusic\SheetMusic\John Denver\Books\John Denver - Anthology.pdf","False","False","Missing"
"John Denver","John Denver - Back Home Again","C:\Work\AWSMusic\SheetMusic\John Denver\Books\John Denver - Back Home Again.pdf","False","False","Missing"
"John Denver","John Denver - Best Of [Easy Piano]","C:\Work\AWSMusic\SheetMusic\John Denver\Books\John Denver - Best Of [Easy Piano].pdf","False","False","Missing"
"John Denver","John Denver - I Want To Live [PVG Book]","C:\Work\AWSMusic\SheetMusic\John Denver\Books\John Denver - I Want To Live [PVG Book].pdf","False","False","Missing"
"John Denver","John Denver - The Authentic Guitar Style Of.","C:\Work\AWSMusic\SheetMusic\John Denver\Books\John Denver - The Authentic Guitar Style Of..pdf","False","False","Missing"
"John Lennon","John Lennon - Collection","C:\Work\AWSMusic\SheetMusic\John Lennon\Books\John Lennon - Collection.pdf","False","False","Missing"
"John Lennon","John Lennon - Greatest Hits","C:\Work\AWSMusic\SheetMusic\John Lennon\Books\John Lennon - Greatest Hits.pdf","False","False","Missing"
"Joni Mitchell","Joni Mitchell - The Best Of [PVG]","C:\Work\AWSMusic\SheetMusic\Joni Mitchell\Books\Joni Mitchell - The Best Of [PVG].pdf","False","False","Missing"
"Joni Mitchell","Joni Mitchell Songbook Complete Vol1 1966-1970","C:\Work\AWSMusic\SheetMusic\Joni Mitchell\Books\Joni Mitchell Songbook Complete Vol1 1966-1970.pdf","True","True","Complete"
"Journey","Journey - Complete Songbook","C:\Work\AWSMusic\SheetMusic\Journey\Books\Journey - Complete Songbook.pdf","False","False","Missing"
"Journey","Journey - Complete","C:\Work\AWSMusic\SheetMusic\Journey\Books\Journey - Complete.pdf","False","False","Missing"
"Journey","Journey - Frontiers [Jap Band Score]","C:\Work\AWSMusic\SheetMusic\Journey\Books\Journey - Frontiers [Jap Band Score].pdf","False","False","Missing"
"Journey","Journey - Greatest Hits (Book)","C:\Work\AWSMusic\SheetMusic\Journey\Books\Journey - Greatest Hits (Book).pdf","False","False","Missing"
"Journey","Journey - Greatest Hits","C:\Work\AWSMusic\SheetMusic\Journey\Books\Journey - Greatest Hits.pdf","False","False","Missing"
"Journey","Journey - Superbest [Jap Band Score]","C:\Work\AWSMusic\SheetMusic\Journey\Books\Journey - Superbest [Jap Band Score].pdf","False","False","Missing"
"Journey","Journey - The Guitar Collection","C:\Work\AWSMusic\SheetMusic\Journey\Books\Journey - The Guitar Collection.pdf","False","False","Missing"
"Judy Garland","Judy Garland - Songbook","C:\Work\AWSMusic\SheetMusic\Judy Garland\Books\Judy Garland - Songbook.pdf","False","False","Missing"
"Katy Perry","Katy Perry - One Of The Boys [PVG Book]","C:\Work\AWSMusic\SheetMusic\Katy Perry\Books\Katy Perry - One Of The Boys [PVG Book].pdf","False","False","Missing"
"Kelly Clarkson","Kelly Clarkson - Breakaway (Book)","C:\Work\AWSMusic\SheetMusic\Kelly Clarkson\Books\Kelly Clarkson - Breakaway (Book).pdf","True","True","Complete"
"Kenny Rogers","Kenny Rogers - Love or Something Like It [Book]","C:\Work\AWSMusic\SheetMusic\Kenny Rogers\Books\Kenny Rogers - Love or Something Like It [Book].pdf","False","False","Missing"
"Kinks","Kinks - Best Of The Kinks [Score]","C:\Work\AWSMusic\SheetMusic\Kinks\Books\Kinks - Best Of The Kinks [Score].pdf","False","False","Missing"
"Kinks","Kinks - Best Of [Score]","C:\Work\AWSMusic\SheetMusic\Kinks\Books\Kinks - Best Of [Score].pdf","True","False","Empty"
"Kinks","Kinks - Great Songs of Kinks","C:\Work\AWSMusic\SheetMusic\Kinks\Books\Kinks - Great Songs of Kinks.pdf","False","False","Missing"
"Kinks","Kinks - Guitar Legends [Guitar]","C:\Work\AWSMusic\SheetMusic\Kinks\Books\Kinks - Guitar Legends [Guitar].pdf","False","False","Missing"
"Kinks","Kinks - Guitar Legends [Tab]","C:\Work\AWSMusic\SheetMusic\Kinks\Books\Kinks - Guitar Legends [Tab].pdf","True","False","Empty"
"Kinks","Kinks - Jam With The Kinks [Tab]","C:\Work\AWSMusic\SheetMusic\Kinks\Books\Kinks - Jam With The Kinks [Tab].pdf","False","False","Missing"
"Led Zepplin","Led Zeppelin - Led Zeppelin II","C:\Work\AWSMusic\SheetMusic\Led Zepplin\Books\Led Zeppelin - Led Zeppelin II.pdf","True","True","Complete"
"Led Zepplin","Led Zeppelin - Over The Hills And Far Away [PVG]","C:\Work\AWSMusic\SheetMusic\Led Zepplin\Books\Led Zeppelin - Over The Hills And Far Away [PVG].pdf","True","False","Empty"
"Lynyrd Skynyrd","Lynyrd Skynyrd - The New Best Of [Guitar Tab]","C:\Work\AWSMusic\SheetMusic\Lynyrd Skynyrd\Books\Lynyrd Skynyrd - The New Best Of [Guitar Tab].pdf","False","False","Missing"
"Mamas and the Papas","Mamas and The Papas - Songbook [PVG]","C:\Work\AWSMusic\SheetMusic\Mamas and the Papas\Books\Mamas and The Papas - Songbook [PVG].pdf","False","False","Missing"
"MeatLoaf","MeatLoaf - Bat Out Of Hell","C:\Work\AWSMusic\SheetMusic\MeatLoaf\Books\MeatLoaf - Bat Out Of Hell.pdf","False","False","Missing"
"Melissa Etheridge","Melissa Etheridge - Songbook","C:\Work\AWSMusic\SheetMusic\Melissa Etheridge\Books\Melissa Etheridge - Songbook.pdf","False","False","Missing"
"Michael Jackson","Michael Jackson - Great Songs Of [PVG]","C:\Work\AWSMusic\SheetMusic\Michael Jackson\Books\Michael Jackson - Great Songs Of [PVG].pdf","False","False","Missing"
"Michael Jackson","Michael Jackson - Number Ones [Book]","C:\Work\AWSMusic\SheetMusic\Michael Jackson\Books\Michael Jackson - Number Ones [Book].pdf","False","False","Missing"
"Michael Jackson","Michael Jackson - Number Ones","C:\Work\AWSMusic\SheetMusic\Michael Jackson\Books\Michael Jackson - Number Ones.pdf","False","False","Missing"
"Michael Jackson","Michael Jackson - The Great Songs Of","C:\Work\AWSMusic\SheetMusic\Michael Jackson\Books\Michael Jackson - The Great Songs Of.pdf","False","False","Missing"
"Michael Jackson","Michael Jackson - Thriller (The Complete Song Book)","C:\Work\AWSMusic\SheetMusic\Michael Jackson\Books\Michael Jackson - Thriller (The Complete Song Book).pdf","False","False","Missing"
"Monkees","Monkees - Greatest Hits","C:\Work\AWSMusic\SheetMusic\Monkees\Books\Monkees - Greatest Hits.pdf","False","False","Missing"
"Moody Blues","Moody Blues - Greatest Hits [PVG]","C:\Work\AWSMusic\SheetMusic\Moody Blues\Books\Moody Blues - Greatest Hits [PVG].pdf","False","False","Missing"
"Moody Blues","Moody Blues - Keys Of Kingdom [Band Score]","C:\Work\AWSMusic\SheetMusic\Moody Blues\Books\Moody Blues - Keys Of Kingdom [Band Score].pdf","False","False","Missing"
"Neil Diamond","Neil Diamond - The Essential Neil Diamond","C:\Work\AWSMusic\SheetMusic\Neil Diamond\Books\Neil Diamond - The Essential Neil Diamond.pdf","False","False","Missing"
"Neil Young","Neil Young - After the Goldrush [PVG Book]","C:\Work\AWSMusic\SheetMusic\Neil Young\Books\Neil Young - After the Goldrush [PVG Book].pdf","False","False","Missing"
"Neil Young","Neil Young - Decade [PVG Book]","C:\Work\AWSMusic\SheetMusic\Neil Young\Books\Neil Young - Decade [PVG Book] .pdf","False","False","Missing"
"Neil Young","Neil Young - Decade","C:\Work\AWSMusic\SheetMusic\Neil Young\Books\Neil Young - Decade.pdf","False","False","Missing"
"Neil Young","Neil Young - Greatest Hits [Guitar Tab]","C:\Work\AWSMusic\SheetMusic\Neil Young\Books\Neil Young - Greatest Hits [Guitar Tab].pdf","False","False","Missing"
"Neil Young","Neil Young - Harvest Moon [Guitar Tab]","C:\Work\AWSMusic\SheetMusic\Neil Young\Books\Neil Young - Harvest Moon [Guitar Tab].pdf","False","False","Missing"
"Neil Young","Neil Young - Harvest [Score]","C:\Work\AWSMusic\SheetMusic\Neil Young\Books\Neil Young - Harvest [Score].pdf","False","False","Missing"
"Neil Young","Neil Young - The Best Of Neil Young [PVG Book]","C:\Work\AWSMusic\SheetMusic\Neil Young\Books\Neil Young - The Best Of Neil Young [PVG Book].pdf","False","False","Missing"
"Night Ranger","Night Ranger - Best Of 2 [Jap Score]","C:\Work\AWSMusic\SheetMusic\Night Ranger\Books\Night Ranger - Best Of 2 [Jap Score].pdf","False","False","Missing"
"Night Ranger","Night Ranger - Seven Wishes [Jap Score]","C:\Work\AWSMusic\SheetMusic\Night Ranger\Books\Night Ranger - Seven Wishes [Jap Score].pdf","False","False","Missing"
"Paul McCartney","Paul McCartney - All The Best","C:\Work\AWSMusic\SheetMusic\Paul McCartney\Books\Paul McCartney - All The Best.pdf","False","False","Missing"
"Paul McCartney","Paul McCartney - Chaos And Creation In The Backyard [PVG Book]","C:\Work\AWSMusic\SheetMusic\Paul McCartney\Books\Paul McCartney - Chaos And Creation In The Backyard [PVG Book].pdf","False","False","Missing"
"Paul McCartney","Paul McCartney - Flowers In The Dirt","C:\Work\AWSMusic\SheetMusic\Paul McCartney\Books\Paul McCartney - Flowers In The Dirt.pdf","False","False","Missing"
"Paul McCartney","Paul McCartney - Press To Play","C:\Work\AWSMusic\SheetMusic\Paul McCartney\Books\Paul McCartney - Press To Play.pdf","False","False","Missing"
"Paul McCartney","Paul McCartney - Ram","C:\Work\AWSMusic\SheetMusic\Paul McCartney\Books\Paul McCartney - Ram.pdf","False","False","Missing"
"Paul McCartney","Paul McCartney - Tripping The Live Fantastic [PVG Book]","C:\Work\AWSMusic\SheetMusic\Paul McCartney\Books\Paul McCartney - Tripping The Live Fantastic [PVG Book].pdf","False","False","Missing"
"Paul McCartney","Paul McCartney - Tug Of War [PVG Book]","C:\Work\AWSMusic\SheetMusic\Paul McCartney\Books\Paul McCartney - Tug Of War [PVG Book].pdf","False","False","Missing"
"Paul Simon","Paul Simon - Anthology","C:\Work\AWSMusic\SheetMusic\Paul Simon\Books\Paul Simon - Anthology.pdf","False","False","Missing"
"Paul Simon","Simon & Garfunkel's Greatest Hits","C:\Work\AWSMusic\SheetMusic\Paul Simon\Books\Simon & Garfunkel's Greatest Hits.pdf","True","True","Complete"
"Peter Frampton","Peter Frampton - The Best Of [Guitar Tab]","C:\Work\AWSMusic\SheetMusic\Peter Frampton\Books\Peter Frampton - The Best Of [Guitar Tab].pdf","False","False","Missing"
"Pink","Pink - Funhouse [PVG]","C:\Work\AWSMusic\SheetMusic\Pink\Books\Pink - Funhouse [PVG].pdf","False","False","Missing"
"Pink","Pink - I'm Not Dead [PVG Book]","C:\Work\AWSMusic\SheetMusic\Pink\Books\Pink - I'm Not Dead [PVG Book].pdf","False","False","Missing"
"Pink","Pink - Missundaztood [PVG Book]","C:\Work\AWSMusic\SheetMusic\Pink\Books\Pink - Missundaztood [PVG Book].pdf","False","False","Missing"
"Pink Floyd","Pink Floyd - Anthology (book)","C:\Work\AWSMusic\SheetMusic\Pink Floyd\Books\Pink Floyd - Anthology (book).pdf","False","False","Missing"
"Pink Floyd","Pink Floyd - Anthology - p110-175","C:\Work\AWSMusic\SheetMusic\Pink Floyd\Books\Pink Floyd - Anthology - p110-175.pdf","False","False","Missing"
"Pink Floyd","Pink Floyd - Anthology - p58-109","C:\Work\AWSMusic\SheetMusic\Pink Floyd\Books\Pink Floyd - Anthology - p58-109.pdf","False","False","Missing"
"Pink Floyd","Pink Floyd - Anthology [PVG]","C:\Work\AWSMusic\SheetMusic\Pink Floyd\Books\Pink Floyd - Anthology [PVG].pdf","False","False","Missing"
"Pink Floyd","Pink Floyd - Dark Side of the Moon (2)","C:\Work\AWSMusic\SheetMusic\Pink Floyd\Books\Pink Floyd - Dark Side of the Moon (2).pdf","False","False","Missing"
"Pink Floyd","Pink Floyd - Dark Side of the Moon [PVG]","C:\Work\AWSMusic\SheetMusic\Pink Floyd\Books\Pink Floyd - Dark Side of the Moon [PVG].pdf","False","False","Missing"
"Pink Floyd","Pink Floyd - Dark Side Of The Moon","C:\Work\AWSMusic\SheetMusic\Pink Floyd\Books\Pink Floyd - Dark Side Of The Moon.pdf","False","False","Missing"
"Pink Floyd","Pink Floyd - Pink Floyd Songbook","C:\Work\AWSMusic\SheetMusic\Pink Floyd\Books\Pink Floyd - Pink Floyd Songbook.pdf","False","False","Missing"
"Pink Floyd","Pink Floyd - The Wall [PVG]","C:\Work\AWSMusic\SheetMusic\Pink Floyd\Books\Pink Floyd - The Wall [PVG].pdf","False","False","Missing"
"Pink Floyd","Pink Floyd - Wish You Were Here [PVG]","C:\Work\AWSMusic\SheetMusic\Pink Floyd\Books\Pink Floyd - Wish You Were Here [PVG].pdf","False","False","Missing"
"Pink Floyd","Pink Floyd - Wish You Were Here","C:\Work\AWSMusic\SheetMusic\Pink Floyd\Books\Pink Floyd - Wish You Were Here.pdf","False","False","Missing"
"Police","Police - The Great Songs of The Police","C:\Work\AWSMusic\SheetMusic\Police\Books\Police - The Great Songs of The Police.pdf","False","False","Missing"
"Pretenders","Pretenders - Best of Pretenders","C:\Work\AWSMusic\SheetMusic\Pretenders\Books\Pretenders - Best of Pretenders.pdf","False","False","Missing"
"Prince","Prince - Purple Rain [Score]","C:\Work\AWSMusic\SheetMusic\Prince\Books\Prince - Purple Rain [Score].pdf","False","False","Missing"
"Queen","Queen - Deluxe Anthology [PVG]","C:\Work\AWSMusic\SheetMusic\Queen\Books\Queen - Deluxe Anthology [PVG].pdf","False","False","Missing"
"Queen","Queen - Greatest Hits 1 [Score]","C:\Work\AWSMusic\SheetMusic\Queen\Books\Queen - Greatest Hits 1 [Score].pdf","False","False","Missing"
"Queen","Queen - Greatest Hits II [PVG]","C:\Work\AWSMusic\SheetMusic\Queen\Books\Queen - Greatest Hits II [PVG].pdf","False","False","Missing"
"Queen","Queen - Greatest Hits","C:\Work\AWSMusic\SheetMusic\Queen\Books\Queen - Greatest Hits.pdf","False","False","Missing"
"Queen","Queen - Hit Songs","C:\Work\AWSMusic\SheetMusic\Queen\Books\Queen - Hit Songs.pdf","False","False","Missing"
"Randy Newman","Randy Newman - Collection","C:\Work\AWSMusic\SheetMusic\Randy Newman\Books\Randy Newman - Collection.pdf","False","False","Missing"
"REO Speedwagon","REO Speedwagon - Good Trouble","C:\Work\AWSMusic\SheetMusic\REO Speedwagon\Books\REO Speedwagon - Good Trouble.pdf","False","False","Missing"
"REO Speedwagon","REO Speedwagon - Hi Infidelity","C:\Work\AWSMusic\SheetMusic\REO Speedwagon\Books\REO Speedwagon - Hi Infidelity.pdf","False","False","Missing"
"REO Speedwagon","REO Speedwagon - Life As We Know It","C:\Work\AWSMusic\SheetMusic\REO Speedwagon\Books\REO Speedwagon - Life As We Know It.pdf","False","False","Missing"
"REO Speedwagon","REO Speedwagon - The Hits","C:\Work\AWSMusic\SheetMusic\REO Speedwagon\Books\REO Speedwagon - The Hits.pdf","False","False","Missing"
"Robbie Robertson","Robbie Robertson - Songbook [Guitar Tab]","C:\Work\AWSMusic\SheetMusic\Robbie Robertson\Books\Robbie Robertson - Songbook [Guitar Tab].pdf","False","False","Missing"
"Rod Stewart","Rod Stewart - The Great American Songbook","C:\Work\AWSMusic\SheetMusic\Rod Stewart\Books\Rod Stewart - The Great American Songbook.pdf","False","False","Missing"
"Rolling Stones","Rolling Stones - Best Of Rolling Stones 1963-1973 Piano Songbook","C:\Work\AWSMusic\SheetMusic\Rolling Stones\Books\Rolling Stones - Best Of Rolling Stones 1963-1973 Piano Songbook.pdf","False","False","Missing"
"Rolling Stones","Rolling Stones - Let It Bleed [Guitar Tab]","C:\Work\AWSMusic\SheetMusic\Rolling Stones\Books\Rolling Stones - Let It Bleed [Guitar Tab].pdf","False","False","Missing"
"Rolling Stones","Rolling Stones - Sticky Fingers [Score]","C:\Work\AWSMusic\SheetMusic\Rolling Stones\Books\Rolling Stones - Sticky Fingers [Score].pdf","False","False","Missing"
"Roy Orbison","Roy Orbison - Greatest Hits","C:\Work\AWSMusic\SheetMusic\Roy Orbison\Books\Roy Orbison - Greatest Hits.pdf","False","False","Missing"
"Santana","Santana - Off The Record","C:\Work\AWSMusic\SheetMusic\Santana\Books\Santana - Off The Record.pdf","False","False","Missing"
"Scott Joplin","Scott Joplin - The Best Of","C:\Work\AWSMusic\SheetMusic\Scott Joplin\Books\Scott Joplin - The Best Of.pdf","False","False","Missing"
"Shania Twain","Shania Twain - Greatest Hits","C:\Work\AWSMusic\SheetMusic\Shania Twain\Books\Shania Twain - Greatest Hits.pdf","False","False","Missing"
"Shania Twain","Shania Twain - Up! [PVG Book]","C:\Work\AWSMusic\SheetMusic\Shania Twain\Books\Shania Twain - Up! [PVG Book].pdf","False","False","Missing"
"Sheryl Crow","Sheryl Crow - Tuesday Night Music Club [PVG Book]","C:\Work\AWSMusic\SheetMusic\Sheryl Crow\Books\Sheryl Crow - Tuesday Night Music Club [PVG Book].pdf","False","False","Missing"
"Sheryl Crow","Sheryl Crow - Very Best","C:\Work\AWSMusic\SheetMusic\Sheryl Crow\Books\Sheryl Crow - Very Best.pdf","False","False","Missing"
"Spice Girls","Spice Girls - Greatest Hits","C:\Work\AWSMusic\SheetMusic\Spice Girls\Books\Spice Girls - Greatest Hits.pdf","False","False","Missing"
"Steely Dan","Steely Dan - The Best","C:\Work\AWSMusic\SheetMusic\Steely Dan\Books\Steely Dan - The Best.pdf","True","True","Complete"
"Steve Miller Band","Steve Miller Band - 13 Biggest Hits","C:\Work\AWSMusic\SheetMusic\Steve Miller Band\Books\Steve Miller Band - 13 Biggest Hits.pdf","False","False","Missing"
"Steve Miller Band","Steve Miller Band - Rock Best Hits [Jap Score]","C:\Work\AWSMusic\SheetMusic\Steve Miller Band\Books\Steve Miller Band - Rock Best Hits [Jap Score].pdf","False","False","Missing"
"Steve Winwood","Steve Winwood - Arc Of A Diver [PVG Book]","C:\Work\AWSMusic\SheetMusic\Steve Winwood\Books\Steve Winwood - Arc Of A Diver [PVG Book].pdf","False","False","Missing"
"Steve Winwood","Steve Winwood - The Great Songs Of","C:\Work\AWSMusic\SheetMusic\Steve Winwood\Books\Steve Winwood - The Great Songs Of.pdf","False","False","Missing"
"Supertramp","Supertramp - Anthology","C:\Work\AWSMusic\SheetMusic\Supertramp\Books\Supertramp - Anthology.pdf","False","False","Missing"
"Supertramp","Supertramp - Breakfast in America [PVG Book]","C:\Work\AWSMusic\SheetMusic\Supertramp\Books\Supertramp - Breakfast in America [PVG Book].pdf","False","False","Missing"
"Supertramp","Supertramp - Crime of the Century [Book]","C:\Work\AWSMusic\SheetMusic\Supertramp\Books\Supertramp - Crime of the Century [Book].pdf","False","False","Missing"
"Survivor","Survivor - Greatest Hits","C:\Work\AWSMusic\SheetMusic\Survivor\Books\Survivor - Greatest Hits.pdf","False","False","Missing"
"Taylor Swift","Taylor Swift - Best Of [Easy Piano]","C:\Work\AWSMusic\SheetMusic\Taylor Swift\Books\Taylor Swift - Best Of [Easy Piano].pdf","False","False","Missing"
"Taylor Swift","Taylor Swift - Fearless [PVG Book]","C:\Work\AWSMusic\SheetMusic\Taylor Swift\Books\Taylor Swift - Fearless [PVG Book].pdf","False","False","Missing"
"Taylor Swift","Taylor Swift - Speak Now [PVG Book]","C:\Work\AWSMusic\SheetMusic\Taylor Swift\Books\Taylor Swift - Speak Now [PVG Book].pdf","False","False","Missing"
"Taylor Swift","Taylor Swift - Taylor Swift [Guitar Compilation]","C:\Work\AWSMusic\SheetMusic\Taylor Swift\Books\Taylor Swift - Taylor Swift [Guitar Compilation].pdf","False","False","Missing"
"Taylor Swift","Taylor Swift - Taylor Swift","C:\Work\AWSMusic\SheetMusic\Taylor Swift\Books\Taylor Swift - Taylor Swift.pdf","False","False","Missing"
"The Band","Band - Northern Lights Southern Cross [PVG]","C:\Work\AWSMusic\SheetMusic\The Band\Books\Band - Northern Lights Southern Cross [PVG].pdf","True","False","Empty"
"The Band","Band - Stage Fright [PVG]","C:\Work\AWSMusic\SheetMusic\The Band\Books\Band - Stage Fright [PVG].pdf","True","False","Empty"
"The Band","The Band - Rock Of Ages [PVG Book]","C:\Work\AWSMusic\SheetMusic\The Band\Books\The Band - Rock Of Ages [PVG Book].pdf","False","False","Missing"
"The Band","The Band - The Band  and Music From Big Pink","C:\Work\AWSMusic\SheetMusic\The Band\Books\The Band - The Band  and Music From Big Pink.pdf","False","False","Missing"
"Tom Lehrer","Tom Lehrer - Book Covers","C:\Work\AWSMusic\SheetMusic\Tom Lehrer\Books\Tom Lehrer - Book Covers.pdf","True","True","Complete"
"Tom Lehrer","Tom Lehrer - Too Many Songs [PVC Book]","C:\Work\AWSMusic\SheetMusic\Tom Lehrer\Books\Tom Lehrer - Too Many Songs [PVC Book].pdf","True","False","Empty"
"Tom Waits","Tom Waits - Anthology","C:\Work\AWSMusic\SheetMusic\Tom Waits\Books\Tom Waits - Anthology.pdf","False","False","Missing"
"Tom Waits","Tom Waits - Tom Waits Anthology","C:\Work\AWSMusic\SheetMusic\Tom Waits\Books\Tom Waits - Tom Waits Anthology.pdf","False","False","Missing"
"Tori Amos","Tori Amos - [Book] Anthology","C:\Work\AWSMusic\SheetMusic\Tori Amos\Books\Tori Amos - [Book] Anthology.pdf","False","False","Missing"
"Toto","Toto - Best of","C:\Work\AWSMusic\SheetMusic\Toto\Books\Toto - Best of.pdf","False","False","Missing"
"Toto","Toto - Collection","C:\Work\AWSMusic\SheetMusic\Toto\Books\Toto - Collection.pdf","False","False","Missing"
"Toto","Toto - Past To Present [Book]","C:\Work\AWSMusic\SheetMusic\Toto\Books\Toto - Past To Present [Book].pdf","False","False","Missing"
"Traveling Wilburys","Traveling Wilburys - Volume 1","C:\Work\AWSMusic\SheetMusic\Traveling Wilburys\Books\Traveling Wilburys - Volume 1.pdf","False","False","Missing"
"Van Morrison","Van Morrison - Anthology (2)","C:\Work\AWSMusic\SheetMusic\Van Morrison\Books\Van Morrison - Anthology (2).pdf","False","False","Missing"
"Van Morrison","Van Morrison - Anthology","C:\Work\AWSMusic\SheetMusic\Van Morrison\Books\Van Morrison - Anthology.pdf","False","False","Missing"
"Van Morrison","Van Morrison - Back On Top [Book]","C:\Work\AWSMusic\SheetMusic\Van Morrison\Books\Van Morrison - Back On Top [Book].pdf","False","False","Missing"
"Van Morrison","Van Morrison - Days Like These (Book)","C:\Work\AWSMusic\SheetMusic\Van Morrison\Books\Van Morrison - Days Like These (Book).pdf","False","False","Missing"
"Various Artists","Various Artists - 100 Songs For Kids - (Easy Guitar Songbook)","C:\Work\AWSMusic\SheetMusic\Various Artists\Books\Various Artists - 100 Songs For Kids - (Easy Guitar Songbook).pdf","False","False","Missing"
"Various Artists","Various Artists - 50 Platinum Country Hits","C:\Work\AWSMusic\SheetMusic\Various Artists\Books\Various Artists - 50 Platinum Country Hits.pdf","False","False","Missing"
"Various Artists","Various Artists - 50's and 60's","C:\Work\AWSMusic\SheetMusic\Various Artists\Books\Various Artists - 50's and 60's.pdf","False","False","Missing"
"Various Artists","Various Artists - 557 Standards (Sheet Music - Piano)(2)","C:\Work\AWSMusic\SheetMusic\Various Artists\Books\Various Artists - 557 Standards (Sheet Music - Piano)(2).pdf","False","False","Missing"
"Various Artists","Various Artists - 62 Stars 62 Hits [60's Compilation]","C:\Work\AWSMusic\SheetMusic\Various Artists\Books\Various Artists - 62 Stars 62 Hits [60's Compilation].pdf","False","False","Missing"
"Various Artists","Various Artists - 70's Collection -   (57pp)","C:\Work\AWSMusic\SheetMusic\Various Artists\Books\Various Artists - 70's Collection -   (57pp).pdf","False","False","Missing"
"Various Artists","Various Artists - 70's Hits [Easy Piano]","C:\Work\AWSMusic\SheetMusic\Various Artists\Books\Various Artists - 70's Hits [Easy Piano].pdf","False","False","Missing"
"Various Artists","Various Artists - Adult Contemporary Hits Of The Nineties","C:\Work\AWSMusic\SheetMusic\Various Artists\Books\Various Artists - Adult Contemporary Hits Of The Nineties.pdf","False","False","Missing"
"Various Artists","Various Artists - All Time Best Collection Vol 3","C:\Work\AWSMusic\SheetMusic\Various Artists\Books\Various Artists - All Time Best Collection Vol 3.pdf","False","False","Missing"
"Various Artists","Various Artists - Best in Country Sheet Music","C:\Work\AWSMusic\SheetMusic\Various Artists\Books\Various Artists - Best in Country Sheet Music.pdf","False","False","Missing"
"Various Artists","Various Artists - Best Of 80s Rock [PVG]","C:\Work\AWSMusic\SheetMusic\Various Artists\Books\Various Artists - Best Of 80s Rock [PVG].pdf","False","False","Missing"
"Various Artists","Various Artists - Best Of The 70s & 80s [Solo Piano]","C:\Work\AWSMusic\SheetMusic\Various Artists\Books\Various Artists - Best Of The 70s & 80s [Solo Piano].pdf","False","False","Missing"
"Various Artists","Various Artists - Best Rock Songs 2000-2005","C:\Work\AWSMusic\SheetMusic\Various Artists\Books\Various Artists - Best Rock Songs 2000-2005.pdf","False","False","Missing"
"Various Artists","Various Artists - Biggest Pop Hits 1996-1997","C:\Work\AWSMusic\SheetMusic\Various Artists\Books\Various Artists - Biggest Pop Hits 1996-1997.pdf","False","False","Missing"
"Various Artists","Various Artists - Chart Hits 01-02","C:\Work\AWSMusic\SheetMusic\Various Artists\Books\Various Artists - Chart Hits 01-02.pdf","False","False","Missing"
"Various Artists","Various Artists - Chart Hits 04-05","C:\Work\AWSMusic\SheetMusic\Various Artists\Books\Various Artists - Chart Hits 04-05.pdf","False","False","Missing"
"Various Artists","Various Artists - Chart Hits 98-99","C:\Work\AWSMusic\SheetMusic\Various Artists\Books\Various Artists - Chart Hits 98-99.pdf","False","False","Missing"
"Various Artists","Various Artists - Classic Rock - 73 songs","C:\Work\AWSMusic\SheetMusic\Various Artists\Books\Various Artists - Classic Rock - 73 songs.pdf","False","False","Missing"
"Various Artists","Various Artists - Collection Of Country Music","C:\Work\AWSMusic\SheetMusic\Various Artists\Books\Various Artists - Collection Of Country Music.pdf","False","False","Missing"
"Various Artists","Various Artists - Complete Piano Player Easy Blues (22 songs)","C:\Work\AWSMusic\SheetMusic\Various Artists\Books\Various Artists - Complete Piano Player Easy Blues (22 songs).pdf","False","False","Missing"
"Various Artists","Various Artists - Country Classics [PVG]","C:\Work\AWSMusic\SheetMusic\Various Artists\Books\Various Artists - Country Classics [PVG].pdf","False","False","Missing"
"Various Artists","Various Artists - Even More Songs Of The Eighties [PVG]","C:\Work\AWSMusic\SheetMusic\Various Artists\Books\Various Artists - Even More Songs Of The Eighties [PVG].pdf","False","False","Missing"
"Various Artists","Various Artists - Golden Era of Rock and Roll (grab it!)","C:\Work\AWSMusic\SheetMusic\Various Artists\Books\Various Artists - Golden Era of Rock and Roll (grab it!).pdf","False","False","Missing"
"Various Artists","Various Artists - Great Bands Of The 60s [PVG Book]","C:\Work\AWSMusic\SheetMusic\Various Artists\Books\Various Artists - Great Bands Of The 60s [PVG Book].pdf","False","False","Missing"
"Various Artists","Various Artists - Great Bands Of The 70s [PVG Book]","C:\Work\AWSMusic\SheetMusic\Various Artists\Books\Various Artists - Great Bands Of The 70s [PVG Book].pdf","False","False","Missing"
"Various Artists","Various Artists - Great Big Book of Children's Songs","C:\Work\AWSMusic\SheetMusic\Various Artists\Books\Various Artists - Great Big Book of Children's Songs.pdf","False","False","Missing"
"Various Artists","Various Artists - Great Country Collection","C:\Work\AWSMusic\SheetMusic\Various Artists\Books\Various Artists - Great Country Collection.pdf","False","False","Missing"
"Various Artists","Various Artists - Great Songs Of The 70s [Guitar Tab]","C:\Work\AWSMusic\SheetMusic\Various Artists\Books\Various Artists - Great Songs Of The 70s [Guitar Tab].pdf","False","False","Missing"
"Various Artists","Various Artists - Greatest Hits Of 2004-2005","C:\Work\AWSMusic\SheetMusic\Various Artists\Books\Various Artists - Greatest Hits Of 2004-2005.pdf","False","False","Missing"
"Various Artists","Various Artists - Greatest Love Songs Of 80s","C:\Work\AWSMusic\SheetMusic\Various Artists\Books\Various Artists - Greatest Love Songs Of 80s.pdf","False","False","Missing"
"Various Artists","Various Artists - Greatest Love Songs Of The 60s","C:\Work\AWSMusic\SheetMusic\Various Artists\Books\Various Artists - Greatest Love Songs Of The 60s.pdf","False","False","Missing"
"Various Artists","Various Artists - Greatest Love Songs Of The 70s","C:\Work\AWSMusic\SheetMusic\Various Artists\Books\Various Artists - Greatest Love Songs Of The 70s.pdf","False","False","Missing"
"Various Artists","Various Artists - Greatest Love Songs Of The 80s","C:\Work\AWSMusic\SheetMusic\Various Artists\Books\Various Artists - Greatest Love Songs Of The 80s.pdf","False","False","Missing"
"Various Artists","Various Artists - Heavy Metal Vol. III","C:\Work\AWSMusic\SheetMusic\Various Artists\Books\Various Artists - Heavy Metal Vol. III.pdf","False","False","Missing"
"Various Artists","Various Artists - Heavy Rock Hits Of The 80s [PVG]","C:\Work\AWSMusic\SheetMusic\Various Artists\Books\Various Artists - Heavy Rock Hits Of The 80s [PVG].pdf","False","False","Missing"
"Various Artists","Various Artists - History Of Rock - Late 80s","C:\Work\AWSMusic\SheetMusic\Various Artists\Books\Various Artists - History Of Rock - Late 80s.pdf","False","False","Missing"
"Various Artists","Various Artists - More Songs Of The Eighties [PVG]","C:\Work\AWSMusic\SheetMusic\Various Artists\Books\Various Artists - More Songs Of The Eighties [PVG].pdf","False","False","Missing"
"Various Artists","Various Artists - Music For The Millenium - The Seventies","C:\Work\AWSMusic\SheetMusic\Various Artists\Books\Various Artists - Music For The Millenium - The Seventies.pdf","False","False","Missing"
"Various Artists","Various Artists - Music For The Millennium The Seventies","C:\Work\AWSMusic\SheetMusic\Various Artists\Books\Various Artists - Music For The Millennium The Seventies.pdf","False","False","Missing"
"Various Artists","Various Artists - Oldies But Goodies","C:\Work\AWSMusic\SheetMusic\Various Artists\Books\Various Artists - Oldies But Goodies.pdf","False","False","Missing"
"Various Artists","Various Artists - Popular Piano Solos","C:\Work\AWSMusic\SheetMusic\Various Artists\Books\Various Artists - Popular Piano Solos.pdf","False","False","Missing"
"Various Artists","Various Artists - Songs Of The 60s [PVG]","C:\Work\AWSMusic\SheetMusic\Various Artists\Books\Various Artists - Songs Of The 60s [PVG].pdf","False","False","Missing"
"Various Artists","Various Artists - The 1980s","C:\Work\AWSMusic\SheetMusic\Various Artists\Books\Various Artists - The 1980s.pdf","False","False","Missing"
"Various Artists","Various Artists - The 60s and 70s Rock Score","C:\Work\AWSMusic\SheetMusic\Various Artists\Books\Various Artists - The 60s and 70s Rock Score.pdf","False","False","Missing"
"Various Artists","Various Artists - The Best Children's Songs Ever (Easy Piano)","C:\Work\AWSMusic\SheetMusic\Various Artists\Books\Various Artists - The Best Children's Songs Ever (Easy Piano).pdf","False","False","Missing"
"Various Artists","Various Artists - The Decade Series - The 1980s","C:\Work\AWSMusic\SheetMusic\Various Artists\Books\Various Artists - The Decade Series - The 1980s.pdf","False","False","Missing"
"Various Artists","Various Artists - The Greatest Love Songs of the 80s","C:\Work\AWSMusic\SheetMusic\Various Artists\Books\Various Artists - The Greatest Love Songs of the 80s.pdf","False","False","Missing"
"Various Artists","Various Artists - Ultimate 100 Pop Hits Of The 90s","C:\Work\AWSMusic\SheetMusic\Various Artists\Books\Various Artists - Ultimate 100 Pop Hits Of The 90s.pdf","False","False","Missing"
"Various Artists","Various Artists - Ultimate 80s Songs","C:\Work\AWSMusic\SheetMusic\Various Artists\Books\Various Artists - Ultimate 80s Songs.pdf","False","False","Missing"
"Various Artists","Various Artists - Ultimate Pop Sheet Music Collection 2000","C:\Work\AWSMusic\SheetMusic\Various Artists\Books\Various Artists - Ultimate Pop Sheet Music Collection 2000.pdf","False","False","Missing"
"Vince Guaraldi","Vince Guaraldi - Peanuts Songbook","C:\Work\AWSMusic\SheetMusic\Vince Guaraldi\Books\Vince Guaraldi - Peanuts Songbook.pdf","False","False","Missing"
"Vince Guaraldi","Vince Guaraldi - The Vince Guaraldi Collection","C:\Work\AWSMusic\SheetMusic\Vince Guaraldi\Books\Vince Guaraldi - The Vince Guaraldi Collection.pdf","False","False","Missing"
"Whitney Houston","Whitney Houston - The Best Of","C:\Work\AWSMusic\SheetMusic\Whitney Houston\Books\Whitney Houston - The Best Of.pdf","False","False","Missing"
"Who","Who - Quadrophenia (PVG)","C:\Work\AWSMusic\SheetMusic\Who\Books\Who - Quadrophenia (PVG).pdf","True","True","Complete"
"Who","Who - Who Anthology","C:\Work\AWSMusic\SheetMusic\Who\Books\Who - Who Anthology.pdf","False","False","Missing"
"Wings","Wings - Greatest Hits","C:\Work\AWSMusic\SheetMusic\Wings\Books\Wings - Greatest Hits.pdf","True","True","Complete"
"Wings","Wings - London Town (PVG Book)","C:\Work\AWSMusic\SheetMusic\Wings\Books\Wings - London Town (PVG Book).pdf","True","True","Complete"
"Wings","Wings - Over America [PVG]","C:\Work\AWSMusic\SheetMusic\Wings\Books\Wings - Over America [PVG].pdf","True","False","Empty"
"Yes","Yes - Complete Deluxe Edition","C:\Work\AWSMusic\SheetMusic\Yes\Books\Yes - Complete Deluxe Edition.pdf","False","False","Missing"
"ZZ Top","Greatest Hits","C:\Work\AWSMusic\SheetMusic\ZZ Top\Books\Greatest Hits.pdf","True","True","Complete"
"_Broadway Shows","A Treasury of Gilbert & Sullivan Part 1","C:\Work\AWSMusic\SheetMusic\_Broadway Shows\Books\A Treasury of Gilbert & Sullivan Part 1.pdf","True","True","Complete"
"_Broadway Shows","A Treasury of Gilbert & Sullivan Part 2","C:\Work\AWSMusic\SheetMusic\_Broadway Shows\Books\A Treasury of Gilbert & Sullivan Part 2.pdf","True","True","Complete"
"_Broadway Shows","Lambert and Morrison - The Drowsy Chaperone (Version 1)","C:\Work\AWSMusic\SheetMusic\_Broadway Shows\Books\Lambert and Morrison - The Drowsy Chaperone (Version 1).pdf","True","True","Complete"
"_Broadway Shows","Lambert and Morrison - The Drowsy Chaperone (Version 2)","C:\Work\AWSMusic\SheetMusic\_Broadway Shows\Books\Lambert and Morrison - The Drowsy Chaperone (Version 2).pdf","True","True","Complete"
"_Broadway Shows","Lerner and Loewe - Camelot","C:\Work\AWSMusic\SheetMusic\_Broadway Shows\Books\Lerner and Loewe - Camelot.pdf","True","True","Complete"
"_Broadway Shows","Mamma Mia","C:\Work\AWSMusic\SheetMusic\_Broadway Shows\Books\Mamma Mia.pdf","True","True","Complete"
"_Broadway Shows","Rogers and Hammerstein - South Pacific","C:\Work\AWSMusic\SheetMusic\_Broadway Shows\Books\Rogers and Hammerstein - South Pacific.pdf","True","True","Complete"
"_Broadway Shows","The Wedding Singer","C:\Work\AWSMusic\SheetMusic\_Broadway Shows\Books\The Wedding Singer.pdf","True","True","Complete"
"_Broadway Shows","Various Artists - 25th Annual Putnam County Spelling Bee","C:\Work\AWSMusic\SheetMusic\_Broadway Shows\Books\Various Artists - 25th Annual Putnam County Spelling Bee.pdf","False","False","Missing"
"_Broadway Shows","Various Artists - Aida","C:\Work\AWSMusic\SheetMusic\_Broadway Shows\Books\Various Artists - Aida.pdf","True","True","Complete"
"_Broadway Shows","Various Artists - Aladdin (book)","C:\Work\AWSMusic\SheetMusic\_Broadway Shows\Books\Various Artists - Aladdin (book).pdf","True","True","Complete"
"_Broadway Shows","Various Artists - Aladdin Jr","C:\Work\AWSMusic\SheetMusic\_Broadway Shows\Books\Various Artists - Aladdin Jr.pdf","True","True","Complete"
"_Broadway Shows","Various Artists - Annie - Full Score","C:\Work\AWSMusic\SheetMusic\_Broadway Shows\Books\Various Artists - Annie - Full Score.pdf","True","True","Complete"
"_Broadway Shows","Various Artists - Avenue Q - Full Score","C:\Work\AWSMusic\SheetMusic\_Broadway Shows\Books\Various Artists - Avenue Q - Full Score.pdf","True","True","Complete"
"_Broadway Shows","Various Artists - Avenue X - Vocal Chorus Book","C:\Work\AWSMusic\SheetMusic\_Broadway Shows\Books\Various Artists - Avenue X - Vocal Chorus Book.pdf","True","True","Complete"
"_Broadway Shows","Various Artists - Beauty and the Beast (1994 MTI PC Score, complete)","C:\Work\AWSMusic\SheetMusic\_Broadway Shows\Books\Various Artists - Beauty and the Beast (1994 MTI PC Score, complete).pdf","True","True","Complete"
"_Broadway Shows","Various Artists - Beauty and the Beast [Score]","C:\Work\AWSMusic\SheetMusic\_Broadway Shows\Books\Various Artists - Beauty and the Beast [Score].pdf","True","False","Empty"
"_Broadway Shows","Various Artists - Best in Broadway Deluxe Edition","C:\Work\AWSMusic\SheetMusic\_Broadway Shows\Books\Various Artists - Best in Broadway Deluxe Edition.pdf","True","True","Complete"
"_Broadway Shows","Various Artists - Cabaret (1998 version)","C:\Work\AWSMusic\SheetMusic\_Broadway Shows\Books\Various Artists - Cabaret (1998 version).pdf","True","True","Complete"
"_Broadway Shows","Various Artists - Cabaret (Original)","C:\Work\AWSMusic\SheetMusic\_Broadway Shows\Books\Various Artists - Cabaret (Original).pdf","True","True","Complete"
"_Broadway Shows","Various Artists - Cats - Conductor Score","C:\Work\AWSMusic\SheetMusic\_Broadway Shows\Books\Various Artists - Cats - Conductor Score.pdf","True","True","Complete"
"_Broadway Shows","Various Artists - Chicago (1975)","C:\Work\AWSMusic\SheetMusic\_Broadway Shows\Books\Various Artists - Chicago (1975).pdf","True","True","Complete"
"_Broadway Shows","Various Artists - Dear Evan Hansen (PVG)","C:\Work\AWSMusic\SheetMusic\_Broadway Shows\Books\Various Artists - Dear Evan Hansen (PVG).pdf","True","True","Complete"
"_Broadway Shows","Various Artists - Dirty Rotten Scoundrels (Piano-Vocal)","C:\Work\AWSMusic\SheetMusic\_Broadway Shows\Books\Various Artists - Dirty Rotten Scoundrels (Piano-Vocal).pdf","True","True","Complete"
"_Broadway Shows","Various Artists - Evita  [Conductor Score]","C:\Work\AWSMusic\SheetMusic\_Broadway Shows\Books\Various Artists - Evita  [Conductor Score].pdf","False","False","Missing"
"_Broadway Shows","Various Artists - Evita [Score]","C:\Work\AWSMusic\SheetMusic\_Broadway Shows\Books\Various Artists - Evita [Score].pdf","True","False","Empty"
"_Broadway Shows","Various Artists - Footloose [Score]","C:\Work\AWSMusic\SheetMusic\_Broadway Shows\Books\Various Artists - Footloose [Score].pdf","True","False","Empty"
"_Broadway Shows","Various Artists - Grease [1994 Score]","C:\Work\AWSMusic\SheetMusic\_Broadway Shows\Books\Various Artists - Grease [1994 Score].pdf","True","False","Empty"
"_Broadway Shows","Various Artists - Grease [2003 Score]","C:\Work\AWSMusic\SheetMusic\_Broadway Shows\Books\Various Artists - Grease [2003 Score].pdf","True","False","Empty"
"_Broadway Shows","Various Artists - Hair (rev 1995) - Piano Conductor Score","C:\Work\AWSMusic\SheetMusic\_Broadway Shows\Books\Various Artists - Hair (rev 1995) - Piano Conductor Score.pdf","True","True","Complete"
"_Broadway Shows","Various Artists - High School Musical 1 [Libretto]","C:\Work\AWSMusic\SheetMusic\_Broadway Shows\Books\Various Artists - High School Musical 1 [Libretto].pdf","False","False","Missing"
"_Broadway Shows","Various Artists - High School Musical [score]","C:\Work\AWSMusic\SheetMusic\_Broadway Shows\Books\Various Artists - High School Musical [score].pdf","True","False","Empty"
"_Broadway Shows","Various Artists - Jesus Christ Superstar","C:\Work\AWSMusic\SheetMusic\_Broadway Shows\Books\Various Artists - Jesus Christ Superstar.pdf","True","True","Complete"
"_Broadway Shows","Various Artists - Legally Blonde - score","C:\Work\AWSMusic\SheetMusic\_Broadway Shows\Books\Various Artists - Legally Blonde - score.pdf","True","True","Complete"
"_Broadway Shows","Various Artists - Les Miserables - Full Score","C:\Work\AWSMusic\SheetMusic\_Broadway Shows\Books\Various Artists - Les Miserables - Full Score.pdf","True","True","Complete"
"_Broadway Shows","Various Artists - Les Miserables - Piano-Conductor (complete)","C:\Work\AWSMusic\SheetMusic\_Broadway Shows\Books\Various Artists - Les Miserables - Piano-Conductor (complete).pdf","True","True","Complete"
"_Broadway Shows","Various Artists - Les Miserables - Piano-Conductor","C:\Work\AWSMusic\SheetMusic\_Broadway Shows\Books\Various Artists - Les Miserables - Piano-Conductor.pdf","True","True","Complete"
"_Broadway Shows","Various Artists - Lion King [Score]","C:\Work\AWSMusic\SheetMusic\_Broadway Shows\Books\Various Artists - Lion King [Score].pdf","True","False","Empty"
"_Broadway Shows","Various Artists - Little Mermaid Workshop score","C:\Work\AWSMusic\SheetMusic\_Broadway Shows\Books\Various Artists - Little Mermaid Workshop score.PDF","True","True","Complete"
"_Broadway Shows","Various Artists - Little Shop Of Horrors (Broadway)","C:\Work\AWSMusic\SheetMusic\_Broadway Shows\Books\Various Artists - Little Shop Of Horrors (Broadway).pdf","False","False","Missing"
"_Broadway Shows","Various Artists - Little Shop of Horrors (original)","C:\Work\AWSMusic\SheetMusic\_Broadway Shows\Books\Various Artists - Little Shop of Horrors (original).pdf","True","True","Complete"
"_Broadway Shows","Various Artists - Little Shop of Horrors Script","C:\Work\AWSMusic\SheetMusic\_Broadway Shows\Books\Various Artists - Little Shop of Horrors Script.pdf","False","False","Missing"
"_Broadway Shows","Various Artists - Mary Poppins","C:\Work\AWSMusic\SheetMusic\_Broadway Shows\Books\Various Artists - Mary Poppins.pdf","True","True","Complete"
"_Broadway Shows","Various Artists - Phantom of Opera [SATB]","C:\Work\AWSMusic\SheetMusic\_Broadway Shows\Books\Various Artists - Phantom of Opera [SATB].pdf","True","False","Empty"
"_Broadway Shows","Various Artists - Phantom of the Opera [Score]","C:\Work\AWSMusic\SheetMusic\_Broadway Shows\Books\Various Artists - Phantom of the Opera [Score].pdf","True","False","Empty"
"_Broadway Shows","Various Artists - Phantom of the Opera","C:\Work\AWSMusic\SheetMusic\_Broadway Shows\Books\Various Artists - Phantom of the Opera.pdf","True","True","Complete"
"_Broadway Shows","Various Artists - Rent [Score]","C:\Work\AWSMusic\SheetMusic\_Broadway Shows\Books\Various Artists - Rent [Score].pdf","True","False","Empty"
"_Broadway Shows","Various Artists - Rocky Horror Show Revised - Full Score","C:\Work\AWSMusic\SheetMusic\_Broadway Shows\Books\Various Artists - Rocky Horror Show Revised - Full Score.pdf","True","True","Complete"
"_Broadway Shows","Various Artists - Rocky Horror Show","C:\Work\AWSMusic\SheetMusic\_Broadway Shows\Books\Various Artists - Rocky Horror Show.pdf","True","True","Complete"
"_Broadway Shows","Various Artists - Seussical - TYA","C:\Work\AWSMusic\SheetMusic\_Broadway Shows\Books\Various Artists - Seussical - TYA.pdf","True","True","Complete"
"_Broadway Shows","Various Artists - Seussical [Piano-Conductor]","C:\Work\AWSMusic\SheetMusic\_Broadway Shows\Books\Various Artists - Seussical [Piano-Conductor].pdf","False","False","Missing"
"_Broadway Shows","Various Artists - Seussical [PV Score]","C:\Work\AWSMusic\SheetMusic\_Broadway Shows\Books\Various Artists - Seussical [PV Score].pdf","True","False","Empty"
"_Broadway Shows","Various Artists - Shrek The Musical","C:\Work\AWSMusic\SheetMusic\_Broadway Shows\Books\Various Artists - Shrek The Musical.pdf","False","False","Missing"
"_Broadway Shows","Various Artists - Sound of Music (Vocal Selections)","C:\Work\AWSMusic\SheetMusic\_Broadway Shows\Books\Various Artists - Sound of Music (Vocal Selections).pdf","True","True","Complete"
"_Broadway Shows","Various Artists - Sound of Music","C:\Work\AWSMusic\SheetMusic\_Broadway Shows\Books\Various Artists - Sound of Music.pdf","True","True","Complete"
"_Broadway Shows","Various Artists - Spamalot","C:\Work\AWSMusic\SheetMusic\_Broadway Shows\Books\Various Artists - Spamalot.pdf","True","True","Complete"
"_Broadway Shows","Various Artists - Sweeney Todd Vocal Score","C:\Work\AWSMusic\SheetMusic\_Broadway Shows\Books\Various Artists - Sweeney Todd Vocal Score.pdf","True","True","Complete"
"_Broadway Shows","Various Artists - The Hobbit Score","C:\Work\AWSMusic\SheetMusic\_Broadway Shows\Books\Various Artists - The Hobbit Score.pdf","True","True","Complete"
"_Broadway Shows","Various Artists - The Ultimate BROADWAY fakebook","C:\Work\AWSMusic\SheetMusic\_Broadway Shows\Books\Various Artists - The Ultimate BROADWAY fakebook.pdf","True","True","Complete"
"_Broadway Shows","Various Artists - Wicked [PVG]","C:\Work\AWSMusic\SheetMusic\_Broadway Shows\Books\Various Artists - Wicked [PVG].pdf","True","False","Empty"
"_Broadway Shows","Various Artists - Wicked [Score]","C:\Work\AWSMusic\SheetMusic\_Broadway Shows\Books\Various Artists - Wicked [Score].pdf","True","False","Empty"
"_Broadway Shows","Various Artists - Wizard Of Oz (RSC Piano-Conductor)","C:\Work\AWSMusic\SheetMusic\_Broadway Shows\Books\Various Artists - Wizard Of Oz (RSC Piano-Conductor).pdf","True","True","Complete"
"_Broadway Shows","Various Artists - Wizard Of Oz - Piano Conductor","C:\Work\AWSMusic\SheetMusic\_Broadway Shows\Books\Various Artists - Wizard Of Oz - Piano Conductor.pdf","True","True","Complete"
"_Broadway Shows","Various Artists - You're A Good Man Charlie Brown (Score)","C:\Work\AWSMusic\SheetMusic\_Broadway Shows\Books\Various Artists - You're A Good Man Charlie Brown (Score).pdf","False","False","Missing"
"_Broadway Shows","Various Artists - You're A Good Man Charlie Brown [revival] [score]","C:\Work\AWSMusic\SheetMusic\_Broadway Shows\Books\Various Artists - You're A Good Man Charlie Brown [revival] [score].pdf","True","False","Empty"
"_Broadway Shows","Wicked Workshop","C:\Work\AWSMusic\SheetMusic\_Broadway Shows\Books\Wicked Workshop.pdf","False","False","Missing"
"Steven Sondheim","Steven Sondheim - All Sondheim Volume 2 BOOK","C:\Work\AWSMusic\SheetMusic\_Broadway Shows\Steven Sondheim\Books\Steven Sondheim - All Sondheim Volume 2 BOOK.pdf","False","False","Missing"
"Disney","Beauty and the Beast [PVG]","C:\Work\AWSMusic\SheetMusic\_Movie and TV\Disney\Books\Beauty and the Beast [PVG].pdf","False","False","Missing"
"Disney","Brother Bear (Disney)","C:\Work\AWSMusic\SheetMusic\_Movie and TV\Disney\Books\Brother Bear (Disney).pdf","False","False","Missing"
"Disney","Disney Collection (Songs out of order)","C:\Work\AWSMusic\SheetMusic\_Movie and TV\Disney\Books\Disney Collection (Songs out of order).pdf","False","False","Missing"
"Disney","High School Musical - Breaking Free - Piano Sheet Music","C:\Work\AWSMusic\SheetMusic\_Movie and TV\Disney\Books\High School Musical - Breaking Free - Piano Sheet Music.pdf","False","False","Missing"
"Disney","Kasha & Hirschorn - Pete's Dragon","C:\Work\AWSMusic\SheetMusic\_Movie and TV\Disney\Books\Kasha & Hirschorn - Pete's Dragon.pdf","False","False","Missing"
"Disney","Mary Poppins","C:\Work\AWSMusic\SheetMusic\_Movie and TV\Disney\Books\Mary Poppins.pdf","False","False","Missing"
"Disney","Mulan","C:\Work\AWSMusic\SheetMusic\_Movie and TV\Disney\Books\Mulan.pdf","False","False","Missing"
"Disney","Pirates of the Caribbean [Book 1 - The Curse of the Black Pearl]","C:\Work\AWSMusic\SheetMusic\_Movie and TV\Disney\Books\Pirates of the Caribbean [Book 1 - The Curse of the Black Pearl].pdf","False","False","Missing"
"Disney","Pirates of the Caribbean [Book 2 - Dead Man's Chest]","C:\Work\AWSMusic\SheetMusic\_Movie and TV\Disney\Books\Pirates of the Caribbean [Book 2 - Dead Man's Chest].pdf","False","False","Missing"
"Disney","Spirited Away (Disney) (2001)","C:\Work\AWSMusic\SheetMusic\_Movie and TV\Disney\Books\Spirited Away (Disney) (2001).pdf","False","False","Missing"
"Disney","The New Illustrated Treasury of Disney Songs","C:\Work\AWSMusic\SheetMusic\_Movie and TV\Disney\Books\The New Illustrated Treasury of Disney Songs.pdf","False","False","Missing"
"Disney","The New Illustrated Treasury of Disney","C:\Work\AWSMusic\SheetMusic\_Movie and TV\Disney\Books\The New Illustrated Treasury of Disney.pdf","False","False","Missing"
"Disney","Various Artists - Disney Duets","C:\Work\AWSMusic\SheetMusic\_Movie and TV\Disney\Books\Various Artists - Disney Duets.pdf","False","False","Missing"
"Disney","Various Artists - Disney Fake Book","C:\Work\AWSMusic\SheetMusic\_Movie and TV\Disney\Books\Various Artists - Disney Fake Book.pdf","False","False","Missing"
"Disney","Various Artists - Disney Solos For Violin","C:\Work\AWSMusic\SheetMusic\_Movie and TV\Disney\Books\Various Artists - Disney Solos For Violin.pdf","False","False","Missing"
"John Williams","John Williams - Greatest Hits","C:\Work\AWSMusic\SheetMusic\_Movie and TV\John Williams\Books\John Williams - Greatest Hits.pdf","False","False","Missing"
"John Williams","John Williams - Star Wars Episode I - The Phantom Menace","C:\Work\AWSMusic\SheetMusic\_Movie and TV\John Williams\Books\John Williams - Star Wars Episode I - The Phantom Menace.pdf","False","False","Missing"
"John Williams","John Williams - Star Wars Episode II - Attack Of The Clones (lite)","C:\Work\AWSMusic\SheetMusic\_Movie and TV\John Williams\Books\John Williams - Star Wars Episode II - Attack Of The Clones (lite).pdf","False","False","Missing"
"John Williams","John Williams - Star Wars Episode III - Revenge Of The Sith.(Incomplete Grab).","C:\Work\AWSMusic\SheetMusic\_Movie and TV\John Williams\Books\John Williams - Star Wars Episode III - Revenge Of The Sith.(Incomplete Grab)..pdf","False","False","Missing"
"John Williams","John Williams - Star Wars Trilogy","C:\Work\AWSMusic\SheetMusic\_Movie and TV\John Williams\Books\John Williams - Star Wars Trilogy.pdf","False","False","Missing"
"John Williams","Star Wars Suite (John Williams - full Score - Hal Leonard)","C:\Work\AWSMusic\SheetMusic\_Movie and TV\John Williams\Books\Star Wars Suite (John Williams - full Score - Hal Leonard).pdf","False","False","Missing"
"John Williams","Various Artists - Music From The Movies The Adventure Collection","C:\Work\AWSMusic\SheetMusic\_Movie and TV\John Williams\Books\Various Artists - Music From The Movies The Adventure Collection.pdf","False","False","Missing"
"John Williams","Various Artists - Music From The Movies The Animated Collection","C:\Work\AWSMusic\SheetMusic\_Movie and TV\John Williams\Books\Various Artists - Music From The Movies The Animated Collection.pdf","False","False","Missing"
"Others","Budget Books - Movie Songs","C:\Work\AWSMusic\SheetMusic\_Movie and TV\Others\Books\Budget Books - Movie Songs.pdf","False","False","Missing"
"Others","Randy Newman - Toy Story 2","C:\Work\AWSMusic\SheetMusic\_Movie and TV\Others\Books\Randy Newman - Toy Story 2.pdf","False","False","Missing"
"Others","The Wizard of Oz Script","C:\Work\AWSMusic\SheetMusic\_Movie and TV\Others\Books\The Wizard of Oz Script.pdf","False","False","Missing"
"Others","Theme from rocky and otther big hits","C:\Work\AWSMusic\SheetMusic\_Movie and TV\Others\Books\Theme from rocky and otther big hits.pdf","False","False","Missing"
"Others","Various Artists - 100 of the best movie songs ever","C:\Work\AWSMusic\SheetMusic\_Movie and TV\Others\Books\Various Artists - 100 of the best movie songs ever.pdf","False","False","Missing"
"Others","Various Artists - Book Of Great TV Hits","C:\Work\AWSMusic\SheetMusic\_Movie and TV\Others\Books\Various Artists - Book Of Great TV Hits.pdf","False","False","Missing"
"Others","Various Artists - Box Office Themes Vol. 1","C:\Work\AWSMusic\SheetMusic\_Movie and TV\Others\Books\Various Artists - Box Office Themes Vol. 1.pdf","False","False","Missing"
"Others","Various Artists - Complete TV and Film","C:\Work\AWSMusic\SheetMusic\_Movie and TV\Others\Books\Various Artists - Complete TV and Film.pdf","False","False","Missing"
"Others","Various Artists - Decades of Film '70s","C:\Work\AWSMusic\SheetMusic\_Movie and TV\Others\Books\Various Artists - Decades of Film '70s.pdf","False","False","Missing"
"Others","Various Artists - Decades of Film '80s","C:\Work\AWSMusic\SheetMusic\_Movie and TV\Others\Books\Various Artists - Decades of Film '80s.pdf","False","False","Missing"
"Others","Various Artists - Decades of Film '90s","C:\Work\AWSMusic\SheetMusic\_Movie and TV\Others\Books\Various Artists - Decades of Film '90s.pdf","False","False","Missing"
"Others","Various Artists - Eddie and  the Cruisers","C:\Work\AWSMusic\SheetMusic\_Movie and TV\Others\Books\Various Artists - Eddie and  the Cruisers.pdf","False","False","Missing"
"Others","Various Artists - Film Book","C:\Work\AWSMusic\SheetMusic\_Movie and TV\Others\Books\Various Artists - Film Book.pdf","False","False","Missing"
"Others","Various Artists - Film Music for Solo Piano (2)","C:\Work\AWSMusic\SheetMusic\_Movie and TV\Others\Books\Various Artists - Film Music for Solo Piano (2).pdf","False","False","Missing"
"Others","Various Artists - Film Music For Solo Piano","C:\Work\AWSMusic\SheetMusic\_Movie and TV\Others\Books\Various Artists - Film Music For Solo Piano.pdf","False","False","Missing"
"Others","Various Artists - Frozen - Let It Go (Movie Version)","C:\Work\AWSMusic\SheetMusic\_Movie and TV\Others\Books\Various Artists - Frozen - Let It Go (Movie Version).pdf","False","False","Missing"
"Others","Various Artists - High School Musical 1","C:\Work\AWSMusic\SheetMusic\_Movie and TV\Others\Books\Various Artists - High School Musical 1.pdf","False","False","Missing"
"Others","Various Artists - High School Musical 2","C:\Work\AWSMusic\SheetMusic\_Movie and TV\Others\Books\Various Artists - High School Musical 2.pdf","False","False","Missing"
"Others","Various Artists - Little Mermaid","C:\Work\AWSMusic\SheetMusic\_Movie and TV\Others\Books\Various Artists - Little Mermaid.pdf","False","False","Missing"
"Others","Various Artists - Love Songs from the Movies","C:\Work\AWSMusic\SheetMusic\_Movie and TV\Others\Books\Various Artists - Love Songs from the Movies.pdf","False","False","Missing"
"Others","Various Artists - Movie Fakebook","C:\Work\AWSMusic\SheetMusic\_Movie and TV\Others\Books\Various Artists - Movie Fakebook.pdf","False","False","Missing"
"Others","Various Artists - Movie Love Songs [Book]","C:\Work\AWSMusic\SheetMusic\_Movie and TV\Others\Books\Various Artists - Movie Love Songs [Book].pdf","False","False","Missing"
"Others","Various Artists - Movie Melodies - The Very Best Of Movie Songs","C:\Work\AWSMusic\SheetMusic\_Movie and TV\Others\Books\Various Artists - Movie Melodies - The Very Best Of Movie Songs.pdf","False","False","Missing"
"Others","Various Artists - Movie Songs Of The 90s Vol 2","C:\Work\AWSMusic\SheetMusic\_Movie and TV\Others\Books\Various Artists - Movie Songs Of The 90s Vol 2.pdf","False","False","Missing"
"Others","Various Artists - Piano Solos Film Music - The Costume Drama Collection","C:\Work\AWSMusic\SheetMusic\_Movie and TV\Others\Books\Various Artists - Piano Solos Film Music - The Costume Drama Collection.pdf","False","False","Missing"
"Others","Various Artists - Pirates Of The Caribbean At World's End","C:\Work\AWSMusic\SheetMusic\_Movie and TV\Others\Books\Various Artists - Pirates Of The Caribbean At World's End.pdf","False","False","Missing"
"Others","Various Artists - Shrek 1","C:\Work\AWSMusic\SheetMusic\_Movie and TV\Others\Books\Various Artists - Shrek 1.pdf","False","False","Missing"
"Others","Various Artists - Shrek 2","C:\Work\AWSMusic\SheetMusic\_Movie and TV\Others\Books\Various Artists - Shrek 2.pdf","False","False","Missing"
"Others","Various Artists - Shrek 3","C:\Work\AWSMusic\SheetMusic\_Movie and TV\Others\Books\Various Artists - Shrek 3.pdf","False","False","Missing"
"Others","Various Artists - Star Trek (Piano Solo)","C:\Work\AWSMusic\SheetMusic\_Movie and TV\Others\Books\Various Artists - Star Trek (Piano Solo).pdf","False","False","Missing"
"Others","Various Artists - Star Trek - Complete Star Trek Theme Music","C:\Work\AWSMusic\SheetMusic\_Movie and TV\Others\Books\Various Artists - Star Trek - Complete Star Trek Theme Music.pdf","False","False","Missing"
"Others","Various Artists - Star Trek - Complete Theme Music (Piano Solo)","C:\Work\AWSMusic\SheetMusic\_Movie and TV\Others\Books\Various Artists - Star Trek - Complete Theme Music (Piano Solo).pdf","False","False","Missing"
"Others","Various Artists - Star Trek - Deep Space Nine","C:\Work\AWSMusic\SheetMusic\_Movie and TV\Others\Books\Various Artists - Star Trek - Deep Space Nine.pdf","False","False","Missing"
"Others","Various Artists - Star Trek - Enterprise","C:\Work\AWSMusic\SheetMusic\_Movie and TV\Others\Books\Various Artists - Star Trek - Enterprise.pdf","False","False","Missing"
"Others","Various Artists - Star Trek - First Contact","C:\Work\AWSMusic\SheetMusic\_Movie and TV\Others\Books\Various Artists - Star Trek - First Contact.pdf","False","False","Missing"
"Others","Various Artists - Star Trek - Generations","C:\Work\AWSMusic\SheetMusic\_Movie and TV\Others\Books\Various Artists - Star Trek - Generations.pdf","False","False","Missing"
"Others","Various Artists - Star Trek - Insurrection","C:\Work\AWSMusic\SheetMusic\_Movie and TV\Others\Books\Various Artists - Star Trek - Insurrection.pdf","False","False","Missing"
"Others","Various Artists - Star Trek - Star Trek  The Motion Picture","C:\Work\AWSMusic\SheetMusic\_Movie and TV\Others\Books\Various Artists - Star Trek - Star Trek  The Motion Picture.pdf","False","False","Missing"
"Others","Various Artists - Star Trek - Star Trek","C:\Work\AWSMusic\SheetMusic\_Movie and TV\Others\Books\Various Artists - Star Trek - Star Trek.pdf","False","False","Missing"
"Others","Various Artists - Star Trek - The Final Frontier","C:\Work\AWSMusic\SheetMusic\_Movie and TV\Others\Books\Various Artists - Star Trek - The Final Frontier.pdf","False","False","Missing"
"Others","Various Artists - Star Trek - The Next Generation","C:\Work\AWSMusic\SheetMusic\_Movie and TV\Others\Books\Various Artists - Star Trek - The Next Generation.pdf","False","False","Missing"
"Others","Various Artists - Star Trek - The Search For Spock","C:\Work\AWSMusic\SheetMusic\_Movie and TV\Others\Books\Various Artists - Star Trek - The Search For Spock.pdf","False","False","Missing"
"Others","Various Artists - Star Trek - The Undiscovered Country","C:\Work\AWSMusic\SheetMusic\_Movie and TV\Others\Books\Various Artists - Star Trek - The Undiscovered Country.pdf","False","False","Missing"
"Others","Various Artists - Star Trek - The Voyage Home","C:\Work\AWSMusic\SheetMusic\_Movie and TV\Others\Books\Various Artists - Star Trek - The Voyage Home.pdf","False","False","Missing"
"Others","Various Artists - Star Trek - The Wrath of Khan","C:\Work\AWSMusic\SheetMusic\_Movie and TV\Others\Books\Various Artists - Star Trek - The Wrath of Khan.pdf","False","False","Missing"
"Others","Various Artists - Star Trek - Them from Search for Spock","C:\Work\AWSMusic\SheetMusic\_Movie and TV\Others\Books\Various Artists - Star Trek - Them from Search for Spock.pdf","False","False","Missing"
"Others","Various Artists - Star Trek - Voyager","C:\Work\AWSMusic\SheetMusic\_Movie and TV\Others\Books\Various Artists - Star Trek - Voyager.pdf","False","False","Missing"
"Others","Various Artists - The Big Book Of Movie Music","C:\Work\AWSMusic\SheetMusic\_Movie and TV\Others\Books\Various Artists - The Big Book Of Movie Music.pdf","False","False","Missing"
"Others","Various Artists - The Simpsons - Simpsons Songbook","C:\Work\AWSMusic\SheetMusic\_Movie and TV\Others\Books\Various Artists - The Simpsons - Simpsons Songbook.pdf","False","False","Missing"
"Others","Various Artists - The TV Fakebook","C:\Work\AWSMusic\SheetMusic\_Movie and TV\Others\Books\Various Artists - The TV Fakebook.pdf","False","False","Missing"
"Others","Various Artists - Top Movie Hits","C:\Work\AWSMusic\SheetMusic\_Movie and TV\Others\Books\Various Artists - Top Movie Hits.pdf","False","False","Missing"
"Others","Various Artists - TV Detective - Themes For Solo Piano","C:\Work\AWSMusic\SheetMusic\_Movie and TV\Others\Books\Various Artists - TV Detective - Themes For Solo Piano.pdf","False","False","Missing"
"Others","Various Artists - TV Fakebook 2nd Ed","C:\Work\AWSMusic\SheetMusic\_Movie and TV\Others\Books\Various Artists - TV Fakebook 2nd Ed.pdf","False","False","Missing"
"Others","Various Artists - Ultimate TV Showstoppers","C:\Work\AWSMusic\SheetMusic\_Movie and TV\Others\Books\Various Artists - Ultimate TV Showstoppers.pdf","False","False","Missing"
"Others","Various Artists - Warner Bros 75th Anniversary","C:\Work\AWSMusic\SheetMusic\_Movie and TV\Others\Books\Various Artists - Warner Bros 75th Anniversary.pdf","False","False","Missing"
"Others","Various Artists - Wizard Of Oz [Book]","C:\Work\AWSMusic\SheetMusic\_Movie and TV\Others\Books\Various Artists - Wizard Of Oz [Book].pdf","False","False","Missing"
