local_artist,local_book,local_song_count,s3_artist,s3_book,s3_song_count,match_pct,match_quality
Acdc,ACDC - Anthology,3,Acdc,Anthology,3,1.0,PERFECT
Adele,Adele - 19 _PVG Book_,12,Adele,19 [pvg Book],12,1.0,PERFECT
Aerosmith,Aerosmith - Greatest Hits _Songbook_,15,Aerosmith,Greatest Hits (songbook),15,1.0,PERFECT
Allman Brothers,Allman Brothers - Allman Brothers Band _PVG_,15,Allman Brothers,Allman Brothers Band [pvg],15,1.0,PERFECT
Allman Brothers,Allman Brothers - Band Best _Score_,8,Allman Brothers,Band Best [score],8,1.0,PERFECT
Allman Brothers,Allman Brothers - Best Of _PVG_,28,Allman Brothers,Best Of [pvg],28,1.0,PERFECT
America,America - Greatest Hits [Book],4,America,America - Greatest Hits [book],7,1.0,PERFECT
America,America - Greatest Hits _Book_,4,America,America - Greatest Hits [book],7,1.0,PERFECT
Barry Manilow,Barry Manilow - Anthology,52,Barry Manilow,Anthology,53,1.0,PERFECT
Beatles,Beatles - Anthology 2 page_41_-72,1,Beatles,Beatles - Anthology 2 (page 41 -72),1,1.0,PERFECT
Beatles,Beatles - Anthology 2 page_73_-112,1,Beatles,Beatles - 100 Hits For All Keyboards,34,1.0,PERFECT
Beatles,Beatles - Anthology 3 _page 37 - 79,1,Beatles,Beatles - Anthology 3 (page 37 - 79,1,1.0,PERFECT
Beatles,Beatles - Anthology 3 page_80_-_111,1,Beatles,Beatles - Abbey Road,7,1.0,PERFECT
Beatles,Beatles - Joy Of Beatles,1,Beatles,Beatles - Anthology 1 (113 Pages),20,1.0,PERFECT
Beatles,Beatles - Sergeant Peppers Lonely Hearts Club Band,1,Beatles,Beatles - Complete Scores (2),160,1.0,PERFECT
Beatles,Beatles - White Album 1 _Guitar Recorded Version_,1,Beatles,Beatles - 100 Hits For All Keyboards,34,1.0,PERFECT
Bee Gees,Bee Gees - Anthology,1,Bee Gees,Bee Gees - Anthology,1,1.0,PERFECT
Ben Folds,Ben Folds - Rockin The Suburbs _Book_,1,Ben Folds,Ben Folds - Rockin' The Suburbs [book],1,1.0,PERFECT
Ben Folds,Ben Folds - Rockin' The Suburbs [Book],1,Ben Folds,Ben Folds - Rockin' The Suburbs [book],1,1.0,PERFECT
Billy Joel,Billy Joel - 52nd Street,9,Billy Joel,52nd Street,9,1.0,PERFECT
Billy Joel,Billy Joel - Anthology,29,Billy Joel,Billy Joel - Anthology,29,1.0,PERFECT
Billy Joel,Billy Joel - Best Of Piano Solos,13,Billy Joel,Best Of Piano Solos,13,1.0,PERFECT
Billy Joel,Billy Joel - Fantasies And Delusions,11,Billy Joel,Billy Joel - Fantasies & Delusions,11,1.0,PERFECT
Billy Joel,Billy Joel - For Advanced Piano,11,Billy Joel,For Advanced Piano,11,1.0,PERFECT
Billy Joel,Billy Joel - Glass Houses,10,Billy Joel,Billy Joel - Glass Houses,10,1.0,PERFECT
Billy Joel,Billy Joel - Greatest Hits,21,Billy Joel,Billy Joel - Greatest Hits,21,1.0,PERFECT
Billy Joel,Billy Joel - Greatest Hits Vol I And II,21,Billy Joel,Billy Joel - Greatest Hits,21,1.0,PERFECT
Billy Joel,Billy Joel - Greatest Hits Vol III,1,Billy Joel,Greatest Hits Vol Iii,1,1.0,PERFECT
Billy Joel,Billy Joel - Keyboard Book,15,Billy Joel,Billy Joel - Keyboard Book,15,1.0,PERFECT
Billy Joel,Billy Joel - Rock Score,8,Billy Joel,Rock Score,8,1.0,PERFECT
Billy Joel,Billy Joel - Songs In The Attic,11,Billy Joel,Songs In The Attic,11,1.0,PERFECT
Billy Joel,Billy Joel - Turnstiles,8,Billy Joel,Billy Joel - Turnstiles,8,1.0,PERFECT
Billy Joel,Billy Joel Greatest Hits Vols 1 And 2,11,Billy Joel,Billy Joel Greatest Hits Vols 1 And 2,12,1.0,PERFECT
Bob Dylan,Bob Dylan - Highway 61 Revisited,10,Bob Dylan,Highway 61 Revisited,10,1.0,PERFECT
Bob Dylan,Bob Dylan - Nashville Skyline,1,Bob Dylan,Bob Dylan - Nashville Skyline,1,1.0,PERFECT
Bob Dylan,Bob Dylan - Rock Score,6,Bob Dylan,Rock Score,6,1.0,PERFECT
Bob Dylan,Bob Dylan - The Harp Styles Of Bob Dylan _Harmonica_,12,Bob Dylan,The Harp Styles Of Bob Dylan [harmonica],12,1.0,PERFECT
Bonnie Raitt,Bonnie Raitt - Nick Of Time _PVG Book_,1,Bonnie Raitt,Bonnie Raitt - Nick Of Time [pvg Book],1,1.0,PERFECT
Bruce Springsteen,Bruce Springsteen - Born In The USA,13,Bruce Springsteen,Born In The Usa,13,1.0,PERFECT
Bruce Springsteen,Bruce Springsteen - Lucky Town,9,Bruce Springsteen,Lucky Town,9,1.0,PERFECT
Cheap Trick,Cheap Trick - Greatest Hits _Score_,1,Cheap Trick,Cheap Trick - Greatest Hits [score],1,1.0,PERFECT
Creedence Clearwater Revival,Creedence Clearwater Revival - Guitar Tab Book,7,Creedence Clearwater Revival,Creedence Clearwater Revival - Guitar Tab Book,7,1.0,PERFECT
David Crosby,David Crosby - Songbook _Lead Sheets_,1,David Crosby,David Crosby - Songbook [lead Sheets],1,1.0,PERFECT
Dire Straits,Dire Straits - Brothers In Arms,9,Dire Straits,Dire Straits - Brothers In Arms,9,1.0,PERFECT
Dire Straits,Dire Straits - Money For Nothing _Guitar Book_,1,Dire Straits,Dire Straits - Jam With Dire Straits [guitar Book],5,1.0,PERFECT
Don Henley,Don Henley - Actual Miles _Greatest Hits_,3,Don Henley,Don Henley - Actual Miles (greatest Hits),3,1.0,PERFECT
Doobie Brothers,Doobie Brothers - Best Of _Band Score Jap_,1,Doobie Brothers,Doobie Brothers - Best Of [band Score Jap],1,1.0,PERFECT
Eagles,Eagles - Hotel California _Guitar Songbook_,1,Eagles,Eagles - Hotel California (guitar Songbook),1,1.0,PERFECT
Elo,ELO - Greatest Hits,2,Elo,Elo - Greatest Hits,2,1.0,PERFECT
Elo,Elo - Anthology _PVG_,32,Elo,Anthology [pvg],32,1.0,PERFECT
Elo,Elo - Discovery _PVG Book_,1,Elo,Elo - Discovery [pvg Book],7,1.0,PERFECT
Elo,Elo - Face The Music _PVG Bok_,2,Elo,Elo - Face The Music [pvg Bok],2,1.0,PERFECT
Elo,Elo - Out Of The Blue _Book_,1,Elo,Anthology [pvg],32,1.0,PERFECT
Elo,Elton John - The Elton John Collection [Piano Solos],29,Elo,Elton John - The Elton John Collection [piano Solos],29,1.0,PERFECT
Elton John,Elton John - Goodbye Yellow Brick Road,2,Elton John,Elton John - Goodbye Yellow Brick Road,2,1.0,PERFECT
Elton John,Elton John - Sleeping With The Past,1,Elton John,Elton John - Sleeping With The Past,1,1.0,PERFECT
Elton John,Elton John - The One,5,Elton John,Elton John - The One,5,1.0,PERFECT
Elton John,Elton John - The Very Best Of,1,Elton John,Elton John - Greatest Hits 1970-2002,19,1.0,PERFECT
Elton John,Elton John - Too Low For Zero _Book_,10,Elton John,Too Low For Zero [book],10,1.0,PERFECT
Elvis Costello,Elvis Costello - The Very Best Of,42,Elvis Costello,The Very Best Of,42,1.0,PERFECT
Emerson Lake And Palmer,Emerson Lake And Palmer - Black Book,2,Emerson Lake And Palmer,Black Book,2,1.0,PERFECT
Emerson Lake And Palmer,Emerson Lake And Palmer - Greatest Hits,10,Emerson Lake And Palmer,Greatest Hits,10,1.0,PERFECT
Emerson Lake And Palmer,Emerson Lake And Palmer - Tarkus _Book_,13,Emerson Lake And Palmer,Tarkus [book],13,1.0,PERFECT
Emerson Lake And Palmer,Emerson Lake And Palmer - Trilogy _Book_,7,Emerson Lake And Palmer,Trilogy [book],7,1.0,PERFECT
Eric Clapton,Eric Clapton - Derek And The Dominos _Book_,14,Eric Clapton,Derek And The Dominos [book],14,1.0,PERFECT
Eric Clapton,Eric Clapton - The Best Of Book,10,Eric Clapton,The Best Of Book,10,1.0,PERFECT
Eric Clapton,Eric Clapton - Unplugged _Book_,14,Eric Clapton,Unplugged [book],14,1.0,PERFECT
Fleetwood Mac,Fleetwood Mac - Anthology,27,Fleetwood Mac,Anthology,27,1.0,PERFECT
Fleetwood Mac,Fleetwood Mac - Deluxe Anthology,42,Fleetwood Mac,Deluxe Anthology,42,1.0,PERFECT
Fleetwood Mac,Fleetwood Mac - Fleetwood Mac Heroes Are Hard To Find,15,Fleetwood Mac,Fleetwood Mac + Heroes Are Hard To Find,15,1.0,PERFECT
Fleetwood Mac,Fleetwood Mac - Mirage,12,Fleetwood Mac,Mirage,12,1.0,PERFECT
Fleetwood Mac,Fleetwood Mac - Rumours,11,Fleetwood Mac,Deluxe Anthology,42,1.0,PERFECT
Fleetwood Mac,Fleetwood Mac - Tango In The Night,12,Fleetwood Mac,Tango In The Night,12,1.0,PERFECT
Fleetwood Mac,Fleetwood Mac - The Dance,13,Fleetwood Mac,The Dance,13,1.0,PERFECT
Frank Zappa,Frank Zappa - Hot Rats,2,Frank Zappa,Frank Zappa - Hot Rats,2,1.0,PERFECT
Frank Zappa,Frank Zappa - Songbook Vol 1,17,Frank Zappa,Songbook Vol 1,17,1.0,PERFECT
Frank Zappa,Frank Zappa - The Frank Zappa Guitar Book _transcriptions By Steve Vai_,12,Frank Zappa,The Frank Zappa Guitar Book (transcriptions By Steve Vai),12,1.0,PERFECT
Garth Brooks,Garth Brooks - No Fences _Guitar Tab_,7,Garth Brooks,No Fences [guitar Tab],7,1.0,PERFECT
Garth Brooks,Garth Brooks - The Hits _Guitar Tab_,1,Garth Brooks,Garth Brooks - The Hits [guitar Tab],1,1.0,PERFECT
Garth Brooks,Garth Brooks - The Limited Series,21,Garth Brooks,The Limited Series,21,1.0,PERFECT
Genesis,Genesis - A Trick Of The Tail _Book_,8,Genesis,A Trick Of The Tail [book],8,1.0,PERFECT
Genesis,Genesis - Anthology,44,Genesis,Anthology,44,1.0,PERFECT
Genesis,Genesis - Best Of Vol 1,10,Genesis,Best Of Vol 1,10,1.0,PERFECT
Genesis,Genesis - Invisible Touch _Book_,8,Genesis,Invisible Touch [book],8,1.0,PERFECT
Genesis,Genesis - Rock Score,4,Genesis,Anthology,44,1.0,PERFECT
Genesis,Genesis - Seconds Out,8,Genesis,Seconds Out,8,1.0,PERFECT
Genesis,Genesis - Selling England By The Pound,7,Genesis,Selling England By The Pound,7,1.0,PERFECT
George Michael,George Michael - Greatest Hits,29,George Michael,Greatest Hits,29,1.0,PERFECT
George Michael,George Michael - Older _Book_,11,George Michael,Older [book],11,1.0,PERFECT
Grand Funk Railroad,Grand Funk - Closer To Home _PVG Book_,5,Grand Funk Railroad,Grand Funk - Closer To Home [pvg Book],5,1.0,PERFECT
Grand Funk Railroad,Grand Funk - Were An American Band _PVG Book_,8,Grand Funk Railroad,Grand Funk - We're An American Band [pvg Book],8,1.0,PERFECT
Grand Funk Railroad,Grand Funk Railroad - Born To Die _PVG Book_,10,Grand Funk Railroad,Born To Die [pvg Book],10,1.0,PERFECT
Grand Funk Railroad,Grand Funk Railroad - Hits From Were An American Band Shinin On Phoenix _PVG_,23,Grand Funk Railroad,"Hits From We're An American Band, Shinin' On, Phoenix [pvg]",23,1.0,PERFECT
Harry Chapin,Harry Chapin - The Authentic Guitar Style Of _Guitar Tab_,9,Harry Chapin,The Authentic Guitar Style Of [guitar Tab],9,1.0,PERFECT
Henri Mancini,Henry Mancini - A Merry Mancini Christmas,13,Henri Mancini,Henry Mancini - A Merry Mancini Christmas,13,1.0,PERFECT
Jackson Browne,Jackson Browne - Deluxe Anthology,39,Jackson Browne,Deluxe Anthology,39,1.0,PERFECT
James Blunt,James Blunt - All The Lost Souls _Book_,10,James Blunt,All The Lost Souls [book],10,1.0,PERFECT
James Blunt,James Blunt - Back To Bedlam _Book_,1,James Blunt,Back To Bedlam [book],1,1.0,PERFECT
James Taylor,James Taylor - Classic _Guitar_,15,James Taylor,Classic [guitar],15,1.0,PERFECT
James Taylor,James Taylor - Classics _guitar tab_,15,James Taylor,Classic [guitar],15,1.0,PERFECT
James Taylor,James Taylor - Guitar Songbook,24,James Taylor,Guitar Songbook,24,1.0,PERFECT
James Taylor,James Taylor - James Taylor Songbook,24,James Taylor,Guitar Songbook,24,1.0,PERFECT
James Taylor,James Taylor - James Taylor _PVG Book_,21,James Taylor,James Taylor [pvg Book],21,1.0,PERFECT
James Taylor,James Taylor - Thats Why Im Here _PVG Book_,10,James Taylor,That's Why I'm Here [pvg Book],10,1.0,PERFECT
Jim Croce,Jim Croce - Acoustic Fingerstyle Video Guitar Lessons,1,Jim Croce,Acoustic Fingerstyle Video Guitar Lessons,1,1.0,PERFECT
Jimmy Buffet,Jimmy Buffett - Barometer Soup _PVG Book_,9,Jimmy Buffet,Jimmy Buffett - Barometer Soup [pvg Book],9,1.0,PERFECT
Jimmy Buffet,Jimmy Buffett - Fruitcakes _PVG Book_,9,Jimmy Buffet,Jimmy Buffett - Fruitcakes [pvg Book],9,1.0,PERFECT
Joe Cocker,Joe Cocker - Best Of,16,Joe Cocker,Best Of,16,1.0,PERFECT
Joe Cocker,Joe Cocker - Mad Dogs And Englishmen _Book_,16,Joe Cocker,Mad Dogs And Englishmen [book],16,1.0,PERFECT
Joe Cocker,Joe Cocker - Songbook,1,Joe Cocker,Songbook,1,1.0,PERFECT
John Denver,John Denver - Anthology,53,John Denver,Anthology,53,1.0,PERFECT
John Denver,John Denver - Anthology _PVG_,53,John Denver,Anthology [pvg],53,1.0,PERFECT
John Denver,John Denver - Back Home Again,18,John Denver,Best Of [easy Piano],18,1.0,PERFECT
John Denver,John Denver - Best Of _Easy Piano_,18,John Denver,Best Of [easy Piano],18,1.0,PERFECT
John Denver,John Denver - I Want To Live _PVG Book_,11,John Denver,I Want To Live [pvg Book],11,1.0,PERFECT
John Denver,John Denver - The Authentic Guitar Style Of,12,John Denver,The Authentic Guitar Style Of,12,1.0,PERFECT
John Lennon,John Lennon - Greatest Hits,15,John Lennon,Greatest Hits,15,1.0,PERFECT
Joni Mitchell,Joni Mitchell - The Best Of _PVG_,10,Joni Mitchell,The Best Of [pvg],10,1.0,PERFECT
Joni Mitchell,Joni Mitchell Songbook Complete Vol1 1966-1970,28,Joni Mitchell,Joni Mitchell Songbook Complete Vol1 1966-1970,28,1.0,PERFECT
Journey,Journey - Complete,68,Journey,Complete Songbook,68,1.0,PERFECT
Journey,Journey - Complete Songbook,68,Journey,Complete Songbook,68,1.0,PERFECT
Journey,Journey - Frontiers _Jap Band Score_,1,Journey,Frontiers [jap Band Score],1,1.0,PERFECT
Journey,Journey - Greatest Hits,6,Journey,Greatest Hits,6,1.0,PERFECT
Journey,Journey - Greatest Hits _Book_,5,Journey,Complete Songbook,68,1.0,PERFECT
Journey,Journey - Superbest _Jap Band Score_,15,Journey,Superbest [jap Band Score],15,1.0,PERFECT
Judy Garland,Judy Garland - Songbook,13,Judy Garland,Songbook,13,1.0,PERFECT
Katy Perry,Katy Perry - One Of The Boys _PVG Book_,12,Katy Perry,One Of The Boys [pvg Book],12,1.0,PERFECT
Kenny Rogers,Kenny Rogers - Love Or Something Like It _Book_,10,Kenny Rogers,Love Or Something Like It [book],10,1.0,PERFECT
Kinks,Kinks - Best Of The Kinks _Score_,12,Kinks,Best Of The Kinks [score],12,1.0,PERFECT
Kinks,Kinks - Best Of _Score_,9,Kinks,Best Of The Kinks [score],12,1.0,PERFECT
Kinks,Kinks - Great Songs Of Kinks,8,Kinks,Great Songs Of Kinks,8,1.0,PERFECT
Kinks,Kinks - Guitar Legends [Tab],9,Kinks,Guitar Legends [guitar],9,1.0,PERFECT
Kinks,Kinks - Guitar Legends _Guitar_,9,Kinks,Guitar Legends [guitar],9,1.0,PERFECT
Kinks,Kinks - Guitar Legends _Tab_,9,Kinks,Guitar Legends [guitar],9,1.0,PERFECT
Kinks,Kinks - Jam With The Kinks _Tab_,8,Kinks,Jam With The Kinks [tab],8,1.0,PERFECT
Led Zepplin,Led Zeppelin - Led Zeppelin II,1,Led Zepplin,Led Zeppelin - Led Zeppelin Ii,1,1.0,PERFECT
Led Zepplin,Led Zeppelin - Over The Hills And Far Away _PVG_,1,Led Zepplin,Led Zeppelin - Over The Hills And Far Away [pvg],1,1.0,PERFECT
Melissa Etheridge,Melissa Etheridge - Songbook,10,Melissa Etheridge,Songbook,10,1.0,PERFECT
Michael Jackson,Michael Jackson - Great Songs Of _PVG_,10,Michael Jackson,Great Songs Of [pvg],10,1.0,PERFECT
Michael Jackson,Michael Jackson - Number Ones,18,Michael Jackson,Number Ones [book],18,1.0,PERFECT
Michael Jackson,Michael Jackson - Number Ones _Book_,18,Michael Jackson,Number Ones [book],18,1.0,PERFECT
Michael Jackson,Michael Jackson - The Great Songs Of,10,Michael Jackson,The Great Songs Of,10,1.0,PERFECT
Michael Jackson,Michael Jackson - Thriller _The Complete Song Book_,10,Michael Jackson,Thriller (the Complete Song Book),10,1.0,PERFECT
Monkees,Monkees - Greatest Hits,11,Monkees,Greatest Hits,11,1.0,PERFECT
Moody Blues,Moody Blues - Greatest Hits _PVG_,11,Moody Blues,Greatest Hits [pvg],11,1.0,PERFECT
Moody Blues,Moody Blues - Keys Of Kingdom _Band Score_,12,Moody Blues,Keys Of Kingdom [band Score],12,1.0,PERFECT
Neil Diamond,Neil Diamond - The Essential Neil Diamond,40,Neil Diamond,The Essential Neil Diamond,40,1.0,PERFECT
Neil Young,Neil Young - After The Goldrush _PVG Book_,10,Neil Young,After The Goldrush [pvg Book],10,1.0,PERFECT
Neil Young,Neil Young - Decade,22,Neil Young,Decade [pvg Book],22,1.0,PERFECT
Neil Young,Neil Young - Decade _PVG Book_,22,Neil Young,Decade [pvg Book],22,1.0,PERFECT
Neil Young,Neil Young - Greatest Hits _Guitar Tab_,15,Neil Young,Greatest Hits [guitar Tab],15,1.0,PERFECT
Neil Young,Neil Young - Harvest Moon _Guitar Tab_,10,Neil Young,Harvest Moon [guitar Tab],10,1.0,PERFECT
Neil Young,Neil Young - Harvest _Score_,10,Neil Young,Harvest [score],10,1.0,PERFECT
Neil Young,Neil Young - The Best Of Neil Young _PVG Book_,9,Neil Young,The Best Of Neil Young [pvg Book],9,1.0,PERFECT
Night Ranger,Seven Wishes _jap Score_,10,Night Ranger,Night Ranger - Seven Wishes _jap Score_,10,1.0,PERFECT
Paul Mccartney,Paul McCartney - All The Best,22,Paul Mccartney,All The Best,22,1.0,PERFECT
Paul Mccartney,Paul McCartney - Flowers In The Dirt,14,Paul Mccartney,Flowers In The Dirt,14,1.0,PERFECT
Paul Mccartney,Paul McCartney - Press To Play,14,Paul Mccartney,Press To Play,14,1.0,PERFECT
Paul Mccartney,Paul McCartney - Ram,10,Paul Mccartney,Ram,10,1.0,PERFECT
Paul Mccartney,Paul Mccartney - Chaos And Creation In The Backyard _PVG Book_,13,Paul Mccartney,Chaos And Creation In The Backyard [pvg Book],13,1.0,PERFECT
Paul Mccartney,Paul Mccartney - Tripping The Live Fantastic _PVG Book_,38,Paul Mccartney,Tripping The Live Fantastic [pvg Book],38,1.0,PERFECT
Paul Mccartney,Paul Mccartney - Tug Of War _PVG Book_,11,Paul Mccartney,Tug Of War [pvg Book],11,1.0,PERFECT
Paul Simon,Paul Simon - Anthology,49,Paul Simon,Anthology,49,1.0,PERFECT
Paul Simon,Simon And Garfunkels Greatest Hits,14,Paul Simon,Simon & Garfunkel's Greatest Hits,14,1.0,PERFECT
Peter Frampton,Peter Frampton - The Best Of _Guitar Tab_,11,Peter Frampton,The Best Of [guitar Tab],11,1.0,PERFECT
Pink,Pink - Funhouse _PVG_,1,Pink,Funhouse [pvg],1,1.0,PERFECT
Pink,Pink - Im Not Dead _PVG Book_,10,Pink,I'm Not Dead [pvg Book],10,1.0,PERFECT
Pink,Pink - Missundaztood _PVG Book_,1,Pink,Missundaztood [pvg Book],1,1.0,PERFECT
Pink Floyd,Pink Floyd - Anthology - p110-175,1,Pink Floyd,Anthology (book),38,1.0,PERFECT
Pink Floyd,Pink Floyd - Anthology - p58-109,1,Pink Floyd,Anthology (book),38,1.0,PERFECT
Pink Floyd,Pink Floyd - Anthology _PVG_,38,Pink Floyd,Anthology (book),38,1.0,PERFECT
Pink Floyd,Pink Floyd - Anthology _book_,38,Pink Floyd,Anthology (book),38,1.0,PERFECT
Pink Floyd,Pink Floyd - Dark Side Of The Moon,1,Pink Floyd,Dark Side Of The Moon (2),1,1.0,PERFECT
Pink Floyd,Pink Floyd - Dark Side Of The Moon _2_,1,Pink Floyd,Dark Side Of The Moon (2),1,1.0,PERFECT
Pink Floyd,Pink Floyd - Dark Side Of The Moon _PVG_,1,Pink Floyd,Dark Side Of The Moon (2),1,1.0,PERFECT
Pink Floyd,Pink Floyd - Pink Floyd Songbook,10,Pink Floyd,Pink Floyd - Pink Floyd Songbook,10,1.0,PERFECT
Pink Floyd,Pink Floyd - The Wall _PVG_,23,Pink Floyd,The Wall [pvg],23,1.0,PERFECT
Pink Floyd,Pink Floyd - Wish You Were Here,11,Pink Floyd,Wish You Were Here [pvg],12,1.0,PERFECT
Pink Floyd,Pink Floyd - Wish You Were Here _PVG_,12,Pink Floyd,Wish You Were Here [pvg],12,1.0,PERFECT
Police,Police - The Great Songs Of The Police,12,Police,The Great Songs Of The Police,12,1.0,PERFECT
Pretenders,Pretenders - Best Of Pretenders,16,Pretenders,Best Of Pretenders,16,1.0,PERFECT
Prince,Prince - Purple Rain _Score_,1,Prince,Purple Rain [score],1,1.0,PERFECT
Queen,Queen - Deluxe Anthology _PVG_,1,Queen,Deluxe Anthology [pvg],1,1.0,PERFECT
Queen,Queen - Greatest Hits,1,Queen,Deluxe Anthology [pvg],1,1.0,PERFECT
Queen,Queen - Greatest Hits 1 _Score_,16,Queen,Greatest Hits 1 [score],16,1.0,PERFECT
Queen,Queen - Greatest Hits II _PVG_,17,Queen,Greatest Hits Ii [pvg],17,1.0,PERFECT
Queen,Queen - Hit Songs,22,Queen,Hit Songs,22,1.0,PERFECT
Randy Newman,Randy Newman - Collection,1,Randy Newman,Collection,1,1.0,PERFECT
Reo Speedwagon,REO Speedwagon - Good Trouble,1,Reo Speedwagon,Good Trouble,1,1.0,PERFECT
Reo Speedwagon,REO Speedwagon - Hi Infidelity,1,Reo Speedwagon,Hi Infidelity,1,1.0,PERFECT
Reo Speedwagon,REO Speedwagon - Life As We Know It,4,Reo Speedwagon,Reo Speedwagon - Life As We Know It,4,1.0,PERFECT
Reo Speedwagon,REO Speedwagon - The Hits,12,Reo Speedwagon,The Hits,12,1.0,PERFECT
Rod Stewart,Rod Stewart - The Great American Songbook,16,Rod Stewart,The Great American Songbook,16,1.0,PERFECT
Rolling Stones,Rolling Stones - Best Of Rolling Stones 1963-1973 Piano Songbook,20,Rolling Stones,Best Of Rolling Stones 1963-1973 Piano Songbook,20,1.0,PERFECT
Rolling Stones,Rolling Stones - Let It Bleed _Guitar Tab_,9,Rolling Stones,Let It Bleed [guitar Tab],9,1.0,PERFECT
Rolling Stones,Rolling Stones - Sticky Fingers _Score_,10,Rolling Stones,Sticky Fingers [score],10,1.0,PERFECT
Roy Orbison,Roy Orbison - Greatest Hits,19,Roy Orbison,Greatest Hits,19,1.0,PERFECT
Santana,Santana - Off The Record,8,Santana,Off The Record,8,1.0,PERFECT
Scott Joplin,Scott Joplin - The Best Of,17,Scott Joplin,The Best Of,17,1.0,PERFECT
Shania Twain,Shania Twain - Greatest Hits,21,Shania Twain,Greatest Hits,21,1.0,PERFECT
Shania Twain,Shania Twain - Up _PVG Book_,20,Shania Twain,Up! [pvg Book],20,1.0,PERFECT
Sheryl Crow,Sheryl Crow - Tuesday Night Music Club _PVG Book_,11,Sheryl Crow,Tuesday Night Music Club [pvg Book],11,1.0,PERFECT
Sheryl Crow,Sheryl Crow - Very Best,17,Sheryl Crow,Very Best,17,1.0,PERFECT
Spice Girls,Spice Girls - Greatest Hits,11,Spice Girls,Greatest Hits,11,1.0,PERFECT
Steely Dan,Steely Dan - The Best,23,Steely Dan,Steely Dan - The Best,23,1.0,PERFECT
Steve Miller Band,Steve Miller Band - 13 Biggest Hits,13,Steve Miller Band,13 Biggest Hits,13,1.0,PERFECT
Steve Miller Band,Steve Miller Band - Rock Best Hits _Jap Score_,8,Steve Miller Band,Rock Best Hits [jap Score],8,1.0,PERFECT
Steve Winwood,Steve Winwood - Arc Of A Diver _PVG Book_,7,Steve Winwood,Arc Of A Diver [pvg Book],7,1.0,PERFECT
Steve Winwood,Steve Winwood - The Great Songs Of,8,Steve Winwood,The Great Songs Of,8,1.0,PERFECT
Supertramp,Supertramp - Anthology,2,Supertramp,Anthology,2,1.0,PERFECT
Supertramp,Supertramp - Breakfast In America _PVG Book_,10,Supertramp,Breakfast In America [pvg Book],10,1.0,PERFECT
Supertramp,Supertramp - Crime Of The Century _Book_,8,Supertramp,Crime Of The Century [book],8,1.0,PERFECT
Survivor,Survivor - Greatest Hits,10,Survivor,Greatest Hits,10,1.0,PERFECT
Taylor Swift,Taylor Swift - Best Of _Easy Piano_,12,Taylor Swift,Best Of [easy Piano],12,1.0,PERFECT
Taylor Swift,Taylor Swift - Fearless _PVG Book_,16,Taylor Swift,Fearless [pvg Book],16,1.0,PERFECT
Taylor Swift,Taylor Swift - Speak Now _PVG Book_,14,Taylor Swift,Speak Now [pvg Book],14,1.0,PERFECT
Taylor Swift,Taylor Swift - Taylor Swift,11,Taylor Swift,Taylor Swift [guitar Compilation],11,1.0,PERFECT
Taylor Swift,Taylor Swift - Taylor Swift _Guitar Compilation_,11,Taylor Swift,Taylor Swift [guitar Compilation],11,1.0,PERFECT
The Band,Band - Northern Lights Southern Cross _PVG_,8,The Band,Band - Northern Lights Southern Cross [pvg],8,1.0,PERFECT
The Band,Band - Stage Fright _PVG_,9,The Band,Band - Stage Fright [pvg],11,1.0,PERFECT
The Band,The Band - Rock Of Ages _PVG Book_,8,The Band,Rock Of Ages [pvg Book],8,1.0,PERFECT
The Band,The Band - The Band And Music From Big Pink,21,The Band,The Band And Music From Big Pink,21,1.0,PERFECT
Tom Lehrer,Tom Lehrer - Book Covers,1,Tom Lehrer,Tom Lehrer - Book Covers,1,1.0,PERFECT
Tom Lehrer,Tom Lehrer - Too Many Songs _PVC Book_,32,Tom Lehrer,Tom Lehrer - Too Many Songs [pvc Book],32,1.0,PERFECT
Tom Waits,Anthology,29,Tom Waits,Anthology,29,1.0,PERFECT
Tom Waits,Tom Waits - Anthology,24,Tom Waits,Anthology,29,1.0,PERFECT
Tom Waits,Tom Waits - Tom Waits Anthology,7,Tom Waits,Tom Waits - Tom Waits Anthology,7,1.0,PERFECT
Tori Amos,Tori Amos - _Book_ Anthology,25,Tori Amos,[book] Anthology,25,1.0,PERFECT
Toto,Toto - Best of,5,Toto,Best Of,5,1.0,PERFECT
Toto,Toto - Collection,13,Toto,Past To Present [book],13,1.0,PERFECT
Toto,Toto - Past To Present _Book_,13,Toto,Past To Present [book],13,1.0,PERFECT
Traveling Wilburys,Traveling Wilburys - Volume 1,1,Traveling Wilburys,Volume 1,1,1.0,PERFECT
Van Morrison,Van Morrison - Anthology,25,Van Morrison,Anthology,25,1.0,PERFECT
Van Morrison,Van Morrison - Anthology _2_,21,Van Morrison,Anthology (2),21,1.0,PERFECT
Van Morrison,Van Morrison - Back On Top _Book_,10,Van Morrison,Back On Top [book],10,1.0,PERFECT
Van Morrison,Van Morrison - Days Like These _Book_,2,Van Morrison,Days Like These (book),2,1.0,PERFECT
Various Artists,Adult Contemporary Hits Of The Nineties,30,Various Artists,Adult Contemporary Hits Of The Nineties,30,1.0,PERFECT
Various Artists,Various Artists - 50 Platinum Country Hits,50,Various Artists,50 Platinum Country Hits,50,1.0,PERFECT
Various Artists,Various Artists - 557 Standards _Sheet Music - Piano__2_,345,Various Artists,557 Standards (sheet Music - Piano)(2),345,1.0,PERFECT
Various Artists,Various Artists - 70s Hits _Easy Piano_,20,Various Artists,70's Hits [easy Piano],20,1.0,PERFECT
Various Artists,Various Artists - Adult Contemporary Hits Of The Nineties,1,Various Artists,Adult Contemporary Hits Of The Nineties,30,1.0,PERFECT
Various Artists,Various Artists - All Time Best Collection Vol 3,18,Various Artists,All Time Best Collection Vol 3,18,1.0,PERFECT
Various Artists,Various Artists - Best In Country Sheet Music,26,Various Artists,Best In Country Sheet Music,26,1.0,PERFECT
Various Artists,Various Artists - Best Of The 70s And 80s _Solo Piano_,17,Various Artists,Best Of The 70s & 80s [solo Piano],17,1.0,PERFECT
Various Artists,Various Artists - Chart Hits 04-05,19,Various Artists,Chart Hits 04-05,20,1.0,PERFECT
Various Artists,Various Artists - Chart Hits 98-99,26,Various Artists,Chart Hits 98-99,26,1.0,PERFECT
Various Artists,Various Artists - Classic Rock - 73 songs,73,Various Artists,Classic Rock - 73 Songs,73,1.0,PERFECT
Various Artists,Various Artists - Collection Of Country Music,72,Various Artists,Collection Of Country Music,72,1.0,PERFECT
Various Artists,Various Artists - Complete Piano Player Easy Blues _22 songs_,21,Various Artists,Complete Piano Player Easy Blues (22 Songs),21,1.0,PERFECT
Various Artists,Various Artists - Even More Songs Of The Eighties _PVG_,39,Various Artists,Even More Songs Of The Eighties [pvg],39,1.0,PERFECT
Various Artists,Various Artists - Great Bands Of The 60s _PVG Book_,25,Various Artists,Great Bands Of The 60s [pvg Book],25,1.0,PERFECT
Various Artists,Various Artists - Great Bands Of The 70s _PVG Book_,20,Various Artists,Great Bands Of The 70s [pvg Book],20,1.0,PERFECT
Various Artists,Various Artists - Great Big Book Of Childrens Songs,73,Various Artists,Great Big Book Of Children's Songs,73,1.0,PERFECT
Various Artists,Various Artists - Great Country Collection,14,Various Artists,Great Country Collection,14,1.0,PERFECT
Various Artists,Various Artists - Great Songs Of The 70s _Guitar Tab_,30,Various Artists,Great Songs Of The 70s [guitar Tab],30,1.0,PERFECT
Various Artists,Various Artists - Greatest Hits Of 2004-2005,59,Various Artists,Greatest Hits Of 2004-2005,60,1.0,PERFECT
Various Artists,Various Artists - Greatest Love Songs Of 80s,25,Various Artists,Greatest Love Songs Of 80s,25,1.0,PERFECT
Various Artists,Various Artists - Greatest Love Songs Of The 60s,25,Various Artists,Greatest Love Songs Of The 60s,25,1.0,PERFECT
Various Artists,Various Artists - Greatest Love Songs Of The 70s,26,Various Artists,Greatest Love Songs Of The 70s,26,1.0,PERFECT
Various Artists,Various Artists - Greatest Love Songs Of The 80s,25,Various Artists,Greatest Love Songs Of 80s,25,1.0,PERFECT
Various Artists,Various Artists - Heavy Metal Vol III,13,Various Artists,Heavy Metal Vol. Iii,13,1.0,PERFECT
Various Artists,Various Artists - Heavy Rock Hits Of The 80s _PVG_,20,Various Artists,Heavy Rock Hits Of The 80s [pvg],20,1.0,PERFECT
Various Artists,Various Artists - More Songs Of The Eighties _PVG_,42,Various Artists,More Songs Of The Eighties [pvg],43,1.0,PERFECT
Various Artists,Various Artists - Music For The Millenium - The Seventies,17,Various Artists,Music For The Millenium - The Seventies,17,1.0,PERFECT
Various Artists,Various Artists - Music For The Millennium The Seventies,17,Various Artists,Music For The Millenium - The Seventies,17,1.0,PERFECT
Various Artists,Various Artists - Oldies But Goodies,40,Various Artists,Oldies But Goodies,41,1.0,PERFECT
Various Artists,Various Artists - Popular Piano Solos,11,Various Artists,Popular Piano Solos,11,1.0,PERFECT
Various Artists,Various Artists - Songs Of The 60s _PVG_,60,Various Artists,Songs Of The 60s [pvg],60,1.0,PERFECT
Various Artists,Various Artists - The 1980s,30,Various Artists,The 1980s,30,1.0,PERFECT
Various Artists,Various Artists - The 60s And 70s Rock Score,9,Various Artists,The 60s And 70s Rock Score,9,1.0,PERFECT
Various Artists,Various Artists - The Best Childrens Songs Ever _Easy Piano_,103,Various Artists,The Best Children's Songs Ever (easy Piano),103,1.0,PERFECT
Various Artists,Various Artists - The Decade Series - The 1980s,30,Various Artists,The 1980s,30,1.0,PERFECT
Various Artists,Various Artists - The Greatest Love Songs Of The 80s,25,Various Artists,Greatest Love Songs Of 80s,25,1.0,PERFECT
Various Artists,Various Artists - Ultimate 100 Pop Hits Of The 90s,101,Various Artists,Ultimate 100 Pop Hits Of The 90s,102,1.0,PERFECT
Various Artists,Various Artists - Ultimate Pop Sheet Music Collection 2000,84,Various Artists,Ultimate Pop Sheet Music Collection 2000,84,1.0,PERFECT
Vince Guaraldi,Peanuts Songbook,28,Vince Guaraldi,Peanuts Songbook,28,1.0,PERFECT
Vince Guaraldi,Vince Guaraldi - Peanuts Songbook,2,Vince Guaraldi,Peanuts Songbook,28,1.0,PERFECT
Whitney Houston,Whitney Houston - The Best Of,10,Whitney Houston,The Best Of,10,1.0,PERFECT
Who,Who - Quadrophenia (PVG),9,Who,Who - Quadrophenia (pvg),9,1.0,PERFECT
Who,Who - Quadrophenia _PVG_,9,Who,Who - Quadrophenia (pvg),9,1.0,PERFECT
Who,Who - Who Anthology,44,Who,Who Anthology,44,1.0,PERFECT
Wings,Wings - Greatest Hits,13,Wings,Wings - Greatest Hits,13,1.0,PERFECT
Wings,Wings - London Town (PVG Book),8,Wings,Wings - London Town (pvg Book),8,1.0,PERFECT
Wings,Wings - London Town _PVG Book_,8,Wings,Wings - London Town (pvg Book),8,1.0,PERFECT
Wings,Wings - Over America _PVG_,19,Wings,Wings - Over America [pvg],19,1.0,PERFECT
Yes,Yes - Complete Deluxe Edition,29,Yes,Complete Deluxe Edition,29,1.0,PERFECT
Zz Top,Greatest Hits,21,Zz Top,Greatest Hits (2),21,1.0,PERFECT
_broadway Shows,A Treasury Of Gilbert And Sullivan Part 1,50,_broadway Shows,A Treasury Of Gilbert & Sullivan Part 1,50,1.0,PERFECT
_broadway Shows,A Treasury Of Gilbert And Sullivan Part 2,47,_broadway Shows,A Treasury Of Gilbert & Sullivan Part 2,47,1.0,PERFECT
_broadway Shows,Lambert And Morrison - The Drowsy Chaperone _Version 1_,1,_broadway Shows,Lambert And Morrison - The Drowsy Chaperone (version 1),2,1.0,PERFECT
_broadway Shows,Lambert And Morrison - The Drowsy Chaperone _Version 2_,2,_broadway Shows,Lambert And Morrison - The Drowsy Chaperone (version 2),2,1.0,PERFECT
_broadway Shows,Lerner And Loewe - Camelot,16,_broadway Shows,Lerner And Loewe - Camelot,20,1.0,PERFECT
_broadway Shows,Mamma Mia,15,_broadway Shows,Mamma Mia,15,1.0,PERFECT
_broadway Shows,Rogers And Hammerstein - South Pacific,7,_broadway Shows,Rogers And Hammerstein - South Pacific,18,1.0,PERFECT
_broadway Shows,Steven Sondheim - All Sondheim Volume 2 BOOK,19,_broadway Shows,Steven Sondheim - All Sondheim Volume 2 Book,27,1.0,PERFECT
_broadway Shows,The Wedding Singer,72,_broadway Shows,The Wedding Singer,72,1.0,PERFECT
_broadway Shows,Various Artists - Aida,1,_broadway Shows,Various Artists - Aida,1,1.0,PERFECT
_broadway Shows,Various Artists - Aladdin Jr,34,_broadway Shows,Various Artists - Aladdin Jr,37,1.0,PERFECT
_broadway Shows,Various Artists - Aladdin _book_,8,_broadway Shows,Various Artists - Aladdin (book),8,1.0,PERFECT
_broadway Shows,Various Artists - Annie - Full Score,29,_broadway Shows,Various Artists - Annie - Full Score,43,1.0,PERFECT
_broadway Shows,Various Artists - Avenue Q - Full Score,1,_broadway Shows,Various Artists - Avenue Q - Full Score,1,1.0,PERFECT
_broadway Shows,Various Artists - Avenue X - Vocal Chorus Book,25,_broadway Shows,Various Artists - Avenue X - Vocal Chorus Book,26,1.0,PERFECT
_broadway Shows,Various Artists - Beauty And The Beast _1994 MTI PC Score complete_,23,_broadway Shows,"Various Artists - Beauty And The Beast (1994 Mti Pc Score, Complete)",39,1.0,PERFECT
_broadway Shows,Various Artists - Beauty And The Beast _Score_,38,_broadway Shows,Various Artists - Beauty And The Beast [score],39,1.0,PERFECT
_broadway Shows,Various Artists - Best In Broadway Deluxe Edition,62,_broadway Shows,Various Artists - Best In Broadway Deluxe Edition,80,1.0,PERFECT
_broadway Shows,Various Artists - Cabaret _1998 version_,2,_broadway Shows,Various Artists - Cabaret (1998 Version),2,1.0,PERFECT
_broadway Shows,Various Artists - Cabaret _Original_,3,_broadway Shows,Various Artists - Cabaret (original),9,1.0,PERFECT
_broadway Shows,Various Artists - Cats - Conductor Score,2,_broadway Shows,Various Artists - Cats - Conductor Score,2,1.0,PERFECT
_broadway Shows,Various Artists - Chicago _1975_,22,_broadway Shows,Various Artists - Chicago (1975),23,1.0,PERFECT
_broadway Shows,Various Artists - Dear Evan Hansen _PVG_,15,_broadway Shows,Various Artists - Dear Evan Hansen (pvg),15,1.0,PERFECT
_broadway Shows,Various Artists - Dirty Rotten Scoundrels _Piano-Vocal_,1,_broadway Shows,Various Artists - Dirty Rotten Scoundrels (piano-vocal),18,1.0,PERFECT
_broadway Shows,Various Artists - Evita _Conductor Score_,10,_broadway Shows,Various Artists - Evita [conductor Score],10,1.0,PERFECT
_broadway Shows,Various Artists - Evita _Score_,11,_broadway Shows,Various Artists - Evita [score],11,1.0,PERFECT
_broadway Shows,Various Artists - Footloose _Score_,15,_broadway Shows,Various Artists - Footloose [score],17,1.0,PERFECT
_broadway Shows,Various Artists - Grease _1994 Score_,13,_broadway Shows,Various Artists - Grease [1994 Score],22,1.0,PERFECT
_broadway Shows,Various Artists - Grease _2003 Score_,40,_broadway Shows,Various Artists - Grease [2003 Score],40,1.0,PERFECT
_broadway Shows,Various Artists - Hair _rev 1995_ - Piano Conductor Score,44,_broadway Shows,Various Artists - Hair (rev 1995) - Piano Conductor Score,44,1.0,PERFECT
_broadway Shows,Various Artists - High School Musical [score],16,_broadway Shows,Various Artists - High School Musical [score],22,1.0,PERFECT
_broadway Shows,Various Artists - High School Musical _score_,22,_broadway Shows,Various Artists - High School Musical [score],22,1.0,PERFECT
_broadway Shows,Various Artists - Jesus Christ Superstar,8,_broadway Shows,Various Artists - Jesus Christ Superstar,8,1.0,PERFECT
_broadway Shows,Various Artists - Legally Blonde - score,1,_broadway Shows,Various Artists - Legally Blonde - Score,18,1.0,PERFECT
_broadway Shows,Various Artists - Les Miserables - Full Score,16,_broadway Shows,Various Artists - Les Miserables - Full Score,20,1.0,PERFECT
_broadway Shows,Various Artists - Les Miserables - Piano-Conductor,4,_broadway Shows,Various Artists - Les Miserables - Piano-conductor,50,1.0,PERFECT
_broadway Shows,Various Artists - Les Miserables - Piano-conductor _complete_,5,_broadway Shows,Various Artists - Les Miserables - Piano-conductor (complete),34,1.0,PERFECT
_broadway Shows,Various Artists - Lion King _Score_,57,_broadway Shows,Various Artists - Lion King [score],58,1.0,PERFECT
_broadway Shows,Various Artists - Little Mermaid Workshop score,1,_broadway Shows,Various Artists - Little Mermaid Workshop Score,1,1.0,PERFECT
_broadway Shows,Various Artists - Little Shop Of Horrors (original),1,_broadway Shows,Various Artists - Little Shop Of Horrors (original),2,1.0,PERFECT
_broadway Shows,Various Artists - Little Shop Of Horrors _Broadway_,2,_broadway Shows,Various Artists - Little Shop Of Horrors (original),2,1.0,PERFECT
_broadway Shows,Various Artists - Little Shop Of Horrors _original_,2,_broadway Shows,Various Artists - Little Shop Of Horrors (original),2,1.0,PERFECT
_broadway Shows,Various Artists - Mary Poppins,1,_broadway Shows,Various Artists - Mary Poppins,2,1.0,PERFECT
_broadway Shows,Various Artists - Phantom Of Opera _SATB_,5,_broadway Shows,Various Artists - Phantom Of Opera [satb],5,1.0,PERFECT
_broadway Shows,Various Artists - Phantom Of The Opera,1,_broadway Shows,Various Artists - Phantom Of The Opera,1,1.0,PERFECT
_broadway Shows,Various Artists - Phantom Of The Opera _Score_,7,_broadway Shows,Various Artists - Phantom Of The Opera [score],7,1.0,PERFECT
_broadway Shows,Various Artists - Rent _Score_,46,_broadway Shows,Various Artists - Rent [score],53,1.0,PERFECT
_broadway Shows,Various Artists - Rocky Horror Show,1,_broadway Shows,Various Artists - Rocky Horror Show,5,1.0,PERFECT
_broadway Shows,Various Artists - Rocky Horror Show Revised - Full Score,24,_broadway Shows,Various Artists - Rocky Horror Show Revised - Full Score,24,1.0,PERFECT
_broadway Shows,Various Artists - Seussical - TYA,38,_broadway Shows,Various Artists - Seussical - Tya,38,1.0,PERFECT
_broadway Shows,Various Artists - Seussical _PV Score_,34,_broadway Shows,Various Artists - Seussical [pv Score],44,1.0,PERFECT
_broadway Shows,Various Artists - Seussical _Piano-Conductor_,13,_broadway Shows,Various Artists - Seussical [piano-conductor],16,1.0,PERFECT
_broadway Shows,Various Artists - Shrek The Musical,11,_broadway Shows,Various Artists - Shrek The Musical,11,1.0,PERFECT
_broadway Shows,Various Artists - Sound Of Music,16,_broadway Shows,Various Artists - Sound Of Music,25,1.0,PERFECT
_broadway Shows,Various Artists - Sound Of Music _Vocal Selections_,7,_broadway Shows,Various Artists - Sound Of Music (vocal Selections),7,1.0,PERFECT
_broadway Shows,Various Artists - Spamalot,65,_broadway Shows,Various Artists - Spamalot,66,1.0,PERFECT
_broadway Shows,Various Artists - Sweeney Todd Vocal Score,19,_broadway Shows,Various Artists - Sweeney Todd Vocal Score,21,1.0,PERFECT
_broadway Shows,Various Artists - The Hobbit Score,11,_broadway Shows,Various Artists - The Hobbit Score,11,1.0,PERFECT
_broadway Shows,Various Artists - Wicked [pvg],6,_broadway Shows,Various Artists - Wicked [pvg],14,1.0,PERFECT
_broadway Shows,Various Artists - Wicked [score],1,_broadway Shows,Various Artists - Wicked [score],1,1.0,PERFECT
_broadway Shows,Various Artists - Wicked _PVG_,13,_broadway Shows,Various Artists - Wicked [pvg],14,1.0,PERFECT
_broadway Shows,Various Artists - Wicked _Score_,1,_broadway Shows,Various Artists - Wicked [score],1,1.0,PERFECT
_broadway Shows,Various Artists - Wizard Of Oz - Piano Conductor,24,_broadway Shows,Various Artists - Wizard Of Oz - Piano Conductor,25,1.0,PERFECT
_broadway Shows,Various Artists - Wizard Of Oz _RSC Piano-Conductor_,20,_broadway Shows,Various Artists - Wizard Of Oz (rsc Piano-conductor),20,1.0,PERFECT
_broadway Shows,Various Artists - You're A Good Man Charlie Brown [revival] [score],22,_broadway Shows,Various Artists - You're A Good Man Charlie Brown [revival] [score],38,1.0,PERFECT
_broadway Shows,Various Artists - Youre A Good Man Charlie Brown _Score_,38,_broadway Shows,Various Artists - You're A Good Man Charlie Brown [revival] [score],38,1.0,PERFECT
_broadway Shows,Various Artists - Youre A Good Man Charlie Brown _revival_ _score_,38,_broadway Shows,Various Artists - You're A Good Man Charlie Brown [revival] [score],38,1.0,PERFECT
_broadway Shows,Wicked Workshop,4,_broadway Shows,Wicked Workshop,4,1.0,PERFECT
_movie And Tv,Beauty And The Beast _PVG_,8,_movie And Tv,Beauty And The Beast [pvg],8,1.0,PERFECT
_movie And Tv,Brother Bear _Disney_,8,_movie And Tv,Brother Bear (disney),8,1.0,PERFECT
_movie And Tv,Budget Books - Movie Songs,76,_movie And Tv,Budget Books - Movie Songs,76,1.0,PERFECT
_movie And Tv,Disney Collection _Songs Out Of order_,42,_movie And Tv,Disney Collection (songs Out Of Order),42,1.0,PERFECT
_movie And Tv,High School Musical - Breaking Free - Piano Sheet Music,1,_movie And Tv,High School Musical - Breaking Free - Piano Sheet Music,1,1.0,PERFECT
_movie And Tv,John Williams - Greatest Hits,28,_movie And Tv,John Williams - Greatest Hits,28,1.0,PERFECT
_movie And Tv,John Williams - Star Wars Episode I - The Phantom Menace,1,_movie And Tv,John Williams - Star Wars Episode I - The Phantom Menace,1,1.0,PERFECT
_movie And Tv,John Williams - Star Wars Episode II - Attack Of The Clones _lite_,1,_movie And Tv,John Williams - Star Wars Episode Ii - Attack Of The Clones (lite),1,1.0,PERFECT
_movie And Tv,John Williams - Star Wars Episode III - Revenge Of The Sith_Incomplete Grab_,1,_movie And Tv,John Williams - Star Wars Episode Iii - Revenge Of The Sith.(incomplete Grab),1,1.0,PERFECT
_movie And Tv,John Williams - Star Wars Trilogy,14,_movie And Tv,John Williams - Star Wars Trilogy,16,1.0,PERFECT
_movie And Tv,Kasha And Hirschorn - Petes Dragon,6,_movie And Tv,Kasha & Hirschorn - Pete's Dragon,7,1.0,PERFECT
_movie And Tv,Mary Poppins,11,_movie And Tv,Mary Poppins,11,1.0,PERFECT
_movie And Tv,Mulan,1,_movie And Tv,Mulan,1,1.0,PERFECT
_movie And Tv,Pirates Of The Caribbean _Book 1 - The Curse Of The Black Pearl_,7,_movie And Tv,Pirates Of The Caribbean [book 1 - The Curse Of The Black Pearl],7,1.0,PERFECT
_movie And Tv,Pirates Of The Caribbean _Book 2 - Dead Mans Chest_,9,_movie And Tv,Pirates Of The Caribbean [book 2 - Dead Man's Chest],9,1.0,PERFECT
_movie And Tv,Randy Newman - Toy Story 2,1,_movie And Tv,Disney Collection (songs Out Of Order),42,1.0,PERFECT
_movie And Tv,Spirited Away _Disney_ _2001_,1,_movie And Tv,Spirited Away (disney) (2001),1,1.0,PERFECT
_movie And Tv,Star Wars Suite _John Williams - Full Score - Hal Leonard_,8,_movie And Tv,Star Wars Suite (john Williams - Full Score - Hal Leonard),8,1.0,PERFECT
_movie And Tv,The New Illustrated Treasury Of Disney,68,_movie And Tv,The New Illustrated Treasury Of Disney,68,1.0,PERFECT
_movie And Tv,The New Illustrated Treasury Of Disney Songs,68,_movie And Tv,The New Illustrated Treasury Of Disney Songs,68,1.0,PERFECT
_movie And Tv,Theme From Rocky And Otther Big Hits,22,_movie And Tv,Theme From Rocky And Otther Big Hits,27,1.0,PERFECT
_movie And Tv,Various Artists - 100 Of The Best Movie Songs Ever,101,_movie And Tv,Various Artists - 100 Of The Best Movie Songs Ever,101,1.0,PERFECT
_movie And Tv,Various Artists - Book Of Great TV Hits,41,_movie And Tv,Various Artists - Book Of Great Tv Hits,46,1.0,PERFECT
_movie And Tv,Various Artists - Box Office Themes Vol 1,12,_movie And Tv,Various Artists - Box Office Themes Vol. 1,12,1.0,PERFECT
_movie And Tv,Various Artists - Decades Of Film 70s,17,_movie And Tv,Various Artists - Decades Of Film '70s,17,1.0,PERFECT
_movie And Tv,Various Artists - Decades Of Film 80s,20,_movie And Tv,Various Artists - Decades Of Film '80s,21,1.0,PERFECT
_movie And Tv,Various Artists - Decades Of Film 90s,20,_movie And Tv,Various Artists - Decades Of Film '90s,20,1.0,PERFECT
_movie And Tv,Various Artists - Disney Duets,8,_movie And Tv,Various Artists - Disney Duets,8,1.0,PERFECT
_movie And Tv,Various Artists - Disney Fake Book,194,_movie And Tv,Various Artists - Disney Fake Book,194,1.0,PERFECT
_movie And Tv,Various Artists - Disney Solos For Violin,1,_movie And Tv,The New Illustrated Treasury Of Disney Songs,68,1.0,PERFECT
_movie And Tv,Various Artists - Eddie And The Cruisers,6,_movie And Tv,Various Artists - Eddie And The Cruisers,6,1.0,PERFECT
_movie And Tv,Various Artists - Film Book,41,_movie And Tv,Various Artists - Film Book,44,1.0,PERFECT
_movie And Tv,Various Artists - Film Music For Solo Piano,28,_movie And Tv,Various Artists - Film Music For Solo Piano,28,1.0,PERFECT
_movie And Tv,Various Artists - Film Music For Solo Piano _2_,23,_movie And Tv,Various Artists - Film Music For Solo Piano (2),23,1.0,PERFECT
_movie And Tv,Various Artists - Frozen - Let It Go _Movie Version_,1,_movie And Tv,Various Artists - Frozen - Let It Go (movie Version),1,1.0,PERFECT
_movie And Tv,Various Artists - High School Musical 1,2,_movie And Tv,Various Artists - High School Musical 1,2,1.0,PERFECT
_movie And Tv,Various Artists - High School Musical 2,13,_movie And Tv,Various Artists - High School Musical 2,13,1.0,PERFECT
_movie And Tv,Various Artists - Little Mermaid,1,_movie And Tv,Various Artists - Little Mermaid,1,1.0,PERFECT
_movie And Tv,Various Artists - Love Songs From The Movies,33,_movie And Tv,Various Artists - Love Songs From The Movies,33,1.0,PERFECT
_movie And Tv,Various Artists - Movie Love Songs _Book_,16,_movie And Tv,Various Artists - Movie Love Songs [book],16,1.0,PERFECT
_movie And Tv,Various Artists - Movie Melodies - The Very Best Of Movie Songs,21,_movie And Tv,Various Artists - Movie Melodies - The Very Best Of Movie Songs,21,1.0,PERFECT
_movie And Tv,Various Artists - Movie Songs Of The 90s Vol 2,34,_movie And Tv,Various Artists - Movie Songs Of The 90s Vol 2,40,1.0,PERFECT
_movie And Tv,Various Artists - Music From The Movies The Adventure Collection,23,_movie And Tv,Various Artists - Music From The Movies The Adventure Collection,26,1.0,PERFECT
_movie And Tv,Various Artists - Music From The Movies The Animated Collection,5,_movie And Tv,Various Artists - Music From The Movies The Animated Collection,29,1.0,PERFECT
_movie And Tv,Various Artists - Piano Solos Film Music - The Costume Drama Collection,28,_movie And Tv,Various Artists - Piano Solos Film Music - The Costume Drama Collection,28,1.0,PERFECT
_movie And Tv,Various Artists - Pirates Of The Caribbean At Worlds End,1,_movie And Tv,Various Artists - Pirates Of The Caribbean At World's End,1,1.0,PERFECT
_movie And Tv,Various Artists - Shrek 1,13,_movie And Tv,Various Artists - Shrek 1,13,1.0,PERFECT
_movie And Tv,Various Artists - Shrek 2,14,_movie And Tv,Various Artists - Shrek 2,14,1.0,PERFECT
_movie And Tv,Various Artists - Shrek 3,14,_movie And Tv,Various Artists - Shrek 3,14,1.0,PERFECT
_movie And Tv,Various Artists - Star Trek - Complete Star Trek Theme Music,1,_movie And Tv,Various Artists - Star Trek - Complete Star Trek Theme Music,1,1.0,PERFECT
_movie And Tv,Various Artists - Star Trek - Complete Theme Music _Piano Solo_,16,_movie And Tv,Various Artists - Star Trek - Complete Theme Music (piano Solo),16,1.0,PERFECT
_movie And Tv,Various Artists - Star Trek - Deep Space Nine,1,_movie And Tv,Various Artists - Star Trek - Complete Theme Music (piano Solo),16,1.0,PERFECT
_movie And Tv,Various Artists - Star Trek - Enterprise,1,_movie And Tv,Various Artists - Star Trek - Complete Theme Music (piano Solo),16,1.0,PERFECT
_movie And Tv,Various Artists - Star Trek - First Contact,1,_movie And Tv,Various Artists - Star Trek - Complete Theme Music (piano Solo),16,1.0,PERFECT
_movie And Tv,Various Artists - Star Trek - Generations,1,_movie And Tv,Various Artists - Star Trek - Generations,1,1.0,PERFECT
_movie And Tv,Various Artists - Star Trek - Insurrection,1,_movie And Tv,Various Artists - Star Trek - Insurrection,1,1.0,PERFECT
_movie And Tv,Various Artists - Star Trek - Star Trek,1,_movie And Tv,Various Artists - Star Trek - Complete Theme Music (piano Solo),16,1.0,PERFECT
_movie And Tv,Various Artists - Star Trek - Star Trek The Motion Picture,1,_movie And Tv,Various Artists - Star Trek - Star Trek The Motion Picture,1,1.0,PERFECT
_movie And Tv,Various Artists - Star Trek - The Final Frontier,2,_movie And Tv,Various Artists - Star Trek - The Final Frontier,2,1.0,PERFECT
_movie And Tv,Various Artists - Star Trek - The Next Generation,2,_movie And Tv,Various Artists - Star Trek - The Next Generation,2,1.0,PERFECT
_movie And Tv,Various Artists - Star Trek - The Search For Spock,1,_movie And Tv,Various Artists - Star Trek - The Search For Spock,2,1.0,PERFECT
_movie And Tv,Various Artists - Star Trek - The Undiscovered Country,1,_movie And Tv,Various Artists - Star Trek - The Undiscovered Country,1,1.0,PERFECT
_movie And Tv,Various Artists - Star Trek - The Voyage Home,1,_movie And Tv,Various Artists - Star Trek - Complete Theme Music (piano Solo),16,1.0,PERFECT
_movie And Tv,Various Artists - Star Trek - The Wrath Of Khan,1,_movie And Tv,Various Artists - Star Trek - Complete Theme Music (piano Solo),16,1.0,PERFECT
_movie And Tv,Various Artists - Star Trek - Them From Search For Spock,1,_movie And Tv,Various Artists - Star Trek - Them From Search For Spock,1,1.0,PERFECT
_movie And Tv,Various Artists - Star Trek - Voyager,1,_movie And Tv,Various Artists - Star Trek - Complete Theme Music (piano Solo),16,1.0,PERFECT
_movie And Tv,Various Artists - Star Trek _Piano Solo_,8,_movie And Tv,Various Artists - Star Trek (piano Solo),10,1.0,PERFECT
_movie And Tv,Various Artists - TV Detective - Themes For Solo Piano,28,_movie And Tv,Various Artists - Tv Detective - Themes For Solo Piano,32,1.0,PERFECT
_movie And Tv,Various Artists - TV Fakebook 2nd Ed,105,_movie And Tv,Various Artists - Tv Fakebook 2nd Ed,106,1.0,PERFECT
_movie And Tv,Various Artists - The Big Book Of Movie Music,64,_movie And Tv,Various Artists - The Big Book Of Movie Music,69,1.0,PERFECT
_movie And Tv,Various Artists - The Simpsons - Simpsons Songbook,1,_movie And Tv,Various Artists - The Simpsons - Simpsons Songbook,1,1.0,PERFECT
_movie And Tv,Various Artists - Top Movie Hits,10,_movie And Tv,Various Artists - Top Movie Hits,10,1.0,PERFECT
_movie And Tv,Various Artists - Ultimate TV Showstoppers,18,_movie And Tv,Various Artists - Ultimate Tv Showstoppers,20,1.0,PERFECT
_movie And Tv,Various Artists - Warner Bros 75th Anniversary,3,_movie And Tv,Various Artists - Warner Bros 75th Anniversary,3,1.0,PERFECT
_movie And Tv,Various Artists - Wizard Of Oz _Book_,10,_movie And Tv,Various Artists - Wizard Of Oz [book],14,1.0,PERFECT
