"Artist","BookName","FolderPath","PDFCount"
"Acdc","Anthology","C:\Work\AWSMusic\ProcessedSongs\Acdc\Anthology","3"
"Aerosmith","Greatest Hits (songbook)","C:\Work\AWSMusic\ProcessedSongs\Aerosmith\Greatest Hits (songbook)","15"
"America","Greatest Hits","C:\Work\AWSMusic\ProcessedSongs\America\Greatest Hits","12"
"Barry Manilow","Anthology","C:\Work\AWSMusic\ProcessedSongs\Barry Manilow\Anthology","52"
"Beatles","100 Hits For All Keyboards","C:\Work\AWSMusic\ProcessedSongs\Beatles\100 Hits For All Keyboards","48"
"Beatles","Abbey Road","C:\Work\AWSMusic\ProcessedSongs\Beatles\Abbey Road","19"
"Beatles","Abbey Road Guitar Recorded Version","C:\Work\AWSMusic\ProcessedSongs\Beatles\Abbey Road Guitar Recorded Version","18"
"Beatles","All Songs 1962-1974","C:\Work\AWSMusic\ProcessedSongs\Beatles\All Songs 1962-1974","199"
"Beatles","Anthology","C:\Work\AWSMusic\ProcessedSongs\Beatles\Anthology","199"
"Beatles","Anthology 1","C:\Work\AWSMusic\ProcessedSongs\Beatles\Anthology 1","18"
"Beatles","Anthology 1 (113 Pages)","C:\Work\AWSMusic\ProcessedSongs\Beatles\Anthology 1 (113 Pages)","26"
"Beatles","Anthology 2 (page 01 - 40)","C:\Work\AWSMusic\ProcessedSongs\Beatles\Anthology 2 (page 01 - 40)","9"
"Beatles","Anthology 2 (page 41 -72)","C:\Work\AWSMusic\ProcessedSongs\Beatles\Anthology 2 (page 41 -72)","1"
"Beatles","Anthology 2 (page 73 -112)","C:\Work\AWSMusic\ProcessedSongs\Beatles\Anthology 2 (page 73 -112)","1"
"Beatles","Anthology 3 (page 01 - 36)","C:\Work\AWSMusic\ProcessedSongs\Beatles\Anthology 3 (page 01 - 36)","8"
"Beatles","Anthology 3 (page 37 - 79","C:\Work\AWSMusic\ProcessedSongs\Beatles\Anthology 3 (page 37 - 79","1"
"Beatles","Anthology 3 (page 80 - 111)","C:\Work\AWSMusic\ProcessedSongs\Beatles\Anthology 3 (page 80 - 111)","1"
"Beatles","Beatlemania 1963-1966","C:\Work\AWSMusic\ProcessedSongs\Beatles\Beatlemania 1963-1966","34"
"Beatles","Complete Scores","C:\Work\AWSMusic\ProcessedSongs\Beatles\Complete Scores","210"
"Beatles","Complete Scores (2)","C:\Work\AWSMusic\ProcessedSongs\Beatles\Complete Scores (2)","210"
"Beatles","Essential Songs","C:\Work\AWSMusic\ProcessedSongs\Beatles\Essential Songs","96"
"Beatles","Fake Songbook (guitar)","C:\Work\AWSMusic\ProcessedSongs\Beatles\Fake Songbook (guitar)","178"
"Beatles","Joy Of Beatles","C:\Work\AWSMusic\ProcessedSongs\Beatles\Joy Of Beatles","1"
"Beatles","Live At The Hollywood Bowl","C:\Work\AWSMusic\ProcessedSongs\Beatles\Live At The Hollywood Bowl","12"
"Beatles","Live At The Hollywood Bowl (2)","C:\Work\AWSMusic\ProcessedSongs\Beatles\Live At The Hollywood Bowl (2)","12"
"Beatles","Revolver","C:\Work\AWSMusic\ProcessedSongs\Beatles\Revolver","14"
"Beatles","Revolver (2)","C:\Work\AWSMusic\ProcessedSongs\Beatles\Revolver (2)","14"
"Beatles","Rubber Soul","C:\Work\AWSMusic\ProcessedSongs\Beatles\Rubber Soul","13"
"Beatles","Sergeant Pepper's Lonely Hearts Club Band","C:\Work\AWSMusic\ProcessedSongs\Beatles\Sergeant Pepper's Lonely Hearts Club Band","1"
"Beatles","Songbook","C:\Work\AWSMusic\ProcessedSongs\Beatles\Songbook","194"
"Beatles","White Album 1 (guitar Recorded Version)","C:\Work\AWSMusic\ProcessedSongs\Beatles\White Album 1 (guitar Recorded Version)","1"
"Bee Gees","Anthology","C:\Work\AWSMusic\ProcessedSongs\Bee Gees\Anthology","1"
"Ben Folds","Ben Folds Five - Rockin' The Suburbs","C:\Work\AWSMusic\ProcessedSongs\Ben Folds\Ben Folds Five - Rockin' The Suburbs","8"
"Ben Folds","Songs For Silverman","C:\Work\AWSMusic\ProcessedSongs\Ben Folds\Songs For Silverman","13"
"Ben Folds","Songs For The Silverman","C:\Work\AWSMusic\ProcessedSongs\Ben Folds\Songs For The Silverman","13"
"Billy Joel","52nd Street","C:\Work\AWSMusic\ProcessedSongs\Billy Joel\52nd Street","9"
"Billy Joel","Anthology","C:\Work\AWSMusic\ProcessedSongs\Billy Joel\Anthology","29"
"Billy Joel","Best Of Piano Solos","C:\Work\AWSMusic\ProcessedSongs\Billy Joel\Best Of Piano Solos","13"
"Billy Joel","Billy Joel - Turnstiles","C:\Work\AWSMusic\ProcessedSongs\Billy Joel\Billy Joel - Turnstiles","8"
"Billy Joel","Billy Joel Greatest Hits Vols 1 And 2","C:\Work\AWSMusic\ProcessedSongs\Billy Joel\Billy Joel Greatest Hits Vols 1 And 2","11"
"Billy Joel","Complete Vol 1","C:\Work\AWSMusic\ProcessedSongs\Billy Joel\Complete Vol 1","47"
"Billy Joel","Complete Vol 2","C:\Work\AWSMusic\ProcessedSongs\Billy Joel\Complete Vol 2","48"
"Billy Joel","Fantasies & Delusions","C:\Work\AWSMusic\ProcessedSongs\Billy Joel\Fantasies & Delusions","11"
"Billy Joel","For Advanced Piano","C:\Work\AWSMusic\ProcessedSongs\Billy Joel\For Advanced Piano","11"
"Billy Joel","Glass Houses","C:\Work\AWSMusic\ProcessedSongs\Billy Joel\Glass Houses","10"
"Billy Joel","Greatest Hits","C:\Work\AWSMusic\ProcessedSongs\Billy Joel\Greatest Hits","21"
"Billy Joel","Greatest Hits Vol I And Ii","C:\Work\AWSMusic\ProcessedSongs\Billy Joel\Greatest Hits Vol I And Ii","21"
"Billy Joel","Greatest Hits Vol Iii","C:\Work\AWSMusic\ProcessedSongs\Billy Joel\Greatest Hits Vol Iii","1"
"Billy Joel","Keyboard Book","C:\Work\AWSMusic\ProcessedSongs\Billy Joel\Keyboard Book","15"
"Billy Joel","My Lives","C:\Work\AWSMusic\ProcessedSongs\Billy Joel\My Lives","72"
"Billy Joel","Rock Score","C:\Work\AWSMusic\ProcessedSongs\Billy Joel\Rock Score","8"
"Billy Joel","Songs In The Attic","C:\Work\AWSMusic\ProcessedSongs\Billy Joel\Songs In The Attic","11"
"Billy Ocean","The Best Of","C:\Work\AWSMusic\ProcessedSongs\Billy Ocean\The Best Of","10"
"Blues Brothers","Complete","C:\Work\AWSMusic\ProcessedSongs\Blues Brothers\Complete","12"
"Bob Dylan","Anthology","C:\Work\AWSMusic\ProcessedSongs\Bob Dylan\Anthology","46"
"Bob Dylan","Anthology 1","C:\Work\AWSMusic\ProcessedSongs\Bob Dylan\Anthology 1","46"
"Bob Dylan","Anthology 2","C:\Work\AWSMusic\ProcessedSongs\Bob Dylan\Anthology 2","51"
"Bob Dylan","Blonde On Blonde","C:\Work\AWSMusic\ProcessedSongs\Bob Dylan\Blonde On Blonde","13"
"Bob Dylan","Bob Dylan - Nashville Skyline","C:\Work\AWSMusic\ProcessedSongs\Bob Dylan\Bob Dylan - Nashville Skyline","1"
"Bob Dylan","Collection","C:\Work\AWSMusic\ProcessedSongs\Bob Dylan\Collection","47"
"Bob Dylan","Desire","C:\Work\AWSMusic\ProcessedSongs\Bob Dylan\Desire","9"
"Bob Dylan","Finger Picking","C:\Work\AWSMusic\ProcessedSongs\Bob Dylan\Finger Picking","14"
"Bob Dylan","Highway 61 Revisited","C:\Work\AWSMusic\ProcessedSongs\Bob Dylan\Highway 61 Revisited","10"
"Bob Dylan","Rock Score","C:\Work\AWSMusic\ProcessedSongs\Bob Dylan\Rock Score","6"
"Bob Dylan","Saved","C:\Work\AWSMusic\ProcessedSongs\Bob Dylan\Saved","8"
"Bob Dylan","Songbook","C:\Work\AWSMusic\ProcessedSongs\Bob Dylan\Songbook","47"
"Bob Seger","Greatest Hits","C:\Work\AWSMusic\ProcessedSongs\Bob Seger\Greatest Hits","14"
"Bob Seger","The New Best Of Bob Seger","C:\Work\AWSMusic\ProcessedSongs\Bob Seger\The New Best Of Bob Seger","5"
"Bon Jovi","Best Of Bon Jovi","C:\Work\AWSMusic\ProcessedSongs\Bon Jovi\Best Of Bon Jovi","19"
"Bonnie Tyler","Hot Songs","C:\Work\AWSMusic\ProcessedSongs\Bonnie Tyler\Hot Songs","7"
"Bread","Best Of Bread","C:\Work\AWSMusic\ProcessedSongs\Bread\Best Of Bread","4"
"Bruce Springsteen","Born In The Usa","C:\Work\AWSMusic\ProcessedSongs\Bruce Springsteen\Born In The Usa","13"
"Bruce Springsteen","Born To Run","C:\Work\AWSMusic\ProcessedSongs\Bruce Springsteen\Born To Run","8"
"Bruce Springsteen","Greatest Hits","C:\Work\AWSMusic\ProcessedSongs\Bruce Springsteen\Greatest Hits","13"
"Bruce Springsteen","Lucky Town","C:\Work\AWSMusic\ProcessedSongs\Bruce Springsteen\Lucky Town","9"
"Buddy Holly","Golden Anniversary Songbook","C:\Work\AWSMusic\ProcessedSongs\Buddy Holly\Golden Anniversary Songbook","28"
"Burl Ives","Song Book","C:\Work\AWSMusic\ProcessedSongs\Burl Ives\Song Book","106"
"Burt Bacharach","40 Golden Songs Of","C:\Work\AWSMusic\ProcessedSongs\Burt Bacharach\40 Golden Songs Of","40"
"Burt Bacharach","Anthology","C:\Work\AWSMusic\ProcessedSongs\Burt Bacharach\Anthology","33"
"Burt Bacharach","Bacharach Collection","C:\Work\AWSMusic\ProcessedSongs\Burt Bacharach\Bacharach Collection","15"
"Carole King","Bradley's Best Of The Best (organ)","C:\Work\AWSMusic\ProcessedSongs\Carole King\Bradley's Best Of The Best (organ)","13"
"Carole King","Classics","C:\Work\AWSMusic\ProcessedSongs\Carole King\Classics","21"
"Carole King","Classics (2)","C:\Work\AWSMusic\ProcessedSongs\Carole King\Classics (2)","35"
"Carole King","Classics (3)","C:\Work\AWSMusic\ProcessedSongs\Carole King\Classics (3)","35"
"Carole King","Keyboard Play-along Vol 22","C:\Work\AWSMusic\ProcessedSongs\Carole King\Keyboard Play-along Vol 22","8"
"Carole King","Tapestry","C:\Work\AWSMusic\ProcessedSongs\Carole King\Tapestry","12"
"Carole King","The New Best Of Carole King","C:\Work\AWSMusic\ProcessedSongs\Carole King\The New Best Of Carole King","19"
"Carole King","You're The Voice","C:\Work\AWSMusic\ProcessedSongs\Carole King\You're The Voice","11"
"Carpenters","Anthology","C:\Work\AWSMusic\ProcessedSongs\Carpenters\Anthology","43"
"Carpenters","Love Songs","C:\Work\AWSMusic\ProcessedSongs\Carpenters\Love Songs","22"
"Carpenters","Note For Note","C:\Work\AWSMusic\ProcessedSongs\Carpenters\Note For Note","11"
"Cole Porter","The Very Best Of Cole Porter","C:\Work\AWSMusic\ProcessedSongs\Cole Porter\The Very Best Of Cole Porter","38"
"Cream","Cream Complete","C:\Work\AWSMusic\ProcessedSongs\Cream\Cream Complete","25"
"Creedence Clearwater Revival","8 Pcs Book","C:\Work\AWSMusic\ProcessedSongs\Creedence Clearwater Revival\8 Pcs Book","8"
"Creedence Clearwater Revival","Best Of","C:\Work\AWSMusic\ProcessedSongs\Creedence Clearwater Revival\Best Of","20"
"Creedence Clearwater Revival","Creedence Clearwater Revival - Guitar Tab Book","C:\Work\AWSMusic\ProcessedSongs\Creedence Clearwater Revival\Creedence Clearwater Revival - Guitar Tab Book","7"
"Creedence Clearwater Revival","Guitar Anthology","C:\Work\AWSMusic\ProcessedSongs\Creedence Clearwater Revival\Guitar Anthology","20"
"Creedence Clearwater Revival","Ultimate Minus One","C:\Work\AWSMusic\ProcessedSongs\Creedence Clearwater Revival\Ultimate Minus One","7"
"Dire Straits","Dire Straits - Brothers In Arms","C:\Work\AWSMusic\ProcessedSongs\Dire Straits\Dire Straits - Brothers In Arms","9"
"Don Henley","Don Henley - Actual Miles (greatest Hits)","C:\Work\AWSMusic\ProcessedSongs\Don Henley\Don Henley - Actual Miles (greatest Hits)","3"
"Doobie Brothers","Songs","C:\Work\AWSMusic\ProcessedSongs\Doobie Brothers\Songs","9"
"Doors","Anthology","C:\Work\AWSMusic\ProcessedSongs\Doors\Anthology","12"
"Doors","Songbook","C:\Work\AWSMusic\ProcessedSongs\Doors\Songbook","6"
"Dr John","New Orleans Piano Vol 2","C:\Work\AWSMusic\ProcessedSongs\Dr John\New Orleans Piano Vol 2","3"
"Eagles","Greatest Hits","C:\Work\AWSMusic\ProcessedSongs\Eagles\Greatest Hits","10"
"Eagles","Greatest Hits (1971-1975)","C:\Work\AWSMusic\ProcessedSongs\Eagles\Greatest Hits (1971-1975)","10"
"Eagles","Hotel California (guitar Songbook)","C:\Work\AWSMusic\ProcessedSongs\Eagles\Hotel California (guitar Songbook)","1"
"Eagles","Made Easy For Guitar","C:\Work\AWSMusic\ProcessedSongs\Eagles\Made Easy For Guitar","6"
"Eagles","New Eagles Complete","C:\Work\AWSMusic\ProcessedSongs\Eagles\New Eagles Complete","67"
"Eagles","The Best Of The Eagles - Songbook","C:\Work\AWSMusic\ProcessedSongs\Eagles\The Best Of The Eagles - Songbook","12"
"Elo","A New World Record","C:\Work\AWSMusic\ProcessedSongs\Elo\A New World Record","7"
"Elo","Elo - Greatest Hits","C:\Work\AWSMusic\ProcessedSongs\Elo\Elo - Greatest Hits","2"
"Elton John","A Single Man","C:\Work\AWSMusic\ProcessedSongs\Elton John\A Single Man","10"
"Elton John","Captain Fantastic","C:\Work\AWSMusic\ProcessedSongs\Elton John\Captain Fantastic","1"
"Elton John","Elton John - Goodbye Yellow Brick Road","C:\Work\AWSMusic\ProcessedSongs\Elton John\Elton John - Goodbye Yellow Brick Road","2"
"Elton John","Greatest Hits 1970-2002","C:\Work\AWSMusic\ProcessedSongs\Elton John\Greatest Hits 1970-2002","30"
"Elton John","Ice On Fire","C:\Work\AWSMusic\ProcessedSongs\Elton John\Ice On Fire","12"
"Elton John","Made In England","C:\Work\AWSMusic\ProcessedSongs\Elton John\Made In England","11"
"Elton John","Peachtree Road","C:\Work\AWSMusic\ProcessedSongs\Elton John\Peachtree Road","10"
"Elton John","Reg Strikes Back","C:\Work\AWSMusic\ProcessedSongs\Elton John\Reg Strikes Back","9"
"Elton John","Sleeping With The Past","C:\Work\AWSMusic\ProcessedSongs\Elton John\Sleeping With The Past","1"
"Elton John","Songs From The West Coast","C:\Work\AWSMusic\ProcessedSongs\Elton John\Songs From The West Coast","3"
"Elton John","The Big Picture","C:\Work\AWSMusic\ProcessedSongs\Elton John\The Big Picture","3"
"Elton John","The One","C:\Work\AWSMusic\ProcessedSongs\Elton John\The One","5"
"Elton John","The Ultimate Collection Vol. 1","C:\Work\AWSMusic\ProcessedSongs\Elton John\The Ultimate Collection Vol. 1","59"
"Elton John","The Ultimate Collection Vol. 2","C:\Work\AWSMusic\ProcessedSongs\Elton John\The Ultimate Collection Vol. 2","29"
"Elton John","The Very Best Of","C:\Work\AWSMusic\ProcessedSongs\Elton John\The Very Best Of","1"
"Elvis Costello","The Very Best Of","C:\Work\AWSMusic\ProcessedSongs\Elvis Costello\The Very Best Of","42"
"Emerson Lake And Palmer","Black Book","C:\Work\AWSMusic\ProcessedSongs\Emerson Lake And Palmer\Black Book","2"
"Emerson Lake And Palmer","Greatest Hits","C:\Work\AWSMusic\ProcessedSongs\Emerson Lake And Palmer\Greatest Hits","10"
"Eric Clapton","The Best Of Book","C:\Work\AWSMusic\ProcessedSongs\Eric Clapton\The Best Of Book","10"
"Fleetwood Mac","Anthology","C:\Work\AWSMusic\ProcessedSongs\Fleetwood Mac\Anthology","27"
"Fleetwood Mac","Deluxe Anthology","C:\Work\AWSMusic\ProcessedSongs\Fleetwood Mac\Deluxe Anthology","42"
"Fleetwood Mac","Fleetwood Mac + Heroes Are Hard To Find","C:\Work\AWSMusic\ProcessedSongs\Fleetwood Mac\Fleetwood Mac + Heroes Are Hard To Find","15"
"Fleetwood Mac","Mirage","C:\Work\AWSMusic\ProcessedSongs\Fleetwood Mac\Mirage","12"
"Fleetwood Mac","Rumours","C:\Work\AWSMusic\ProcessedSongs\Fleetwood Mac\Rumours","11"
"Fleetwood Mac","Tango In The Night","C:\Work\AWSMusic\ProcessedSongs\Fleetwood Mac\Tango In The Night","12"
"Fleetwood Mac","The Dance","C:\Work\AWSMusic\ProcessedSongs\Fleetwood Mac\The Dance","13"
"Frank Zappa","Frank Zappa - Hot Rats","C:\Work\AWSMusic\ProcessedSongs\Frank Zappa\Frank Zappa - Hot Rats","2"
"Frank Zappa","Songbook Vol 1","C:\Work\AWSMusic\ProcessedSongs\Frank Zappa\Songbook Vol 1","17"
"Frank Zappa","The Frank Zappa Guitar Book (transcriptions By Steve Vai)","C:\Work\AWSMusic\ProcessedSongs\Frank Zappa\The Frank Zappa Guitar Book (transcriptions By Steve Vai)","12"
"Garth Brooks","The Limited Series","C:\Work\AWSMusic\ProcessedSongs\Garth Brooks\The Limited Series","21"
"Genesis","Anthology","C:\Work\AWSMusic\ProcessedSongs\Genesis\Anthology","44"
"Genesis","Best Of Vol 1","C:\Work\AWSMusic\ProcessedSongs\Genesis\Best Of Vol 1","10"
"Genesis","Rock Score","C:\Work\AWSMusic\ProcessedSongs\Genesis\Rock Score","4"
"Genesis","Seconds Out","C:\Work\AWSMusic\ProcessedSongs\Genesis\Seconds Out","8"
"Genesis","Selling England By The Pound","C:\Work\AWSMusic\ProcessedSongs\Genesis\Selling England By The Pound","7"
"George Michael","Greatest Hits","C:\Work\AWSMusic\ProcessedSongs\George Michael\Greatest Hits","29"
"Henri Mancini","Henry Mancini - A Merry Mancini Christmas","C:\Work\AWSMusic\ProcessedSongs\Henri Mancini\Henry Mancini - A Merry Mancini Christmas","13"
"Herman's Hermits","Collection","C:\Work\AWSMusic\ProcessedSongs\Herman's Hermits\Collection","8"
"Jackson Browne","Deluxe Anthology","C:\Work\AWSMusic\ProcessedSongs\Jackson Browne\Deluxe Anthology","39"
"James Taylor","Classics (guitar Tab)","C:\Work\AWSMusic\ProcessedSongs\James Taylor\Classics (guitar Tab)","15"
"James Taylor","Guitar Songbook","C:\Work\AWSMusic\ProcessedSongs\James Taylor\Guitar Songbook","24"
"James Taylor","James Taylor Songbook","C:\Work\AWSMusic\ProcessedSongs\James Taylor\James Taylor Songbook","24"
"Jim Croce","Acoustic Fingerstyle Video Guitar Lessons","C:\Work\AWSMusic\ProcessedSongs\Jim Croce\Acoustic Fingerstyle Video Guitar Lessons","1"
"Joe Cocker","Best Of","C:\Work\AWSMusic\ProcessedSongs\Joe Cocker\Best Of","16"
"Joe Cocker","Songbook","C:\Work\AWSMusic\ProcessedSongs\Joe Cocker\Songbook","1"
"John Denver","Anthology","C:\Work\AWSMusic\ProcessedSongs\John Denver\Anthology","53"
"John Denver","The Authentic Guitar Style Of","C:\Work\AWSMusic\ProcessedSongs\John Denver\The Authentic Guitar Style Of","12"
"John Lennon","Collection","C:\Work\AWSMusic\ProcessedSongs\John Lennon\Collection","3"
"John Lennon","Greatest Hits","C:\Work\AWSMusic\ProcessedSongs\John Lennon\Greatest Hits","15"
"Joni Mitchell","Joni Mitchell Songbook Complete Vol1 1966-1970","C:\Work\AWSMusic\ProcessedSongs\Joni Mitchell\Joni Mitchell Songbook Complete Vol1 1966-1970","28"
"Journey","Complete","C:\Work\AWSMusic\ProcessedSongs\Journey\Complete","68"
"Journey","Complete Songbook","C:\Work\AWSMusic\ProcessedSongs\Journey\Complete Songbook","68"
"Journey","Greatest Hits","C:\Work\AWSMusic\ProcessedSongs\Journey\Greatest Hits","6"
"Journey","Greatest Hits (book)","C:\Work\AWSMusic\ProcessedSongs\Journey\Greatest Hits (book)","5"
"Journey","The Guitar Collection","C:\Work\AWSMusic\ProcessedSongs\Journey\The Guitar Collection","16"
"Judy Garland","Songbook","C:\Work\AWSMusic\ProcessedSongs\Judy Garland\Songbook","13"
"Kelly Clarkson","Kelly Clarkson - Breakaway (book)","C:\Work\AWSMusic\ProcessedSongs\Kelly Clarkson\Kelly Clarkson - Breakaway (book)","5"
"Kinks","Great Songs Of Kinks","C:\Work\AWSMusic\ProcessedSongs\Kinks\Great Songs Of Kinks","8"
"Led Zepplin","Led Zeppelin - Led Zeppelin Ii","C:\Work\AWSMusic\ProcessedSongs\Led Zepplin\Led Zeppelin - Led Zeppelin Ii","1"
"Meatloaf","Bat Out Of Hell","C:\Work\AWSMusic\ProcessedSongs\Meatloaf\Bat Out Of Hell","3"
"Melissa Etheridge","Songbook","C:\Work\AWSMusic\ProcessedSongs\Melissa Etheridge\Songbook","10"
"Michael Jackson","Number Ones","C:\Work\AWSMusic\ProcessedSongs\Michael Jackson\Number Ones","18"
"Michael Jackson","The Great Songs Of","C:\Work\AWSMusic\ProcessedSongs\Michael Jackson\The Great Songs Of","10"
"Michael Jackson","Thriller (the Complete Song Book)","C:\Work\AWSMusic\ProcessedSongs\Michael Jackson\Thriller (the Complete Song Book)","10"
"Monkees","Greatest Hits","C:\Work\AWSMusic\ProcessedSongs\Monkees\Greatest Hits","11"
"Neil Diamond","The Essential Neil Diamond","C:\Work\AWSMusic\ProcessedSongs\Neil Diamond\The Essential Neil Diamond","40"
"Neil Young","Decade","C:\Work\AWSMusic\ProcessedSongs\Neil Young\Decade","22"
"Paul Mccartney","All The Best","C:\Work\AWSMusic\ProcessedSongs\Paul Mccartney\All The Best","22"
"Paul Mccartney","Flowers In The Dirt","C:\Work\AWSMusic\ProcessedSongs\Paul Mccartney\Flowers In The Dirt","14"
"Paul Mccartney","Press To Play","C:\Work\AWSMusic\ProcessedSongs\Paul Mccartney\Press To Play","14"
"Paul Mccartney","Ram","C:\Work\AWSMusic\ProcessedSongs\Paul Mccartney\Ram","10"
"Paul Simon","Anthology","C:\Work\AWSMusic\ProcessedSongs\Paul Simon\Anthology","49"
"Paul Simon","Simon & Garfunkel's Greatest Hits","C:\Work\AWSMusic\ProcessedSongs\Paul Simon\Simon & Garfunkel's Greatest Hits","14"
"Pink Floyd","Anthology (book)","C:\Work\AWSMusic\ProcessedSongs\Pink Floyd\Anthology (book)","38"
"Pink Floyd","Anthology - P110-175","C:\Work\AWSMusic\ProcessedSongs\Pink Floyd\Anthology - P110-175","1"
"Pink Floyd","Anthology - P58-109","C:\Work\AWSMusic\ProcessedSongs\Pink Floyd\Anthology - P58-109","1"
"Pink Floyd","Dark Side Of The Moon","C:\Work\AWSMusic\ProcessedSongs\Pink Floyd\Dark Side Of The Moon","1"
"Pink Floyd","Dark Side Of The Moon (2)","C:\Work\AWSMusic\ProcessedSongs\Pink Floyd\Dark Side Of The Moon (2)","1"
"Pink Floyd","Pink Floyd Songbook","C:\Work\AWSMusic\ProcessedSongs\Pink Floyd\Pink Floyd Songbook","10"
"Pink Floyd","Wish You Were Here","C:\Work\AWSMusic\ProcessedSongs\Pink Floyd\Wish You Were Here","11"
"Police","The Great Songs Of The Police","C:\Work\AWSMusic\ProcessedSongs\Police\The Great Songs Of The Police","12"
"Pretenders","Best Of Pretenders","C:\Work\AWSMusic\ProcessedSongs\Pretenders\Best Of Pretenders","16"
"Queen","Greatest Hits","C:\Work\AWSMusic\ProcessedSongs\Queen\Greatest Hits","1"
"Queen","Hit Songs","C:\Work\AWSMusic\ProcessedSongs\Queen\Hit Songs","22"
"Randy Newman","Collection","C:\Work\AWSMusic\ProcessedSongs\Randy Newman\Collection","1"
"Reo Speedwagon","Good Trouble","C:\Work\AWSMusic\ProcessedSongs\Reo Speedwagon\Good Trouble","1"
"Reo Speedwagon","Hi Infidelity","C:\Work\AWSMusic\ProcessedSongs\Reo Speedwagon\Hi Infidelity","1"
"Reo Speedwagon","The Hits","C:\Work\AWSMusic\ProcessedSongs\Reo Speedwagon\The Hits","12"
"Rod Stewart","The Great American Songbook","C:\Work\AWSMusic\ProcessedSongs\Rod Stewart\The Great American Songbook","16"
"Rolling Stones","Best Of Rolling Stones 1963-1973 Piano Songbook","C:\Work\AWSMusic\ProcessedSongs\Rolling Stones\Best Of Rolling Stones 1963-1973 Piano Songbook","20"
"Roy Orbison","Greatest Hits","C:\Work\AWSMusic\ProcessedSongs\Roy Orbison\Greatest Hits","19"
"Santana","Off The Record","C:\Work\AWSMusic\ProcessedSongs\Santana\Off The Record","8"
"Scott Joplin","The Best Of","C:\Work\AWSMusic\ProcessedSongs\Scott Joplin\The Best Of","17"
"Shania Twain","Greatest Hits","C:\Work\AWSMusic\ProcessedSongs\Shania Twain\Greatest Hits","21"
"Sheryl Crow","Very Best","C:\Work\AWSMusic\ProcessedSongs\Sheryl Crow\Very Best","17"
"Spice Girls","Greatest Hits","C:\Work\AWSMusic\ProcessedSongs\Spice Girls\Greatest Hits","11"
"Steely Dan","Steely Dan - The Best","C:\Work\AWSMusic\ProcessedSongs\Steely Dan\Steely Dan - The Best","23"
"Steve Miller Band","13 Biggest Hits","C:\Work\AWSMusic\ProcessedSongs\Steve Miller Band\13 Biggest Hits","13"
"Steve Winwood","The Great Songs Of","C:\Work\AWSMusic\ProcessedSongs\Steve Winwood\The Great Songs Of","8"
"Supertramp","Anthology","C:\Work\AWSMusic\ProcessedSongs\Supertramp\Anthology","2"
"Survivor","Greatest Hits","C:\Work\AWSMusic\ProcessedSongs\Survivor\Greatest Hits","10"
"Taylor Swift","Taylor Swift","C:\Work\AWSMusic\ProcessedSongs\Taylor Swift\Taylor Swift","11"
"The Band","The Band And Music From Big Pink","C:\Work\AWSMusic\ProcessedSongs\The Band\The Band And Music From Big Pink","21"
"Tom Lehrer","Tom Lehrer - Book Covers","C:\Work\AWSMusic\ProcessedSongs\Tom Lehrer\Tom Lehrer - Book Covers","1"
"Tom Waits","Anthology","C:\Work\AWSMusic\ProcessedSongs\Tom Waits\Anthology","29"
"Toto","Best Of","C:\Work\AWSMusic\ProcessedSongs\Toto\Best Of","5"
"Toto","Collection","C:\Work\AWSMusic\ProcessedSongs\Toto\Collection","13"
"Traveling Wilburys","Volume 1","C:\Work\AWSMusic\ProcessedSongs\Traveling Wilburys\Volume 1","1"
"Van Morrison","Anthology","C:\Work\AWSMusic\ProcessedSongs\Van Morrison\Anthology","25"
"Van Morrison","Anthology (2)","C:\Work\AWSMusic\ProcessedSongs\Van Morrison\Anthology (2)","21"
"Van Morrison","Days Like These (book)","C:\Work\AWSMusic\ProcessedSongs\Van Morrison\Days Like These (book)","2"
"Various Artists","100 Songs For Kids - (easy Guitar Songbook)","C:\Work\AWSMusic\ProcessedSongs\Various Artists\100 Songs For Kids - (easy Guitar Songbook)","98"
"Various Artists","50 Platinum Country Hits","C:\Work\AWSMusic\ProcessedSongs\Various Artists\50 Platinum Country Hits","50"
"Various Artists","50's And 60's","C:\Work\AWSMusic\ProcessedSongs\Various Artists\50's And 60's","1"
"Various Artists","557 Standards (sheet Music - Piano)(2)","C:\Work\AWSMusic\ProcessedSongs\Various Artists\557 Standards (sheet Music - Piano)(2)","345"
"Various Artists","70's Collection - (57pp)","C:\Work\AWSMusic\ProcessedSongs\Various Artists\70's Collection - (57pp)","1"
"Various Artists","Adult Contemporary Hits Of The Nineties","C:\Work\AWSMusic\ProcessedSongs\Various Artists\Adult Contemporary Hits Of The Nineties","30"
"Various Artists","All Time Best Collection Vol 3","C:\Work\AWSMusic\ProcessedSongs\Various Artists\All Time Best Collection Vol 3","18"
"Various Artists","Best In Country Sheet Music","C:\Work\AWSMusic\ProcessedSongs\Various Artists\Best In Country Sheet Music","26"
"Various Artists","Best Rock Songs 2000-2005","C:\Work\AWSMusic\ProcessedSongs\Various Artists\Best Rock Songs 2000-2005","18"
"Various Artists","Biggest Pop Hits 1996-1997","C:\Work\AWSMusic\ProcessedSongs\Various Artists\Biggest Pop Hits 1996-1997","26"
"Various Artists","Chart Hits 01-02","C:\Work\AWSMusic\ProcessedSongs\Various Artists\Chart Hits 01-02","1"
"Various Artists","Chart Hits 04-05","C:\Work\AWSMusic\ProcessedSongs\Various Artists\Chart Hits 04-05","19"
"Various Artists","Chart Hits 98-99","C:\Work\AWSMusic\ProcessedSongs\Various Artists\Chart Hits 98-99","26"
"Various Artists","Classic Rock - 73 Songs","C:\Work\AWSMusic\ProcessedSongs\Various Artists\Classic Rock - 73 Songs","73"
"Various Artists","Collection Of Country Music","C:\Work\AWSMusic\ProcessedSongs\Various Artists\Collection Of Country Music","72"
"Various Artists","Complete Piano Player Easy Blues (22 Songs)","C:\Work\AWSMusic\ProcessedSongs\Various Artists\Complete Piano Player Easy Blues (22 Songs)","21"
"Various Artists","Golden Era Of Rock And Roll (grab It!)","C:\Work\AWSMusic\ProcessedSongs\Various Artists\Golden Era Of Rock And Roll (grab It!)","99"
"Various Artists","Great Big Book Of Children's Songs","C:\Work\AWSMusic\ProcessedSongs\Various Artists\Great Big Book Of Children's Songs","73"
"Various Artists","Great Country Collection","C:\Work\AWSMusic\ProcessedSongs\Various Artists\Great Country Collection","14"
"Various Artists","Greatest Hits Of 2004-2005","C:\Work\AWSMusic\ProcessedSongs\Various Artists\Greatest Hits Of 2004-2005","59"
"Various Artists","Greatest Love Songs Of 80s","C:\Work\AWSMusic\ProcessedSongs\Various Artists\Greatest Love Songs Of 80s","25"
"Various Artists","Greatest Love Songs Of The 60s","C:\Work\AWSMusic\ProcessedSongs\Various Artists\Greatest Love Songs Of The 60s","25"
"Various Artists","Greatest Love Songs Of The 70s","C:\Work\AWSMusic\ProcessedSongs\Various Artists\Greatest Love Songs Of The 70s","26"
"Various Artists","Greatest Love Songs Of The 80s","C:\Work\AWSMusic\ProcessedSongs\Various Artists\Greatest Love Songs Of The 80s","25"
"Various Artists","Heavy Metal Vol. Iii","C:\Work\AWSMusic\ProcessedSongs\Various Artists\Heavy Metal Vol. Iii","13"
"Various Artists","History Of Rock - Late 80s","C:\Work\AWSMusic\ProcessedSongs\Various Artists\History Of Rock - Late 80s","43"
"Various Artists","Music For The Millenium - The Seventies","C:\Work\AWSMusic\ProcessedSongs\Various Artists\Music For The Millenium - The Seventies","17"
"Various Artists","Music For The Millennium The Seventies","C:\Work\AWSMusic\ProcessedSongs\Various Artists\Music For The Millennium The Seventies","17"
"Various Artists","Oldies But Goodies","C:\Work\AWSMusic\ProcessedSongs\Various Artists\Oldies But Goodies","40"
"Various Artists","Popular Piano Solos","C:\Work\AWSMusic\ProcessedSongs\Various Artists\Popular Piano Solos","11"
"Various Artists","The 1980s","C:\Work\AWSMusic\ProcessedSongs\Various Artists\The 1980s","30"
"Various Artists","The 60s And 70s Rock Score","C:\Work\AWSMusic\ProcessedSongs\Various Artists\The 60s And 70s Rock Score","9"
"Various Artists","The Best Children's Songs Ever (easy Piano)","C:\Work\AWSMusic\ProcessedSongs\Various Artists\The Best Children's Songs Ever (easy Piano)","103"
"Various Artists","The Decade Series - The 1980s","C:\Work\AWSMusic\ProcessedSongs\Various Artists\The Decade Series - The 1980s","30"
"Various Artists","The Greatest Love Songs Of The 80s","C:\Work\AWSMusic\ProcessedSongs\Various Artists\The Greatest Love Songs Of The 80s","25"
"Various Artists","Ultimate 100 Pop Hits Of The 90s","C:\Work\AWSMusic\ProcessedSongs\Various Artists\Ultimate 100 Pop Hits Of The 90s","101"
"Various Artists","Ultimate Pop Sheet Music Collection 2000","C:\Work\AWSMusic\ProcessedSongs\Various Artists\Ultimate Pop Sheet Music Collection 2000","84"
"Vince Guaraldi","Peanuts Songbook","C:\Work\AWSMusic\ProcessedSongs\Vince Guaraldi\Peanuts Songbook","28"
"Vince Guaraldi","The Vince Guaraldi Collection","C:\Work\AWSMusic\ProcessedSongs\Vince Guaraldi\The Vince Guaraldi Collection","9"
"Whitney Houston","The Best Of","C:\Work\AWSMusic\ProcessedSongs\Whitney Houston\The Best Of","10"
"Who","Who - Quadrophenia (PVG)","C:\Work\AWSMusic\ProcessedSongs\Who\Who - Quadrophenia (PVG)","9"
"Who","Who Anthology","C:\Work\AWSMusic\ProcessedSongs\Who\Who Anthology","44"
"Wings","Wings - Greatest Hits","C:\Work\AWSMusic\ProcessedSongs\Wings\Wings - Greatest Hits","13"
"Wings","Wings - London Town (PVG Book)","C:\Work\AWSMusic\ProcessedSongs\Wings\Wings - London Town (PVG Book)","8"
"Yes","Complete Deluxe Edition","C:\Work\AWSMusic\ProcessedSongs\Yes\Complete Deluxe Edition","29"
"Zz Top","Greatest Hits","C:\Work\AWSMusic\ProcessedSongs\Zz Top\Greatest Hits","21"
"_broadway Shows","A Treasury Of Gilbert & Sullivan Part 1","C:\Work\AWSMusic\ProcessedSongs\_broadway Shows\A Treasury Of Gilbert & Sullivan Part 1","50"
"_broadway Shows","A Treasury Of Gilbert & Sullivan Part 2","C:\Work\AWSMusic\ProcessedSongs\_broadway Shows\A Treasury Of Gilbert & Sullivan Part 2","47"
"_broadway Shows","Lambert And Morrison - The Drowsy Chaperone (version 1)","C:\Work\AWSMusic\ProcessedSongs\_broadway Shows\Lambert And Morrison - The Drowsy Chaperone (version 1)","1"
"_broadway Shows","Lambert And Morrison - The Drowsy Chaperone (version 2)","C:\Work\AWSMusic\ProcessedSongs\_broadway Shows\Lambert And Morrison - The Drowsy Chaperone (version 2)","2"
"_broadway Shows","Lerner And Loewe - Camelot","C:\Work\AWSMusic\ProcessedSongs\_broadway Shows\Lerner And Loewe - Camelot","16"
"_broadway Shows","Mamma Mia","C:\Work\AWSMusic\ProcessedSongs\_broadway Shows\Mamma Mia","15"
"_broadway Shows","Rogers And Hammerstein - South Pacific","C:\Work\AWSMusic\ProcessedSongs\_broadway Shows\Rogers And Hammerstein - South Pacific","7"
"_broadway Shows","Steven Sondheim - All Sondheim Volume 2 Book","C:\Work\AWSMusic\ProcessedSongs\_broadway Shows\Steven Sondheim - All Sondheim Volume 2 Book","19"
"_broadway Shows","The Wedding Singer","C:\Work\AWSMusic\ProcessedSongs\_broadway Shows\The Wedding Singer","72"
"_broadway Shows","Various Artists - Aida","C:\Work\AWSMusic\ProcessedSongs\_broadway Shows\Various Artists - Aida","1"
"_broadway Shows","Various Artists - Aladdin (book)","C:\Work\AWSMusic\ProcessedSongs\_broadway Shows\Various Artists - Aladdin (book)","8"
"_broadway Shows","Various Artists - Aladdin Jr","C:\Work\AWSMusic\ProcessedSongs\_broadway Shows\Various Artists - Aladdin Jr","34"
"_broadway Shows","Various Artists - Annie - Full Score","C:\Work\AWSMusic\ProcessedSongs\_broadway Shows\Various Artists - Annie - Full Score","29"
"_broadway Shows","Various Artists - Avenue Q - Full Score","C:\Work\AWSMusic\ProcessedSongs\_broadway Shows\Various Artists - Avenue Q - Full Score","1"
"_broadway Shows","Various Artists - Avenue X - Vocal Chorus Book","C:\Work\AWSMusic\ProcessedSongs\_broadway Shows\Various Artists - Avenue X - Vocal Chorus Book","25"
"_broadway Shows","Various Artists - Beauty And The Beast (1994 Mti Pc Score, Complete)","C:\Work\AWSMusic\ProcessedSongs\_broadway Shows\Various Artists - Beauty And The Beast (1994 Mti Pc Score, Complete)","23"
"_broadway Shows","Various Artists - Best In Broadway Deluxe Edition","C:\Work\AWSMusic\ProcessedSongs\_broadway Shows\Various Artists - Best In Broadway Deluxe Edition","62"
"_broadway Shows","Various Artists - Cabaret (1998 Version)","C:\Work\AWSMusic\ProcessedSongs\_broadway Shows\Various Artists - Cabaret (1998 Version)","2"
"_broadway Shows","Various Artists - Cabaret (original)","C:\Work\AWSMusic\ProcessedSongs\_broadway Shows\Various Artists - Cabaret (original)","3"
"_broadway Shows","Various Artists - Cats - Conductor Score","C:\Work\AWSMusic\ProcessedSongs\_broadway Shows\Various Artists - Cats - Conductor Score","2"
"_broadway Shows","Various Artists - Chicago (1975)","C:\Work\AWSMusic\ProcessedSongs\_broadway Shows\Various Artists - Chicago (1975)","22"
"_broadway Shows","Various Artists - Dear Evan Hansen (pvg)","C:\Work\AWSMusic\ProcessedSongs\_broadway Shows\Various Artists - Dear Evan Hansen (pvg)","15"
"_broadway Shows","Various Artists - Dirty Rotten Scoundrels (piano-vocal)","C:\Work\AWSMusic\ProcessedSongs\_broadway Shows\Various Artists - Dirty Rotten Scoundrels (piano-vocal)","1"
"_broadway Shows","Various Artists - Hair (rev 1995) - Piano Conductor Score","C:\Work\AWSMusic\ProcessedSongs\_broadway Shows\Various Artists - Hair (rev 1995) - Piano Conductor Score","44"
"_broadway Shows","Various Artists - Jesus Christ Superstar","C:\Work\AWSMusic\ProcessedSongs\_broadway Shows\Various Artists - Jesus Christ Superstar","8"
"_broadway Shows","Various Artists - Legally Blonde - Score","C:\Work\AWSMusic\ProcessedSongs\_broadway Shows\Various Artists - Legally Blonde - Score","1"
"_broadway Shows","Various Artists - Les Miserables - Full Score","C:\Work\AWSMusic\ProcessedSongs\_broadway Shows\Various Artists - Les Miserables - Full Score","16"
"_broadway Shows","Various Artists - Les Miserables - Piano-conductor","C:\Work\AWSMusic\ProcessedSongs\_broadway Shows\Various Artists - Les Miserables - Piano-conductor","4"
"_broadway Shows","Various Artists - Les Miserables - Piano-conductor (complete)","C:\Work\AWSMusic\ProcessedSongs\_broadway Shows\Various Artists - Les Miserables - Piano-conductor (complete)","5"
"_broadway Shows","Various Artists - Little Mermaid Workshop Score","C:\Work\AWSMusic\ProcessedSongs\_broadway Shows\Various Artists - Little Mermaid Workshop Score","1"
"_broadway Shows","Various Artists - Little Shop Of Horrors (original)","C:\Work\AWSMusic\ProcessedSongs\_broadway Shows\Various Artists - Little Shop Of Horrors (original)","2"
"_broadway Shows","Various Artists - Mary Poppins","C:\Work\AWSMusic\ProcessedSongs\_broadway Shows\Various Artists - Mary Poppins","1"
"_broadway Shows","Various Artists - Phantom Of The Opera","C:\Work\AWSMusic\ProcessedSongs\_broadway Shows\Various Artists - Phantom Of The Opera","1"
"_broadway Shows","Various Artists - Rocky Horror Show","C:\Work\AWSMusic\ProcessedSongs\_broadway Shows\Various Artists - Rocky Horror Show","1"
"_broadway Shows","Various Artists - Rocky Horror Show Revised - Full Score","C:\Work\AWSMusic\ProcessedSongs\_broadway Shows\Various Artists - Rocky Horror Show Revised - Full Score","24"
"_broadway Shows","Various Artists - Seussical - Tya","C:\Work\AWSMusic\ProcessedSongs\_broadway Shows\Various Artists - Seussical - Tya","38"
"_broadway Shows","Various Artists - Sound Of Music","C:\Work\AWSMusic\ProcessedSongs\_broadway Shows\Various Artists - Sound Of Music","16"
"_broadway Shows","Various Artists - Sound Of Music (vocal Selections)","C:\Work\AWSMusic\ProcessedSongs\_broadway Shows\Various Artists - Sound Of Music (vocal Selections)","7"
"_broadway Shows","Various Artists - Spamalot","C:\Work\AWSMusic\ProcessedSongs\_broadway Shows\Various Artists - Spamalot","65"
"_broadway Shows","Various Artists - Sweeney Todd Vocal Score","C:\Work\AWSMusic\ProcessedSongs\_broadway Shows\Various Artists - Sweeney Todd Vocal Score","19"
"_broadway Shows","Various Artists - The Hobbit Score","C:\Work\AWSMusic\ProcessedSongs\_broadway Shows\Various Artists - The Hobbit Score","11"
"_broadway Shows","Various Artists - The Ultimate Broadway Fakebook","C:\Work\AWSMusic\ProcessedSongs\_broadway Shows\Various Artists - The Ultimate Broadway Fakebook","406"
"_broadway Shows","Various Artists - Wizard Of Oz (rsc Piano-conductor)","C:\Work\AWSMusic\ProcessedSongs\_broadway Shows\Various Artists - Wizard Of Oz (rsc Piano-conductor)","20"
"_broadway Shows","Various Artists - Wizard Of Oz - Piano Conductor","C:\Work\AWSMusic\ProcessedSongs\_broadway Shows\Various Artists - Wizard Of Oz - Piano Conductor","24"
"_movie And Tv","Brother Bear (disney)","C:\Work\AWSMusic\ProcessedSongs\_movie And Tv\Brother Bear (disney)","8"
"_movie And Tv","Budget Books - Movie Songs","C:\Work\AWSMusic\ProcessedSongs\_movie And Tv\Budget Books - Movie Songs","76"
"_movie And Tv","Disney Collection (songs Out Of Order)","C:\Work\AWSMusic\ProcessedSongs\_movie And Tv\Disney Collection (songs Out Of Order)","42"
"_movie And Tv","High School Musical - Breaking Free - Piano Sheet Music","C:\Work\AWSMusic\ProcessedSongs\_movie And Tv\High School Musical - Breaking Free - Piano Sheet Music","1"
"_movie And Tv","John Williams - Greatest Hits","C:\Work\AWSMusic\ProcessedSongs\_movie And Tv\John Williams - Greatest Hits","28"
"_movie And Tv","John Williams - Star Wars Episode I - The Phantom Menace","C:\Work\AWSMusic\ProcessedSongs\_movie And Tv\John Williams - Star Wars Episode I - The Phantom Menace","1"
"_movie And Tv","John Williams - Star Wars Episode Ii - Attack Of The Clones (lite)","C:\Work\AWSMusic\ProcessedSongs\_movie And Tv\John Williams - Star Wars Episode Ii - Attack Of The Clones (lite)","1"
"_movie And Tv","John Williams - Star Wars Episode Iii - Revenge Of The Sith.(incomplete Grab)","C:\Work\AWSMusic\ProcessedSongs\_movie And Tv\John Williams - Star Wars Episode Iii - Revenge Of The Sith.(incomplete Grab)","1"
"_movie And Tv","John Williams - Star Wars Trilogy","C:\Work\AWSMusic\ProcessedSongs\_movie And Tv\John Williams - Star Wars Trilogy","14"
"_movie And Tv","Kasha & Hirschorn - Pete's Dragon","C:\Work\AWSMusic\ProcessedSongs\_movie And Tv\Kasha & Hirschorn - Pete's Dragon","6"
"_movie And Tv","Mary Poppins","C:\Work\AWSMusic\ProcessedSongs\_movie And Tv\Mary Poppins","11"
"_movie And Tv","Mulan","C:\Work\AWSMusic\ProcessedSongs\_movie And Tv\Mulan","1"
"_movie And Tv","Randy Newman - Toy Story 2","C:\Work\AWSMusic\ProcessedSongs\_movie And Tv\Randy Newman - Toy Story 2","1"
"_movie And Tv","Spirited Away (disney) (2001)","C:\Work\AWSMusic\ProcessedSongs\_movie And Tv\Spirited Away (disney) (2001)","1"
"_movie And Tv","Star Wars Suite (john Williams - Full Score - Hal Leonard)","C:\Work\AWSMusic\ProcessedSongs\_movie And Tv\Star Wars Suite (john Williams - Full Score - Hal Leonard)","8"
"_movie And Tv","The New Illustrated Treasury Of Disney","C:\Work\AWSMusic\ProcessedSongs\_movie And Tv\The New Illustrated Treasury Of Disney","68"
"_movie And Tv","The New Illustrated Treasury Of Disney Songs","C:\Work\AWSMusic\ProcessedSongs\_movie And Tv\The New Illustrated Treasury Of Disney Songs","68"
"_movie And Tv","Theme From Rocky And Otther Big Hits","C:\Work\AWSMusic\ProcessedSongs\_movie And Tv\Theme From Rocky And Otther Big Hits","22"
"_movie And Tv","Various Artists - 100 Of The Best Movie Songs Ever","C:\Work\AWSMusic\ProcessedSongs\_movie And Tv\Various Artists - 100 Of The Best Movie Songs Ever","101"
"_movie And Tv","Various Artists - Book Of Great Tv Hits","C:\Work\AWSMusic\ProcessedSongs\_movie And Tv\Various Artists - Book Of Great Tv Hits","41"
"_movie And Tv","Various Artists - Box Office Themes Vol. 1","C:\Work\AWSMusic\ProcessedSongs\_movie And Tv\Various Artists - Box Office Themes Vol. 1","12"
"_movie And Tv","Various Artists - Decades Of Film '70s","C:\Work\AWSMusic\ProcessedSongs\_movie And Tv\Various Artists - Decades Of Film '70s","17"
"_movie And Tv","Various Artists - Decades Of Film '80s","C:\Work\AWSMusic\ProcessedSongs\_movie And Tv\Various Artists - Decades Of Film '80s","20"
"_movie And Tv","Various Artists - Decades Of Film '90s","C:\Work\AWSMusic\ProcessedSongs\_movie And Tv\Various Artists - Decades Of Film '90s","20"
"_movie And Tv","Various Artists - Disney Duets","C:\Work\AWSMusic\ProcessedSongs\_movie And Tv\Various Artists - Disney Duets","8"
"_movie And Tv","Various Artists - Disney Fake Book","C:\Work\AWSMusic\ProcessedSongs\_movie And Tv\Various Artists - Disney Fake Book","194"
"_movie And Tv","Various Artists - Disney Solos For Violin","C:\Work\AWSMusic\ProcessedSongs\_movie And Tv\Various Artists - Disney Solos For Violin","1"
"_movie And Tv","Various Artists - Eddie And The Cruisers","C:\Work\AWSMusic\ProcessedSongs\_movie And Tv\Various Artists - Eddie And The Cruisers","6"
"_movie And Tv","Various Artists - Film Book","C:\Work\AWSMusic\ProcessedSongs\_movie And Tv\Various Artists - Film Book","41"
"_movie And Tv","Various Artists - Film Music For Solo Piano","C:\Work\AWSMusic\ProcessedSongs\_movie And Tv\Various Artists - Film Music For Solo Piano","28"
"_movie And Tv","Various Artists - Film Music For Solo Piano (2)","C:\Work\AWSMusic\ProcessedSongs\_movie And Tv\Various Artists - Film Music For Solo Piano (2)","23"
"_movie And Tv","Various Artists - Frozen - Let It Go (movie Version)","C:\Work\AWSMusic\ProcessedSongs\_movie And Tv\Various Artists - Frozen - Let It Go (movie Version)","1"
"_movie And Tv","Various Artists - High School Musical 1","C:\Work\AWSMusic\ProcessedSongs\_movie And Tv\Various Artists - High School Musical 1","2"
"_movie And Tv","Various Artists - High School Musical 2","C:\Work\AWSMusic\ProcessedSongs\_movie And Tv\Various Artists - High School Musical 2","10"
"_movie And Tv","Various Artists - Little Mermaid","C:\Work\AWSMusic\ProcessedSongs\_movie And Tv\Various Artists - Little Mermaid","1"
"_movie And Tv","Various Artists - Love Songs From The Movies","C:\Work\AWSMusic\ProcessedSongs\_movie And Tv\Various Artists - Love Songs From The Movies","33"
"_movie And Tv","Various Artists - Movie Fakebook","C:\Work\AWSMusic\ProcessedSongs\_movie And Tv\Various Artists - Movie Fakebook","388"
"_movie And Tv","Various Artists - Movie Melodies - The Very Best Of Movie Songs","C:\Work\AWSMusic\ProcessedSongs\_movie And Tv\Various Artists - Movie Melodies - The Very Best Of Movie Songs","21"
"_movie And Tv","Various Artists - Movie Songs Of The 90s Vol 2","C:\Work\AWSMusic\ProcessedSongs\_movie And Tv\Various Artists - Movie Songs Of The 90s Vol 2","34"
"_movie And Tv","Various Artists - Music From The Movies The Adventure Collection","C:\Work\AWSMusic\ProcessedSongs\_movie And Tv\Various Artists - Music From The Movies The Adventure Collection","23"
"_movie And Tv","Various Artists - Music From The Movies The Animated Collection","C:\Work\AWSMusic\ProcessedSongs\_movie And Tv\Various Artists - Music From The Movies The Animated Collection","4"
"_movie And Tv","Various Artists - Piano Solos Film Music - The Costume Drama Collection","C:\Work\AWSMusic\ProcessedSongs\_movie And Tv\Various Artists - Piano Solos Film Music - The Costume Drama Collection","28"
"_movie And Tv","Various Artists - Pirates Of The Caribbean At World's End","C:\Work\AWSMusic\ProcessedSongs\_movie And Tv\Various Artists - Pirates Of The Caribbean At World's End","1"
"_movie And Tv","Various Artists - Shrek 1","C:\Work\AWSMusic\ProcessedSongs\_movie And Tv\Various Artists - Shrek 1","13"
"_movie And Tv","Various Artists - Shrek 2","C:\Work\AWSMusic\ProcessedSongs\_movie And Tv\Various Artists - Shrek 2","13"
"_movie And Tv","Various Artists - Shrek 3","C:\Work\AWSMusic\ProcessedSongs\_movie And Tv\Various Artists - Shrek 3","12"
"_movie And Tv","Various Artists - Star Trek (piano Solo)","C:\Work\AWSMusic\ProcessedSongs\_movie And Tv\Various Artists - Star Trek (piano Solo)","8"
"_movie And Tv","Various Artists - Star Trek - Complete Star Trek Theme Music","C:\Work\AWSMusic\ProcessedSongs\_movie And Tv\Various Artists - Star Trek - Complete Star Trek Theme Music","1"
"_movie And Tv","Various Artists - Star Trek - Complete Theme Music (piano Solo)","C:\Work\AWSMusic\ProcessedSongs\_movie And Tv\Various Artists - Star Trek - Complete Theme Music (piano Solo)","16"
"_movie And Tv","Various Artists - Star Trek - Deep Space Nine","C:\Work\AWSMusic\ProcessedSongs\_movie And Tv\Various Artists - Star Trek - Deep Space Nine","1"
"_movie And Tv","Various Artists - Star Trek - Enterprise","C:\Work\AWSMusic\ProcessedSongs\_movie And Tv\Various Artists - Star Trek - Enterprise","1"
"_movie And Tv","Various Artists - Star Trek - First Contact","C:\Work\AWSMusic\ProcessedSongs\_movie And Tv\Various Artists - Star Trek - First Contact","1"
"_movie And Tv","Various Artists - Star Trek - Generations","C:\Work\AWSMusic\ProcessedSongs\_movie And Tv\Various Artists - Star Trek - Generations","1"
"_movie And Tv","Various Artists - Star Trek - Insurrection","C:\Work\AWSMusic\ProcessedSongs\_movie And Tv\Various Artists - Star Trek - Insurrection","1"
"_movie And Tv","Various Artists - Star Trek - Star Trek","C:\Work\AWSMusic\ProcessedSongs\_movie And Tv\Various Artists - Star Trek - Star Trek","1"
"_movie And Tv","Various Artists - Star Trek - Star Trek The Motion Picture","C:\Work\AWSMusic\ProcessedSongs\_movie And Tv\Various Artists - Star Trek - Star Trek The Motion Picture","1"
"_movie And Tv","Various Artists - Star Trek - The Final Frontier","C:\Work\AWSMusic\ProcessedSongs\_movie And Tv\Various Artists - Star Trek - The Final Frontier","2"
"_movie And Tv","Various Artists - Star Trek - The Next Generation","C:\Work\AWSMusic\ProcessedSongs\_movie And Tv\Various Artists - Star Trek - The Next Generation","2"
"_movie And Tv","Various Artists - Star Trek - The Search For Spock","C:\Work\AWSMusic\ProcessedSongs\_movie And Tv\Various Artists - Star Trek - The Search For Spock","1"
"_movie And Tv","Various Artists - Star Trek - The Undiscovered Country","C:\Work\AWSMusic\ProcessedSongs\_movie And Tv\Various Artists - Star Trek - The Undiscovered Country","1"
"_movie And Tv","Various Artists - Star Trek - The Voyage Home","C:\Work\AWSMusic\ProcessedSongs\_movie And Tv\Various Artists - Star Trek - The Voyage Home","1"
"_movie And Tv","Various Artists - Star Trek - The Wrath Of Khan","C:\Work\AWSMusic\ProcessedSongs\_movie And Tv\Various Artists - Star Trek - The Wrath Of Khan","1"
"_movie And Tv","Various Artists - Star Trek - Them From Search For Spock","C:\Work\AWSMusic\ProcessedSongs\_movie And Tv\Various Artists - Star Trek - Them From Search For Spock","1"
"_movie And Tv","Various Artists - Star Trek - Voyager","C:\Work\AWSMusic\ProcessedSongs\_movie And Tv\Various Artists - Star Trek - Voyager","1"
"_movie And Tv","Various Artists - The Big Book Of Movie Music","C:\Work\AWSMusic\ProcessedSongs\_movie And Tv\Various Artists - The Big Book Of Movie Music","64"
"_movie And Tv","Various Artists - The Simpsons - Simpsons Songbook","C:\Work\AWSMusic\ProcessedSongs\_movie And Tv\Various Artists - The Simpsons - Simpsons Songbook","1"
"_movie And Tv","Various Artists - The Tv Fakebook","C:\Work\AWSMusic\ProcessedSongs\_movie And Tv\Various Artists - The Tv Fakebook","71"
"_movie And Tv","Various Artists - Top Movie Hits","C:\Work\AWSMusic\ProcessedSongs\_movie And Tv\Various Artists - Top Movie Hits","10"
"_movie And Tv","Various Artists - Tv Detective - Themes For Solo Piano","C:\Work\AWSMusic\ProcessedSongs\_movie And Tv\Various Artists - Tv Detective - Themes For Solo Piano","28"
"_movie And Tv","Various Artists - Tv Fakebook 2nd Ed","C:\Work\AWSMusic\ProcessedSongs\_movie And Tv\Various Artists - Tv Fakebook 2nd Ed","105"
"_movie And Tv","Various Artists - Ultimate Tv Showstoppers","C:\Work\AWSMusic\ProcessedSongs\_movie And Tv\Various Artists - Ultimate Tv Showstoppers","18"
"_movie And Tv","Various Artists - Warner Bros 75th Anniversary","C:\Work\AWSMusic\ProcessedSongs\_movie And Tv\Various Artists - Warner Bros 75th Anniversary","3"
