from_artist,from_book,to_artist,to_book,match_quality,song_count
Acdc,Anthology,Acdc,ACDC - Anthology,PERFECT,3
Adele,19 [pvg Book],Adele,Adele - 19 _PVG Book_,PERFECT,12
Aerosmith,Greatest Hits (songbook),Aerosmith,Aerosmith - Greatest Hits _Songbook_,PERFECT,15
Allman Brothers,Allman Brothers Band [pvg],Allman Brothers,Allman Brothers - Allman Brothers Band _PVG_,PERFECT,15
Allman Brothers,Band Best [score],Allman Brothers,Allman Brothers - Band Best _Score_,PERFECT,8
Allman Brothers,Best Of [pvg],Allman Brothers,Allman Brothers - Best Of _PVG_,PERFECT,28
America,America - Greatest Hits,America,America - America _PVG Book_,PARTIAL,7
America,America - Greatest Hits [book],America,America - Greatest Hits [Book],PERFECT,7
America,America - Greatest Hits [book],America,America - Greatest Hits _Book_,PERFECT,7
Barry Manilow,Anthology,Barry Manilow,Barry Manilow - Anthology,PERFECT,53
Barry Manilow,Barry Manilow - Barry Manilow [pvg Book],Barry Manilow,Barry Manilow - Barry Manilow _PVG Book_,PARTIAL,7
Beatles,Beatles - Complete Scores,Beatles,Beatles - 100 Hits For All Keyboards,PARTIAL,167
Beatles,Beatles - Complete Scores,Beatles,Beatles - Abbey Road,PARTIAL,167
Beatles,Beatles - Complete Scores,Beatles,Beatles - Abbey Road Guitar Recorded Version,GOOD,167
Beatles,Beatles - Complete Scores,Beatles,Beatles - All Songs 1962-1974,PARTIAL,167
Beatles,Beatles - Complete Scores,Beatles,Beatles - Anthology,PARTIAL,167
Beatles,Beatles - Anthology 1 (113 Pages),Beatles,Beatles - Anthology 1 _113 pages_,PARTIAL,20
Beatles,Beatles - Complete Scores,Beatles,Beatles - Anthology 2 page_01_-_40,PARTIAL,167
Beatles,Beatles - Anthology 2 (page 41 -72),Beatles,Beatles - Anthology 2 page_41_-72,PERFECT,1
Beatles,Beatles - 100 Hits For All Keyboards,Beatles,Beatles - Anthology 2 page_73_-112,PERFECT,34
Beatles,Beatles - Anthology 3 (page 37 - 79,Beatles,Beatles - Anthology 3 _page 37 - 79,PERFECT,1
Beatles,Beatles - Anthology 3 (page 01 - 36),Beatles,Beatles - Anthology 3 page_01_-_36,PARTIAL,4
Beatles,Beatles - Abbey Road,Beatles,Beatles - Anthology 3 page_80_-_111,PERFECT,7
Beatles,Beatles - Complete Scores (2),Beatles,Beatles - Beatlemania 1963-1966,PARTIAL,160
Beatles,Beatles - Complete Scores,Beatles,Beatles - Complete Scores _2_,PARTIAL,167
Beatles,Beatles - Complete Scores (2),Beatles,Beatles - Essential Songs,PARTIAL,160
Beatles,Beatles - Fake Songbook (guitar),Beatles,Beatles - Fake Songbook _Guitar_,PARTIAL,121
Beatles,Beatles - Anthology 1 (113 Pages),Beatles,Beatles - Joy Of Beatles,PERFECT,20
Beatles,Beatles - Complete Scores (2),Beatles,Beatles - Live At The Hollywood Bowl,PARTIAL,160
Beatles,Beatles - Complete Scores (2),Beatles,Beatles - Live At The Hollywood Bowl _2_,PARTIAL,160
Beatles,Beatles - Complete Scores (2),Beatles,Beatles - Revolver,PARTIAL,160
Beatles,Beatles - Complete Scores (2),Beatles,Beatles - Revolver _2_,PARTIAL,160
Beatles,Beatles - Complete Scores,Beatles,Beatles - Rubber Soul,GOOD,167
Beatles,Beatles - Complete Scores (2),Beatles,Beatles - Sergeant Peppers Lonely Hearts Club Band,PERFECT,160
Beatles,Beatles - Complete Scores (2),Beatles,Beatles - Singles Collection _PVG_,GOOD,160
Beatles,Beatles - Complete Scores,Beatles,Beatles - Songbook,PARTIAL,167
Beatles,Beatles - 100 Hits For All Keyboards,Beatles,Beatles - White Album 1 _Guitar Recorded Version_,PERFECT,34
Belinda Carlisle,Belinda Carlisle - 5 Of The Best [pvg],Belinda Carlisle,Belinda Carlisle - 5 Of The Best _PVG_,PARTIAL,3
Ben Folds,Ben Folds - Rockin' The Suburbs [book],Ben Folds,Ben Folds - Rockin The Suburbs _Book_,PERFECT,1
Ben Folds,Ben Folds - Rockin' The Suburbs [book],Ben Folds,Ben Folds - Rockin' The Suburbs [Book],PERFECT,1
Ben Folds,Songs For Silverman,Ben Folds,Ben Folds - Songs For Silverman,GOOD,13
Ben Folds,Songs For Silverman,Ben Folds,Ben Folds - Songs For The Silverman,GOOD,13
Ben Folds,Ben Folds Five - Rockin' The Suburbs,Ben Folds,Ben Folds Five - Rockin The Suburbs,PARTIAL,8
Ben Folds,Ben Folds Five - Selections From Naked Baby Photos [score],Ben Folds,Ben Folds Five - Selections From Naked Baby Photos _Score_,GOOD,18
Ben Folds,Ben Folds Five - Whatever And Ever Amen [book],Ben Folds,Ben Folds Five - Whatever And Ever Amen _Book_,GOOD,15
Billy Joel,52nd Street,Billy Joel,Billy Joel - 52nd Street,PERFECT,9
Billy Joel,Best Of Piano Solos,Billy Joel,Billy Joel - Best Of Piano Solos,PERFECT,13
Billy Joel,Complete Vol 1,Billy Joel,Billy Joel - Complete Vol 1,GOOD,47
Billy Joel,Complete Vol 2,Billy Joel,Billy Joel - Complete Vol 2,GOOD,48
Billy Joel,Billy Joel - Fantasies & Delusions,Billy Joel,Billy Joel - Fantasies And Delusions,PERFECT,11
Billy Joel,For Advanced Piano,Billy Joel,Billy Joel - For Advanced Piano,PERFECT,11
Billy Joel,Billy Joel - Greatest Hits,Billy Joel,Billy Joel - Greatest Hits Vol I And II,PERFECT,21
Billy Joel,Greatest Hits Vol Iii,Billy Joel,Billy Joel - Greatest Hits Vol III,PERFECT,1
Billy Joel,My Lives,Billy Joel,Billy Joel - My Lives,PARTIAL,72
Billy Joel,Rock Score,Billy Joel,Billy Joel - Rock Score,PERFECT,8
Billy Joel,Songs In The Attic,Billy Joel,Billy Joel - Songs In The Attic,PERFECT,11
Black Eyed Peas,Black Eyed Peas - Elephunk [pvg Book],Black Eyed Peas,Black Eyed Peas - Elephunk _PVG Book_,PARTIAL,8
Bob Dylan,Bob Dylan - Anthology,Bob Dylan,Bob Dylan - Anthology 1,GOOD,43
Bob Dylan,Basement Tapes [pvg],Bob Dylan,Bob Dylan - Basement Tapes _PVG_,PARTIAL,24
Bob Dylan,Blonde On Blonde,Bob Dylan,Bob Dylan - Blonde On Blonde,GOOD,13
Bob Dylan,Bob Dylan - Anthology,Bob Dylan,Bob Dylan - Collection,GOOD,43
Bob Dylan,Finger Picking,Bob Dylan,Bob Dylan - Finger Picking,GOOD,14
Bob Dylan,Highway 61 Revisited,Bob Dylan,Bob Dylan - Highway 61 Revisited,PERFECT,10
Bob Dylan,Rock Score,Bob Dylan,Bob Dylan - Rock Score,PERFECT,6
Bob Dylan,Saved,Bob Dylan,Bob Dylan - Saved,GOOD,8
Bob Dylan,Songbook,Bob Dylan,Bob Dylan - Songbook,EXCELLENT,47
Bob Dylan,The Harp Styles Of Bob Dylan [harmonica],Bob Dylan,Bob Dylan - The Harp Styles Of Bob Dylan _Harmonica_,PERFECT,12
Bob Seger,Greatest Hits,Bob Seger,Bob Seger - Greatest Hits,GOOD,14
Bob Seger,Greatest Hits,Bob Seger,Bob Seger - The New Best Of Bob Seger,GOOD,14
Bonnie Raitt,Bonnie Raitt - Nick Of Time [pvg Book],Bonnie Raitt,Bonnie Raitt - Nick Of Time _PVG Book_,PERFECT,1
Bruce Springsteen,Born In The Usa,Bruce Springsteen,Bruce Springsteen - Born In The USA,PERFECT,13
Bruce Springsteen,Lucky Town,Bruce Springsteen,Bruce Springsteen - Lucky Town,PERFECT,9
Carole King,Carole King - Classics (2),Carole King,Carole King - Bradleys Best Of The Best _Organ_,PARTIAL,30
Carole King,Carole King - Classics (2),Carole King,Carole King - Classics,GOOD,30
Carole King,Carole King - Classics (2),Carole King,Carole King - Classics _2_,GOOD,30
Carole King,Carole King - Classics (2),Carole King,Carole King - Classics _3_,GOOD,30
Carole King,Carole King - Classics (2),Carole King,Carole King - Keyboard Play-Along Vol 22,PARTIAL,30
Carole King,Carole King - Classics (2),Carole King,Carole King - Tapestry,PARTIAL,30
Carole King,Carole King - Classics (2),Carole King,Carole King - The New Best Of Carole King,PARTIAL,30
Carole King,Carole King - Classics (2),Carole King,Carole King - Youre The Voice,PARTIAL,30
Carpenters,Carpenters - Love Songs,Carpenters,Carpenters - Note For Note,PARTIAL,19
Cheap Trick,Cheap Trick - Greatest Hits [score],Cheap Trick,Cheap Trick - Greatest Hits _Score_,PERFECT,1
Creedence Clearwater Revival,Creedence Clearwater Revival - Best Of,Creedence Clearwater Revival,Creedence Clearwater Revival - Ultimate Minus One,PARTIAL,13
David Crosby,David Crosby - Songbook [lead Sheets],David Crosby,David Crosby - Songbook _Lead Sheets_,PERFECT,1
Dire Straits,Dire Straits - Jam With Dire Straits [guitar Book],Dire Straits,Dire Straits - Jam With Dire Straits _Guitar Book_,PARTIAL,5
Dire Straits,Dire Straits - Jam With Dire Straits [guitar Book],Dire Straits,Dire Straits - Money For Nothing _Guitar Book_,PERFECT,5
Don Henley,Don Henley - Actual Miles (greatest Hits),Don Henley,Don Henley - Actual Miles _Greatest Hits_,PERFECT,3
Don Henley,Don Henley - The End Of The Innocence [pvg Book],Don Henley,Don Henley - The End Of The Innocence _PVG Book_,PARTIAL,5
Doobie Brothers,Doobie Brothers - Best Of [band Score Jap],Doobie Brothers,Doobie Brothers - Best Of _Band Score Jap_,PERFECT,1
Duran Duran,Best Of [score],Duran Duran,Duran Duran - Best Of _Score_,PARTIAL,19
Duran Duran,Best Of [score],Duran Duran,Duran Duran - Seven And The Ragged Tiger _Jap Band Score_,PARTIAL,19
Eagles,Eagles - New Eagles Complete,Eagles,Eagles - Greatest Hits,PARTIAL,27
Eagles,Eagles - New Eagles Complete,Eagles,Eagles - Greatest Hits _1971-1975_,PARTIAL,27
Eagles,Eagles - Hotel California (guitar Songbook),Eagles,Eagles - Hotel California _Guitar Songbook_,PERFECT,1
Elo,Anthology [pvg],Elo,ELO - A New World Record,GOOD,32
Elo,Elo - Greatest Hits,Elo,ELO - Greatest Hits,PERFECT,2
Elo,Anthology [pvg],Elo,Elo - Anthology _PVG_,PERFECT,32
Elo,Elo - Discovery [pvg Book],Elo,Elo - Discovery _PVG Book_,PERFECT,7
Elo,Elo - Face The Music [pvg Bok],Elo,Elo - Face The Music _PVG Bok_,PERFECT,2
Elo,Anthology [pvg],Elo,Elo - Out Of The Blue _Book_,PERFECT,32
Elo,Elton John - The Elton John Collection [piano Solos],Elo,Elton John - The Elton John Collection [Piano Solos],PERFECT,29
Elton John,Elton John - Greatest Hits 1970-2002,Elton John,Elton John - The Very Best Of,PERFECT,19
Elton John,Too Low For Zero [book],Elton John,Elton John - Too Low For Zero _Book_,PERFECT,10
Elvis Costello,The Very Best Of,Elvis Costello,Elvis Costello - The Very Best Of,PERFECT,42
Emerson Lake And Palmer,Black Book,Emerson Lake And Palmer,Emerson Lake And Palmer - Black Book,PERFECT,2
Emerson Lake And Palmer,Greatest Hits,Emerson Lake And Palmer,Emerson Lake And Palmer - Greatest Hits,PERFECT,10
Emerson Lake And Palmer,Tarkus [book],Emerson Lake And Palmer,Emerson Lake And Palmer - Tarkus _Book_,PERFECT,13
Emerson Lake And Palmer,Trilogy [book],Emerson Lake And Palmer,Emerson Lake And Palmer - Trilogy _Book_,PERFECT,7
Eric Clapton,Derek And The Dominos [book],Eric Clapton,Eric Clapton - Derek And The Dominos _Book_,PERFECT,14
Eric Clapton,The Best Of Book,Eric Clapton,Eric Clapton - The Best Of Book,PERFECT,10
Eric Clapton,Unplugged [book],Eric Clapton,Eric Clapton - Unplugged _Book_,PERFECT,14
Fleetwood Mac,Anthology,Fleetwood Mac,Fleetwood Mac - Anthology,PERFECT,27
Fleetwood Mac,Deluxe Anthology,Fleetwood Mac,Fleetwood Mac - Deluxe Anthology,PERFECT,42
Fleetwood Mac,Fleetwood Mac + Heroes Are Hard To Find,Fleetwood Mac,Fleetwood Mac - Fleetwood Mac Heroes Are Hard To Find,PERFECT,15
Fleetwood Mac,Mirage,Fleetwood Mac,Fleetwood Mac - Mirage,PERFECT,12
Fleetwood Mac,Deluxe Anthology,Fleetwood Mac,Fleetwood Mac - Rumours,PERFECT,42
Fleetwood Mac,Tango In The Night,Fleetwood Mac,Fleetwood Mac - Tango In The Night,PERFECT,12
Fleetwood Mac,The Dance,Fleetwood Mac,Fleetwood Mac - The Dance,PERFECT,13
Frank Zappa,Songbook Vol 1,Frank Zappa,Frank Zappa - Songbook Vol 1,PERFECT,17
Frank Zappa,The Frank Zappa Guitar Book (transcriptions By Steve Vai),Frank Zappa,Frank Zappa - The Frank Zappa Guitar Book _transcriptions By Steve Vai_,PERFECT,12
Fray,Fray - How To Save A Life [book],Fray,Fray - How To Save A Life _Book_,PARTIAL,2
Garth Brooks,No Fences [guitar Tab],Garth Brooks,Garth Brooks - No Fences _Guitar Tab_,PERFECT,7
Garth Brooks,Garth Brooks - The Hits [guitar Tab],Garth Brooks,Garth Brooks - The Hits _Guitar Tab_,PERFECT,1
Garth Brooks,The Limited Series,Garth Brooks,Garth Brooks - The Limited Series,PERFECT,21
Genesis,A Trick Of The Tail [book],Genesis,Genesis - A Trick Of The Tail _Book_,PERFECT,8
Genesis,Anthology,Genesis,Genesis - Anthology,PERFECT,44
Genesis,Best Of Vol 1,Genesis,Genesis - Best Of Vol 1,PERFECT,10
Genesis,Invisible Touch [book],Genesis,Genesis - Invisible Touch _Book_,PERFECT,8
Genesis,Anthology,Genesis,Genesis - Rock Score,PERFECT,44
Genesis,Seconds Out,Genesis,Genesis - Seconds Out,PERFECT,8
Genesis,Selling England By The Pound,Genesis,Genesis - Selling England By The Pound,PERFECT,7
George Michael,Greatest Hits,George Michael,George Michael - Greatest Hits,PERFECT,29
George Michael,Older [book],George Michael,George Michael - Older _Book_,PERFECT,11
Grand Funk Railroad,Grand Funk - Closer To Home [pvg Book],Grand Funk Railroad,Grand Funk - Closer To Home _PVG Book_,PERFECT,5
Grand Funk Railroad,Grand Funk - We're An American Band [pvg Book],Grand Funk Railroad,Grand Funk - Were An American Band _PVG Book_,PERFECT,8
Grand Funk Railroad,Born To Die [pvg Book],Grand Funk Railroad,Grand Funk Railroad - Born To Die _PVG Book_,PERFECT,10
Grand Funk Railroad,"Hits From We're An American Band, Shinin' On, Phoenix [pvg]",Grand Funk Railroad,Grand Funk Railroad - Hits From Were An American Band Shinin On Phoenix _PVG_,PERFECT,23
Harry Chapin,The Authentic Guitar Style Of [guitar Tab],Harry Chapin,Harry Chapin - The Authentic Guitar Style Of _Guitar Tab_,PERFECT,9
Jackson Browne,Deluxe Anthology,Jackson Browne,Jackson Browne - Deluxe Anthology,PERFECT,39
James Blunt,All The Lost Souls [book],James Blunt,James Blunt - All The Lost Souls _Book_,PERFECT,10
James Blunt,Back To Bedlam [book],James Blunt,James Blunt - Back To Bedlam _Book_,PERFECT,1
James Taylor,Classic [guitar],James Taylor,James Taylor - Classic _Guitar_,PERFECT,15
James Taylor,Classic [guitar],James Taylor,James Taylor - Classics _guitar tab_,PERFECT,15
James Taylor,Guitar Songbook,James Taylor,James Taylor - Guitar Songbook,PERFECT,24
James Taylor,Guitar Songbook,James Taylor,James Taylor - James Taylor Songbook,PERFECT,24
James Taylor,James Taylor [pvg Book],James Taylor,James Taylor - James Taylor _PVG Book_,PERFECT,21
James Taylor,That's Why I'm Here [pvg Book],James Taylor,James Taylor - Thats Why Im Here _PVG Book_,PERFECT,10
Jim Croce,Acoustic Fingerstyle Video Guitar Lessons,Jim Croce,Jim Croce - Acoustic Fingerstyle Video Guitar Lessons,PERFECT,1
Jimmy Buffet,Jimmy Buffett - Barometer Soup [pvg Book],Jimmy Buffet,Jimmy Buffett - Barometer Soup _PVG Book_,PERFECT,9
Jimmy Buffet,Jimmy Buffett - Fruitcakes [pvg Book],Jimmy Buffet,Jimmy Buffett - Fruitcakes _PVG Book_,PERFECT,9
Joe Cocker,Best Of,Joe Cocker,Joe Cocker - Best Of,PERFECT,16
Joe Cocker,Mad Dogs And Englishmen [book],Joe Cocker,Joe Cocker - Mad Dogs And Englishmen _Book_,PERFECT,16
Joe Cocker,Songbook,Joe Cocker,Joe Cocker - Songbook,PERFECT,1
John Denver,Anthology,John Denver,John Denver - Anthology,PERFECT,53
John Denver,Anthology [pvg],John Denver,John Denver - Anthology _PVG_,PERFECT,53
John Denver,Best Of [easy Piano],John Denver,John Denver - Back Home Again,PERFECT,18
John Denver,Best Of [easy Piano],John Denver,John Denver - Best Of _Easy Piano_,PERFECT,18
John Denver,I Want To Live [pvg Book],John Denver,John Denver - I Want To Live _PVG Book_,PERFECT,11
John Denver,The Authentic Guitar Style Of,John Denver,John Denver - The Authentic Guitar Style Of,PERFECT,12
John Lennon,Collection,John Lennon,John Lennon - Collection,PARTIAL,3
John Lennon,Greatest Hits,John Lennon,John Lennon - Greatest Hits,PERFECT,15
Joni Mitchell,The Best Of [pvg],Joni Mitchell,Joni Mitchell - The Best Of _PVG_,PERFECT,10
Journey,Complete Songbook,Journey,Journey - Complete,PERFECT,68
Journey,Complete Songbook,Journey,Journey - Complete Songbook,PERFECT,68
Journey,Frontiers [jap Band Score],Journey,Journey - Frontiers _Jap Band Score_,PERFECT,1
Journey,Greatest Hits,Journey,Journey - Greatest Hits,PERFECT,6
Journey,Complete Songbook,Journey,Journey - Greatest Hits _Book_,PERFECT,68
Journey,Superbest [jap Band Score],Journey,Journey - Superbest _Jap Band Score_,PERFECT,15
Journey,Complete Songbook,Journey,Journey - The Guitar Collection,GOOD,68
Judy Garland,Songbook,Judy Garland,Judy Garland - Songbook,PERFECT,13
Katy Perry,One Of The Boys [pvg Book],Katy Perry,Katy Perry - One Of The Boys _PVG Book_,PERFECT,12
Kelly Clarkson,Kelly Clarkson - Breakaway (book),Kelly Clarkson,Kelly Clarkson - Breakaway _Book_,GOOD,4
Kenny Rogers,Love Or Something Like It [book],Kenny Rogers,Kenny Rogers - Love Or Something Like It _Book_,PERFECT,10
Kinks,Best Of The Kinks [score],Kinks,Kinks - Best Of The Kinks _Score_,PERFECT,12
Kinks,Best Of The Kinks [score],Kinks,Kinks - Best Of _Score_,PERFECT,12
Kinks,Great Songs Of Kinks,Kinks,Kinks - Great Songs Of Kinks,PERFECT,8
Kinks,Guitar Legends [guitar],Kinks,Kinks - Guitar Legends [Tab],PERFECT,9
Kinks,Guitar Legends [guitar],Kinks,Kinks - Guitar Legends _Guitar_,PERFECT,9
Kinks,Guitar Legends [guitar],Kinks,Kinks - Guitar Legends _Tab_,PERFECT,9
Kinks,Jam With The Kinks [tab],Kinks,Kinks - Jam With The Kinks _Tab_,PERFECT,8
Led Zepplin,Led Zeppelin - Led Zeppelin Ii,Led Zepplin,Led Zeppelin - Led Zeppelin II,PERFECT,1
Led Zepplin,Led Zeppelin - Over The Hills And Far Away [pvg],Led Zepplin,Led Zeppelin - Over The Hills And Far Away _PVG_,PERFECT,1
Lynyrd Skynyrd,Lynyrd Skynyrd - The New Best Of [guitar Tab],Lynyrd Skynyrd,Lynyrd Skynyrd - The New Best Of _Guitar Tab_,PARTIAL,6
Meatloaf,Meatloaf - Bat Out Of Hell,Meatloaf,MeatLoaf - Bat Out Of Hell,PARTIAL,2
Melissa Etheridge,Songbook,Melissa Etheridge,Melissa Etheridge - Songbook,PERFECT,10
Michael Jackson,Great Songs Of [pvg],Michael Jackson,Michael Jackson - Great Songs Of _PVG_,PERFECT,10
Michael Jackson,Number Ones [book],Michael Jackson,Michael Jackson - Number Ones,PERFECT,18
Michael Jackson,Number Ones [book],Michael Jackson,Michael Jackson - Number Ones _Book_,PERFECT,18
Michael Jackson,The Great Songs Of,Michael Jackson,Michael Jackson - The Great Songs Of,PERFECT,10
Michael Jackson,Thriller (the Complete Song Book),Michael Jackson,Michael Jackson - Thriller _The Complete Song Book_,PERFECT,10
Monkees,Greatest Hits,Monkees,Monkees - Greatest Hits,PERFECT,11
Moody Blues,Greatest Hits [pvg],Moody Blues,Moody Blues - Greatest Hits _PVG_,PERFECT,11
Moody Blues,Keys Of Kingdom [band Score],Moody Blues,Moody Blues - Keys Of Kingdom _Band Score_,PERFECT,12
Neil Diamond,The Essential Neil Diamond,Neil Diamond,Neil Diamond - The Essential Neil Diamond,PERFECT,40
Neil Young,After The Goldrush [pvg Book],Neil Young,Neil Young - After The Goldrush _PVG Book_,PERFECT,10
Neil Young,Decade [pvg Book],Neil Young,Neil Young - Decade,PERFECT,22
Neil Young,Decade [pvg Book],Neil Young,Neil Young - Decade _PVG Book_,PERFECT,22
Neil Young,Greatest Hits [guitar Tab],Neil Young,Neil Young - Greatest Hits _Guitar Tab_,PERFECT,15
Neil Young,Harvest Moon [guitar Tab],Neil Young,Neil Young - Harvest Moon _Guitar Tab_,PERFECT,10
Neil Young,Harvest [score],Neil Young,Neil Young - Harvest _Score_,PERFECT,10
Neil Young,The Best Of Neil Young [pvg Book],Neil Young,Neil Young - The Best Of Neil Young _PVG Book_,PERFECT,9
Night Ranger,Night Ranger - Seven Wishes _jap Score_,Night Ranger,Seven Wishes _jap Score_,PERFECT,10
Paul Mccartney,All The Best,Paul Mccartney,Paul McCartney - All The Best,PERFECT,22
Paul Mccartney,Flowers In The Dirt,Paul Mccartney,Paul McCartney - Flowers In The Dirt,PERFECT,14
Paul Mccartney,Press To Play,Paul Mccartney,Paul McCartney - Press To Play,PERFECT,14
Paul Mccartney,Ram,Paul Mccartney,Paul McCartney - Ram,PERFECT,10
Paul Mccartney,Chaos And Creation In The Backyard [pvg Book],Paul Mccartney,Paul Mccartney - Chaos And Creation In The Backyard _PVG Book_,PERFECT,13
Paul Mccartney,Tripping The Live Fantastic [pvg Book],Paul Mccartney,Paul Mccartney - Tripping The Live Fantastic _PVG Book_,PERFECT,38
Paul Mccartney,Tug Of War [pvg Book],Paul Mccartney,Paul Mccartney - Tug Of War _PVG Book_,PERFECT,11
Paul Simon,Anthology,Paul Simon,Paul Simon - Anthology,PERFECT,49
Paul Simon,Simon & Garfunkel's Greatest Hits,Paul Simon,Simon And Garfunkels Greatest Hits,PERFECT,14
Peter Frampton,The Best Of [guitar Tab],Peter Frampton,Peter Frampton - The Best Of _Guitar Tab_,PERFECT,11
Pink,Funhouse [pvg],Pink,Pink - Funhouse _PVG_,PERFECT,1
Pink,I'm Not Dead [pvg Book],Pink,Pink - Im Not Dead _PVG Book_,PERFECT,10
Pink,Missundaztood [pvg Book],Pink,Pink - Missundaztood _PVG Book_,PERFECT,1
Pink Floyd,Anthology (book),Pink Floyd,Pink Floyd - Anthology - p110-175,PERFECT,38
Pink Floyd,Anthology (book),Pink Floyd,Pink Floyd - Anthology - p58-109,PERFECT,38
Pink Floyd,Anthology (book),Pink Floyd,Pink Floyd - Anthology _PVG_,PERFECT,38
Pink Floyd,Anthology (book),Pink Floyd,Pink Floyd - Anthology _book_,PERFECT,38
Pink Floyd,Dark Side Of The Moon (2),Pink Floyd,Pink Floyd - Dark Side Of The Moon,PERFECT,1
Pink Floyd,Dark Side Of The Moon (2),Pink Floyd,Pink Floyd - Dark Side Of The Moon _2_,PERFECT,1
Pink Floyd,Dark Side Of The Moon (2),Pink Floyd,Pink Floyd - Dark Side Of The Moon _PVG_,PERFECT,1
Pink Floyd,The Wall [pvg],Pink Floyd,Pink Floyd - The Wall _PVG_,PERFECT,23
Pink Floyd,Wish You Were Here [pvg],Pink Floyd,Pink Floyd - Wish You Were Here,PERFECT,12
Pink Floyd,Wish You Were Here [pvg],Pink Floyd,Pink Floyd - Wish You Were Here _PVG_,PERFECT,12
Police,The Great Songs Of The Police,Police,Police - The Great Songs Of The Police,PERFECT,12
Pretenders,Best Of Pretenders,Pretenders,Pretenders - Best Of Pretenders,PERFECT,16
Prince,Purple Rain [score],Prince,Prince - Purple Rain _Score_,PERFECT,1
Queen,Deluxe Anthology [pvg],Queen,Queen - Deluxe Anthology _PVG_,PERFECT,1
Queen,Deluxe Anthology [pvg],Queen,Queen - Greatest Hits,PERFECT,1
Queen,Greatest Hits 1 [score],Queen,Queen - Greatest Hits 1 _Score_,PERFECT,16
Queen,Greatest Hits Ii [pvg],Queen,Queen - Greatest Hits II _PVG_,PERFECT,17
Queen,Hit Songs,Queen,Queen - Hit Songs,PERFECT,22
Randy Newman,Collection,Randy Newman,Randy Newman - Collection,PERFECT,1
Reo Speedwagon,Good Trouble,Reo Speedwagon,REO Speedwagon - Good Trouble,PERFECT,1
Reo Speedwagon,Hi Infidelity,Reo Speedwagon,REO Speedwagon - Hi Infidelity,PERFECT,1
Reo Speedwagon,Reo Speedwagon - Life As We Know It,Reo Speedwagon,REO Speedwagon - Life As We Know It,PERFECT,4
Reo Speedwagon,The Hits,Reo Speedwagon,REO Speedwagon - The Hits,PERFECT,12
Rod Stewart,The Great American Songbook,Rod Stewart,Rod Stewart - The Great American Songbook,PERFECT,16
Rolling Stones,Best Of Rolling Stones 1963-1973 Piano Songbook,Rolling Stones,Rolling Stones - Best Of Rolling Stones 1963-1973 Piano Songbook,PERFECT,20
Rolling Stones,Let It Bleed [guitar Tab],Rolling Stones,Rolling Stones - Let It Bleed _Guitar Tab_,PERFECT,9
Rolling Stones,Sticky Fingers [score],Rolling Stones,Rolling Stones - Sticky Fingers _Score_,PERFECT,10
Roy Orbison,Greatest Hits,Roy Orbison,Roy Orbison - Greatest Hits,PERFECT,19
Santana,Off The Record,Santana,Santana - Off The Record,PERFECT,8
Scott Joplin,The Best Of,Scott Joplin,Scott Joplin - The Best Of,PERFECT,17
Shania Twain,Greatest Hits,Shania Twain,Shania Twain - Greatest Hits,PERFECT,21
Shania Twain,Up! [pvg Book],Shania Twain,Shania Twain - Up _PVG Book_,PERFECT,20
Sheryl Crow,Tuesday Night Music Club [pvg Book],Sheryl Crow,Sheryl Crow - Tuesday Night Music Club _PVG Book_,PERFECT,11
Sheryl Crow,Very Best,Sheryl Crow,Sheryl Crow - Very Best,PERFECT,17
Spice Girls,Greatest Hits,Spice Girls,Spice Girls - Greatest Hits,PERFECT,11
Steve Miller Band,13 Biggest Hits,Steve Miller Band,Steve Miller Band - 13 Biggest Hits,PERFECT,13
Steve Miller Band,Rock Best Hits [jap Score],Steve Miller Band,Steve Miller Band - Rock Best Hits _Jap Score_,PERFECT,8
Steve Winwood,Arc Of A Diver [pvg Book],Steve Winwood,Steve Winwood - Arc Of A Diver _PVG Book_,PERFECT,7
Steve Winwood,The Great Songs Of,Steve Winwood,Steve Winwood - The Great Songs Of,PERFECT,8
Supertramp,Anthology,Supertramp,Supertramp - Anthology,PERFECT,2
Supertramp,Breakfast In America [pvg Book],Supertramp,Supertramp - Breakfast In America _PVG Book_,PERFECT,10
Supertramp,Crime Of The Century [book],Supertramp,Supertramp - Crime Of The Century _Book_,PERFECT,8
Survivor,Greatest Hits,Survivor,Survivor - Greatest Hits,PERFECT,10
Taylor Swift,Best Of [easy Piano],Taylor Swift,Taylor Swift - Best Of _Easy Piano_,PERFECT,12
Taylor Swift,Fearless [pvg Book],Taylor Swift,Taylor Swift - Fearless _PVG Book_,PERFECT,16
Taylor Swift,Speak Now [pvg Book],Taylor Swift,Taylor Swift - Speak Now _PVG Book_,PERFECT,14
Taylor Swift,Taylor Swift [guitar Compilation],Taylor Swift,Taylor Swift - Taylor Swift,PERFECT,11
Taylor Swift,Taylor Swift [guitar Compilation],Taylor Swift,Taylor Swift - Taylor Swift _Guitar Compilation_,PERFECT,11
The Band,Band - Northern Lights Southern Cross [pvg],The Band,Band - Northern Lights Southern Cross _PVG_,PERFECT,8
The Band,Band - Stage Fright [pvg],The Band,Band - Stage Fright _PVG_,PERFECT,11
The Band,Rock Of Ages [pvg Book],The Band,The Band - Rock Of Ages _PVG Book_,PERFECT,8
The Band,The Band And Music From Big Pink,The Band,The Band - The Band And Music From Big Pink,PERFECT,21
Tom Lehrer,Tom Lehrer - Too Many Songs [pvc Book],Tom Lehrer,Tom Lehrer - Too Many Songs _PVC Book_,PERFECT,32
Tom Waits,Anthology,Tom Waits,Tom Waits - Anthology,PERFECT,29
Tori Amos,[book] Anthology,Tori Amos,Tori Amos - _Book_ Anthology,PERFECT,25
Toto,Best Of,Toto,Toto - Best of,PERFECT,5
Toto,Past To Present [book],Toto,Toto - Collection,PERFECT,13
Toto,Past To Present [book],Toto,Toto - Past To Present _Book_,PERFECT,13
Traveling Wilburys,Volume 1,Traveling Wilburys,Traveling Wilburys - Volume 1,PERFECT,1
Van Morrison,Anthology,Van Morrison,Van Morrison - Anthology,PERFECT,25
Van Morrison,Anthology (2),Van Morrison,Van Morrison - Anthology _2_,PERFECT,21
Van Morrison,Back On Top [book],Van Morrison,Van Morrison - Back On Top _Book_,PERFECT,10
Van Morrison,Days Like These (book),Van Morrison,Van Morrison - Days Like These _Book_,PERFECT,2
Various Artists,100 Songs For Kids - (easy Guitar Songbook),Various Artists,Various Artists - 100 Songs For Kids - _Easy Guitar Songbook_,EXCELLENT,99
Various Artists,50 Platinum Country Hits,Various Artists,Various Artists - 50 Platinum Country Hits,PERFECT,50
Various Artists,557 Standards (sheet Music - Piano)(2),Various Artists,Various Artists - 557 Standards _Sheet Music - Piano__2_,PERFECT,345
Various Artists,62 Stars 62 Hits [60's Compilation],Various Artists,Various Artists - 62 Stars 62 Hits _60s Compilation_,GOOD,55
Various Artists,70's Hits [easy Piano],Various Artists,Various Artists - 70s Hits _Easy Piano_,PERFECT,20
Various Artists,Adult Contemporary Hits Of The Nineties,Various Artists,Various Artists - Adult Contemporary Hits Of The Nineties,PERFECT,30
Various Artists,All Time Best Collection Vol 3,Various Artists,Various Artists - All Time Best Collection Vol 3,PERFECT,18
Various Artists,Best In Country Sheet Music,Various Artists,Various Artists - Best In Country Sheet Music,PERFECT,26
Various Artists,Best Of 80s Rock [pvg],Various Artists,Various Artists - Best Of 80s Rock _PVG_,PARTIAL,29
Various Artists,Best Of The 70s & 80s [solo Piano],Various Artists,Various Artists - Best Of The 70s And 80s _Solo Piano_,PERFECT,17
Various Artists,Biggest Pop Hits 1996-1997,Various Artists,Various Artists - Biggest Pop Hits 1996-1997,PARTIAL,26
Various Artists,Chart Hits 04-05,Various Artists,Various Artists - Chart Hits 04-05,PERFECT,20
Various Artists,Chart Hits 98-99,Various Artists,Various Artists - Chart Hits 98-99,PERFECT,26
Various Artists,Classic Rock - 73 Songs,Various Artists,Various Artists - Classic Rock - 73 songs,PERFECT,73
Various Artists,Collection Of Country Music,Various Artists,Various Artists - Collection Of Country Music,PERFECT,72
Various Artists,Complete Piano Player Easy Blues (22 Songs),Various Artists,Various Artists - Complete Piano Player Easy Blues _22 songs_,PERFECT,21
Various Artists,Country Classics [pvg],Various Artists,Various Artists - Country Classics _PVG_,GOOD,49
Various Artists,Even More Songs Of The Eighties [pvg],Various Artists,Various Artists - Even More Songs Of The Eighties _PVG_,PERFECT,39
Various Artists,Golden Era Of Rock And Roll (grab It!),Various Artists,Various Artists - Golden Era Of Rock And Roll _grab it_,EXCELLENT,99
Various Artists,Great Bands Of The 60s [pvg Book],Various Artists,Various Artists - Great Bands Of The 60s _PVG Book_,PERFECT,25
Various Artists,Great Bands Of The 70s [pvg Book],Various Artists,Various Artists - Great Bands Of The 70s _PVG Book_,PERFECT,20
Various Artists,Great Big Book Of Children's Songs,Various Artists,Various Artists - Great Big Book Of Childrens Songs,PERFECT,73
Various Artists,Great Country Collection,Various Artists,Various Artists - Great Country Collection,PERFECT,14
Various Artists,Great Songs Of The 70s [guitar Tab],Various Artists,Various Artists - Great Songs Of The 70s _Guitar Tab_,PERFECT,30
Various Artists,Greatest Hits Of 2004-2005,Various Artists,Various Artists - Greatest Hits Of 2004-2005,PERFECT,60
Various Artists,Greatest Love Songs Of 80s,Various Artists,Various Artists - Greatest Love Songs Of 80s,PERFECT,25
Various Artists,Greatest Love Songs Of The 60s,Various Artists,Various Artists - Greatest Love Songs Of The 60s,PERFECT,25
Various Artists,Greatest Love Songs Of The 70s,Various Artists,Various Artists - Greatest Love Songs Of The 70s,PERFECT,26
Various Artists,Greatest Love Songs Of 80s,Various Artists,Various Artists - Greatest Love Songs Of The 80s,PERFECT,25
Various Artists,Heavy Metal Vol. Iii,Various Artists,Various Artists - Heavy Metal Vol III,PERFECT,13
Various Artists,Heavy Rock Hits Of The 80s [pvg],Various Artists,Various Artists - Heavy Rock Hits Of The 80s _PVG_,PERFECT,20
Various Artists,History Of Rock - Late 80s,Various Artists,Various Artists - History Of Rock - Late 80s,EXCELLENT,43
Various Artists,More Songs Of The Eighties [pvg],Various Artists,Various Artists - More Songs Of The Eighties _PVG_,PERFECT,43
Various Artists,Music For The Millenium - The Seventies,Various Artists,Various Artists - Music For The Millenium - The Seventies,PERFECT,17
Various Artists,Music For The Millenium - The Seventies,Various Artists,Various Artists - Music For The Millennium The Seventies,PERFECT,17
Various Artists,Oldies But Goodies,Various Artists,Various Artists - Oldies But Goodies,PERFECT,41
Various Artists,Popular Piano Solos,Various Artists,Various Artists - Popular Piano Solos,PERFECT,11
Various Artists,Songs Of The 60s [pvg],Various Artists,Various Artists - Songs Of The 60s _PVG_,PERFECT,60
Various Artists,The 1980s,Various Artists,Various Artists - The 1980s,PERFECT,30
Various Artists,The 60s And 70s Rock Score,Various Artists,Various Artists - The 60s And 70s Rock Score,PERFECT,9
Various Artists,The Best Children's Songs Ever (easy Piano),Various Artists,Various Artists - The Best Childrens Songs Ever _Easy Piano_,PERFECT,103
Various Artists,The 1980s,Various Artists,Various Artists - The Decade Series - The 1980s,PERFECT,30
Various Artists,Greatest Love Songs Of 80s,Various Artists,Various Artists - The Greatest Love Songs Of The 80s,PERFECT,25
Various Artists,Ultimate 100 Pop Hits Of The 90s,Various Artists,Various Artists - Ultimate 100 Pop Hits Of The 90s,PERFECT,102
Various Artists,Ultimate Pop Sheet Music Collection 2000,Various Artists,Various Artists - Ultimate Pop Sheet Music Collection 2000,PERFECT,84
Vince Guaraldi,Peanuts Songbook,Vince Guaraldi,Vince Guaraldi - Peanuts Songbook,PERFECT,28
Whitney Houston,The Best Of,Whitney Houston,Whitney Houston - The Best Of,PERFECT,10
Who,Who - Quadrophenia (pvg),Who,Who - Quadrophenia (PVG),PERFECT,9
Who,Who - Quadrophenia (pvg),Who,Who - Quadrophenia _PVG_,PERFECT,9
Who,Who Anthology,Who,Who - Who Anthology,PERFECT,44
Wings,Wings - London Town (pvg Book),Wings,Wings - London Town (PVG Book),PERFECT,8
Wings,Wings - London Town (pvg Book),Wings,Wings - London Town _PVG Book_,PERFECT,8
Wings,Wings - Over America [pvg],Wings,Wings - Over America _PVG_,PERFECT,19
Yes,Complete Deluxe Edition,Yes,Yes - Complete Deluxe Edition,PERFECT,29
Zz Top,Greatest Hits (2),Zz Top,Greatest Hits,PERFECT,21
_broadway Shows,A Treasury Of Gilbert & Sullivan Part 1,_broadway Shows,A Treasury Of Gilbert And Sullivan Part 1,PERFECT,50
_broadway Shows,A Treasury Of Gilbert & Sullivan Part 2,_broadway Shows,A Treasury Of Gilbert And Sullivan Part 2,PERFECT,47
_broadway Shows,Lambert And Morrison - The Drowsy Chaperone (version 1),_broadway Shows,Lambert And Morrison - The Drowsy Chaperone _Version 1_,PERFECT,2
_broadway Shows,Lambert And Morrison - The Drowsy Chaperone (version 2),_broadway Shows,Lambert And Morrison - The Drowsy Chaperone _Version 2_,PERFECT,2
_broadway Shows,Steven Sondheim - All Sondheim Volume 2 Book,_broadway Shows,Steven Sondheim - All Sondheim Volume 2 BOOK,PERFECT,27
_broadway Shows,Various Artists - Aladdin (book),_broadway Shows,Various Artists - Aladdin _book_,PERFECT,8
_broadway Shows,"Various Artists - Beauty And The Beast (1994 Mti Pc Score, Complete)",_broadway Shows,Various Artists - Beauty And The Beast _1994 MTI PC Score complete_,PERFECT,39
_broadway Shows,Various Artists - Beauty And The Beast [score],_broadway Shows,Various Artists - Beauty And The Beast _Score_,PERFECT,39
_broadway Shows,Various Artists - Cabaret (1998 Version),_broadway Shows,Various Artists - Cabaret _1998 version_,PERFECT,2
_broadway Shows,Various Artists - Cabaret (original),_broadway Shows,Various Artists - Cabaret _Original_,PERFECT,9
_broadway Shows,Various Artists - Chicago (1975),_broadway Shows,Various Artists - Chicago _1975_,PERFECT,23
_broadway Shows,Various Artists - Dear Evan Hansen (pvg),_broadway Shows,Various Artists - Dear Evan Hansen _PVG_,PERFECT,15
_broadway Shows,Various Artists - Dirty Rotten Scoundrels (piano-vocal),_broadway Shows,Various Artists - Dirty Rotten Scoundrels _Piano-Vocal_,PERFECT,18
_broadway Shows,Various Artists - Evita [conductor Score],_broadway Shows,Various Artists - Evita _Conductor Score_,PERFECT,10
_broadway Shows,Various Artists - Evita [score],_broadway Shows,Various Artists - Evita _Score_,PERFECT,11
_broadway Shows,Various Artists - Footloose [score],_broadway Shows,Various Artists - Footloose _Score_,PERFECT,17
_broadway Shows,Various Artists - Grease [1994 Score],_broadway Shows,Various Artists - Grease _1994 Score_,PERFECT,22
_broadway Shows,Various Artists - Grease [2003 Score],_broadway Shows,Various Artists - Grease _2003 Score_,PERFECT,40
_broadway Shows,Various Artists - Hair (rev 1995) - Piano Conductor Score,_broadway Shows,Various Artists - Hair _rev 1995_ - Piano Conductor Score,PERFECT,44
_broadway Shows,Various Artists - High School Musical [score],_broadway Shows,Various Artists - High School Musical _score_,PERFECT,22
_broadway Shows,Various Artists - Legally Blonde - Score,_broadway Shows,Various Artists - Legally Blonde - score,PERFECT,18
_broadway Shows,Various Artists - Les Miserables - Piano-conductor,_broadway Shows,Various Artists - Les Miserables - Piano-Conductor,PERFECT,50
_broadway Shows,Various Artists - Les Miserables - Piano-conductor (complete),_broadway Shows,Various Artists - Les Miserables - Piano-conductor _complete_,PERFECT,34
_broadway Shows,Various Artists - Lion King [score],_broadway Shows,Various Artists - Lion King _Score_,PERFECT,58
_broadway Shows,Various Artists - Little Mermaid Workshop Score,_broadway Shows,Various Artists - Little Mermaid Workshop score,PERFECT,1
_broadway Shows,Various Artists - Little Shop Of Horrors (original),_broadway Shows,Various Artists - Little Shop Of Horrors _Broadway_,PERFECT,2
_broadway Shows,Various Artists - Little Shop Of Horrors (original),_broadway Shows,Various Artists - Little Shop Of Horrors _original_,PERFECT,2
_broadway Shows,Various Artists - Phantom Of Opera [satb],_broadway Shows,Various Artists - Phantom Of Opera _SATB_,PERFECT,5
_broadway Shows,Various Artists - Phantom Of The Opera [score],_broadway Shows,Various Artists - Phantom Of The Opera _Score_,PERFECT,7
_broadway Shows,Various Artists - Rent [score],_broadway Shows,Various Artists - Rent _Score_,PERFECT,53
_broadway Shows,Various Artists - Seussical - Tya,_broadway Shows,Various Artists - Seussical - TYA,PERFECT,38
_broadway Shows,Various Artists - Seussical [pv Score],_broadway Shows,Various Artists - Seussical _PV Score_,PERFECT,44
_broadway Shows,Various Artists - Seussical [piano-conductor],_broadway Shows,Various Artists - Seussical _Piano-Conductor_,PERFECT,16
_broadway Shows,Various Artists - Sound Of Music (vocal Selections),_broadway Shows,Various Artists - Sound Of Music _Vocal Selections_,PERFECT,7
_broadway Shows,Various Artists - The Ultimate Broadway Fakebook,_broadway Shows,Various Artists - The Ultimate BROADWAY fakebook,EXCELLENT,407
_broadway Shows,Various Artists - Wicked [pvg],_broadway Shows,Various Artists - Wicked _PVG_,PERFECT,14
_broadway Shows,Various Artists - Wicked [score],_broadway Shows,Various Artists - Wicked _Score_,PERFECT,1
_broadway Shows,Various Artists - Wizard Of Oz (rsc Piano-conductor),_broadway Shows,Various Artists - Wizard Of Oz _RSC Piano-Conductor_,PERFECT,20
_broadway Shows,Various Artists - You're A Good Man Charlie Brown [revival] [score],_broadway Shows,Various Artists - Youre A Good Man Charlie Brown _Score_,PERFECT,38
_broadway Shows,Various Artists - You're A Good Man Charlie Brown [revival] [score],_broadway Shows,Various Artists - Youre A Good Man Charlie Brown _revival_ _score_,PERFECT,38
_movie And Tv,Beauty And The Beast [pvg],_movie And Tv,Beauty And The Beast _PVG_,PERFECT,8
_movie And Tv,Brother Bear (disney),_movie And Tv,Brother Bear _Disney_,PERFECT,8
_movie And Tv,Disney Collection (songs Out Of Order),_movie And Tv,Disney Collection _Songs Out Of order_,PERFECT,42
_movie And Tv,John Williams - Star Wars Episode Ii - Attack Of The Clones (lite),_movie And Tv,John Williams - Star Wars Episode II - Attack Of The Clones _lite_,PERFECT,1
_movie And Tv,John Williams - Star Wars Episode Iii - Revenge Of The Sith.(incomplete Grab),_movie And Tv,John Williams - Star Wars Episode III - Revenge Of The Sith_Incomplete Grab_,PERFECT,1
_movie And Tv,Kasha & Hirschorn - Pete's Dragon,_movie And Tv,Kasha And Hirschorn - Petes Dragon,PERFECT,7
_movie And Tv,Pirates Of The Caribbean [book 1 - The Curse Of The Black Pearl],_movie And Tv,Pirates Of The Caribbean _Book 1 - The Curse Of The Black Pearl_,PERFECT,7
_movie And Tv,Pirates Of The Caribbean [book 2 - Dead Man's Chest],_movie And Tv,Pirates Of The Caribbean _Book 2 - Dead Mans Chest_,PERFECT,9
_movie And Tv,Disney Collection (songs Out Of Order),_movie And Tv,Randy Newman - Toy Story 2,PERFECT,42
_movie And Tv,Spirited Away (disney) (2001),_movie And Tv,Spirited Away _Disney_ _2001_,PERFECT,1
_movie And Tv,Star Wars Suite (john Williams - Full Score - Hal Leonard),_movie And Tv,Star Wars Suite _John Williams - Full Score - Hal Leonard_,PERFECT,8
_movie And Tv,Various Artists - Book Of Great Tv Hits,_movie And Tv,Various Artists - Book Of Great TV Hits,PERFECT,46
_movie And Tv,Various Artists - Box Office Themes Vol. 1,_movie And Tv,Various Artists - Box Office Themes Vol 1,PERFECT,12
_movie And Tv,Various Artists - Decades Of Film '70s,_movie And Tv,Various Artists - Decades Of Film 70s,PERFECT,17
_movie And Tv,Various Artists - Decades Of Film '80s,_movie And Tv,Various Artists - Decades Of Film 80s,PERFECT,21
_movie And Tv,Various Artists - Decades Of Film '90s,_movie And Tv,Various Artists - Decades Of Film 90s,PERFECT,20
_movie And Tv,The New Illustrated Treasury Of Disney Songs,_movie And Tv,Various Artists - Disney Solos For Violin,PERFECT,68
_movie And Tv,Various Artists - Film Music For Solo Piano (2),_movie And Tv,Various Artists - Film Music For Solo Piano _2_,PERFECT,23
_movie And Tv,Various Artists - Frozen - Let It Go (movie Version),_movie And Tv,Various Artists - Frozen - Let It Go _Movie Version_,PERFECT,1
_movie And Tv,Various Artists - Movie Love Songs [book],_movie And Tv,Various Artists - Movie Love Songs _Book_,PERFECT,16
_movie And Tv,Various Artists - Pirates Of The Caribbean At World's End,_movie And Tv,Various Artists - Pirates Of The Caribbean At Worlds End,PERFECT,1
_movie And Tv,Various Artists - Star Trek - Complete Theme Music (piano Solo),_movie And Tv,Various Artists - Star Trek - Complete Theme Music _Piano Solo_,PERFECT,16
_movie And Tv,Various Artists - Star Trek - Complete Theme Music (piano Solo),_movie And Tv,Various Artists - Star Trek - Deep Space Nine,PERFECT,16
_movie And Tv,Various Artists - Star Trek - Complete Theme Music (piano Solo),_movie And Tv,Various Artists - Star Trek - Enterprise,PERFECT,16
_movie And Tv,Various Artists - Star Trek - Complete Theme Music (piano Solo),_movie And Tv,Various Artists - Star Trek - First Contact,PERFECT,16
_movie And Tv,Various Artists - Star Trek - Complete Theme Music (piano Solo),_movie And Tv,Various Artists - Star Trek - Star Trek,PERFECT,16
_movie And Tv,Various Artists - Star Trek - Complete Theme Music (piano Solo),_movie And Tv,Various Artists - Star Trek - The Voyage Home,PERFECT,16
_movie And Tv,Various Artists - Star Trek - Complete Theme Music (piano Solo),_movie And Tv,Various Artists - Star Trek - The Wrath Of Khan,PERFECT,16
_movie And Tv,Various Artists - Star Trek - Complete Theme Music (piano Solo),_movie And Tv,Various Artists - Star Trek - Voyager,PERFECT,16
_movie And Tv,Various Artists - Star Trek (piano Solo),_movie And Tv,Various Artists - Star Trek _Piano Solo_,PERFECT,10
_movie And Tv,Various Artists - Tv Detective - Themes For Solo Piano,_movie And Tv,Various Artists - TV Detective - Themes For Solo Piano,PERFECT,32
_movie And Tv,Various Artists - Tv Fakebook 2nd Ed,_movie And Tv,Various Artists - TV Fakebook 2nd Ed,PERFECT,106
_movie And Tv,Various Artists - The Tv Fakebook,_movie And Tv,Various Artists - The TV Fakebook,EXCELLENT,71
_movie And Tv,Various Artists - Ultimate Tv Showstoppers,_movie And Tv,Various Artists - Ultimate TV Showstoppers,PERFECT,20
_movie And Tv,Various Artists - Wizard Of Oz [book],_movie And Tv,Various Artists - Wizard Of Oz _Book_,PERFECT,14
