artist,original_book_name,original_book_path,has_converted_songs,song_count,converted_folder
_Broadway Shows,A Treasury of Gilbert & Sullivan Part 1,Books\A Treasury of Gilbert & Sullivan Part 1.pdf,Yes,50,_broadway Shows\A Treasury Of Gilbert & Sullivan Part 1
_Broadway Shows,A Treasury of Gilbert & Sullivan Part 2,Books\A Treasury of Gilbert & Sullivan Part 2.pdf,Yes,47,_broadway Shows\A Treasury Of Gilbert & Sullivan Part 2
_Broadway Shows,Lambert and Morrison - The Drowsy Chaperone (Version 1),Books\Lambert and Morrison - The Drowsy Chaperone (Version 1).pdf,Yes,1,_broadway Shows\Lambert And Morrison - The Drowsy Chaperone (version 1)
_Broadway Shows,Lambert and Morrison - The Drowsy Chaperone (Version 2),Books\Lambert and Morrison - The Drowsy Chaperone (Version 2).pdf,Yes,2,_broadway Shows\Lambert And Morrison - The Drowsy Chaperone (version 2)
_Broadway Shows,Lerner and Loewe - Camelot,Books\Lerner and Loewe - Camelot.pdf,Yes,16,_broadway Shows\Lerner And Loewe - Camelot
_Broadway Shows,Mamma Mia,Books\Mamma Mia.pdf,Yes,15,_broadway Shows\Mamma Mia
_Broadway Shows,Rogers and Hammerstein - South Pacific,Books\Rogers and Hammerstein - South Pacific.pdf,Yes,7,_broadway Shows\Rogers And Hammerstein - South Pacific
_Broadway Shows,The Wedding Singer,Books\The Wedding Singer.pdf,Yes,72,_broadway Shows\The Wedding Singer
_Broadway Shows,Various Artists - 25th Annual Putnam County Spelling Bee,Books\Various Artists - 25th Annual Putnam County Spelling Bee.pdf,No,0,
_Broadway Shows,Various Artists - Aida,Books\Various Artists - Aida.pdf,Yes,1,_broadway Shows\Various Artists - Aida
_Broadway Shows,Various Artists - Aladdin (book),Books\Various Artists - Aladdin (book).pdf,Yes,8,_broadway Shows\Various Artists - Aladdin (book)
_Broadway Shows,Various Artists - Aladdin Jr,Books\Various Artists - Aladdin Jr.pdf,Yes,34,_broadway Shows\Various Artists - Aladdin Jr
_Broadway Shows,Various Artists - Annie - Full Score,Books\Various Artists - Annie - Full Score.pdf,Yes,29,_broadway Shows\Various Artists - Annie - Full Score
_Broadway Shows,Various Artists - Avenue Q - Full Score,Books\Various Artists - Avenue Q - Full Score.pdf,Yes,1,_broadway Shows\Various Artists - Avenue Q - Full Score
_Broadway Shows,Various Artists - Avenue X - Vocal Chorus Book,Books\Various Artists - Avenue X - Vocal Chorus Book.pdf,Yes,25,_broadway Shows\Various Artists - Avenue X - Vocal Chorus Book
_Broadway Shows,"Various Artists - Beauty and the Beast (1994 MTI PC Score, complete)","Books\Various Artists - Beauty and the Beast (1994 MTI PC Score, complete).pdf",Yes,23,"_broadway Shows\Various Artists - Beauty And The Beast (1994 Mti Pc Score, Complete)"
_Broadway Shows,Various Artists - Beauty and the Beast [Score],Books\Various Artists - Beauty and the Beast [Score].pdf,Yes,38,_broadway Shows\Various Artists - Beauty And The Beast [score]
_Broadway Shows,Various Artists - Best in Broadway Deluxe Edition,Books\Various Artists - Best in Broadway Deluxe Edition.pdf,Yes,62,_broadway Shows\Various Artists - Best In Broadway Deluxe Edition
_Broadway Shows,Various Artists - Cabaret (1998 version),Books\Various Artists - Cabaret (1998 version).pdf,Yes,2,_broadway Shows\Various Artists - Cabaret (1998 Version)
_Broadway Shows,Various Artists - Cabaret (Original),Books\Various Artists - Cabaret (Original).pdf,Yes,3,_broadway Shows\Various Artists - Cabaret (original)
_Broadway Shows,Various Artists - Cats - Conductor Score,Books\Various Artists - Cats - Conductor Score.pdf,Yes,2,_broadway Shows\Various Artists - Cats - Conductor Score
_Broadway Shows,Various Artists - Chicago (1975),Books\Various Artists - Chicago (1975).pdf,Yes,22,_broadway Shows\Various Artists - Chicago (1975)
_Broadway Shows,Various Artists - Dear Evan Hansen (PVG),Books\Various Artists - Dear Evan Hansen (PVG).pdf,Yes,15,_broadway Shows\Various Artists - Dear Evan Hansen (pvg)
_Broadway Shows,Various Artists - Dirty Rotten Scoundrels (Piano-Vocal),Books\Various Artists - Dirty Rotten Scoundrels (Piano-Vocal).pdf,Yes,1,_broadway Shows\Various Artists - Dirty Rotten Scoundrels (piano-vocal)
_Broadway Shows,Various Artists - Evita  [Conductor Score],Books\Various Artists - Evita  [Conductor Score].pdf,No,0,
_Broadway Shows,Various Artists - Evita [Score],Books\Various Artists - Evita [Score].pdf,Yes,11,_broadway Shows\Various Artists - Evita [score]
_Broadway Shows,Various Artists - Footloose [Score],Books\Various Artists - Footloose [Score].pdf,Yes,15,_broadway Shows\Various Artists - Footloose [score]
_Broadway Shows,Various Artists - Grease [1994 Score],Books\Various Artists - Grease [1994 Score].pdf,Yes,13,_broadway Shows\Various Artists - Grease [1994 Score]
_Broadway Shows,Various Artists - Grease [2003 Score],Books\Various Artists - Grease [2003 Score].pdf,Yes,40,_broadway Shows\Various Artists - Grease [2003 Score]
_Broadway Shows,Various Artists - Hair (rev 1995) - Piano Conductor Score,Books\Various Artists - Hair (rev 1995) - Piano Conductor Score.pdf,Yes,44,_broadway Shows\Various Artists - Hair (rev 1995) - Piano Conductor Score
_Broadway Shows,Various Artists - High School Musical 1 [Libretto],Books\Various Artists - High School Musical 1 [Libretto].pdf,No,0,
_Broadway Shows,Various Artists - High School Musical [score],Books\Various Artists - High School Musical [score].pdf,Yes,8,_broadway Shows\Various Artists - High School Musical [score]
_Broadway Shows,Various Artists - Jesus Christ Superstar,Books\Various Artists - Jesus Christ Superstar.pdf,Yes,8,_broadway Shows\Various Artists - Jesus Christ Superstar
_Broadway Shows,Various Artists - Legally Blonde - score,Books\Various Artists - Legally Blonde - score.pdf,Yes,1,_broadway Shows\Various Artists - Legally Blonde - Score
_Broadway Shows,Various Artists - Les Miserables - Full Score,Books\Various Artists - Les Miserables - Full Score.pdf,Yes,16,_broadway Shows\Various Artists - Les Miserables - Full Score
_Broadway Shows,Various Artists - Les Miserables - Piano-Conductor (complete),Books\Various Artists - Les Miserables - Piano-Conductor (complete).pdf,Yes,5,_broadway Shows\Various Artists - Les Miserables - Piano-conductor (complete)
_Broadway Shows,Various Artists - Les Miserables - Piano-Conductor,Books\Various Artists - Les Miserables - Piano-Conductor.pdf,Yes,4,_broadway Shows\Various Artists - Les Miserables - Piano-conductor
_Broadway Shows,Various Artists - Lion King [Score],Books\Various Artists - Lion King [Score].pdf,Yes,57,_broadway Shows\Various Artists - Lion King [score]
_Broadway Shows,Various Artists - Little Mermaid Workshop score,Books\Various Artists - Little Mermaid Workshop score.PDF,Yes,1,_broadway Shows\Various Artists - Little Mermaid Workshop Score
_Broadway Shows,Various Artists - Little Shop Of Horrors (Broadway),Books\Various Artists - Little Shop Of Horrors (Broadway).pdf,No,0,
_Broadway Shows,Various Artists - Little Shop of Horrors (original),Books\Various Artists - Little Shop of Horrors (original).pdf,Yes,2,_broadway Shows\Various Artists - Little Shop Of Horrors (original)
_Broadway Shows,Various Artists - Little Shop of Horrors Script,Books\Various Artists - Little Shop of Horrors Script.pdf,No,0,
_Broadway Shows,Various Artists - Mary Poppins,Books\Various Artists - Mary Poppins.pdf,Yes,1,_broadway Shows\Various Artists - Mary Poppins
_Broadway Shows,Various Artists - Phantom of Opera [SATB],Books\Various Artists - Phantom of Opera [SATB].pdf,Yes,5,_broadway Shows\Various Artists - Phantom Of Opera [satb]
_Broadway Shows,Various Artists - Phantom of the Opera [Score],Books\Various Artists - Phantom of the Opera [Score].pdf,Yes,7,_broadway Shows\Various Artists - Phantom Of The Opera [score]
_Broadway Shows,Various Artists - Phantom of the Opera,Books\Various Artists - Phantom of the Opera.pdf,Yes,1,_broadway Shows\Various Artists - Phantom Of The Opera
_Broadway Shows,Various Artists - Rent [Score],Books\Various Artists - Rent [Score].pdf,Yes,46,_broadway Shows\Various Artists - Rent [score]
_Broadway Shows,Various Artists - Rocky Horror Show Revised - Full Score,Books\Various Artists - Rocky Horror Show Revised - Full Score.pdf,Yes,24,_broadway Shows\Various Artists - Rocky Horror Show Revised - Full Score
_Broadway Shows,Various Artists - Rocky Horror Show,Books\Various Artists - Rocky Horror Show.pdf,Yes,1,_broadway Shows\Various Artists - Rocky Horror Show
_Broadway Shows,Various Artists - Seussical - TYA,Books\Various Artists - Seussical - TYA.pdf,Yes,38,_broadway Shows\Various Artists - Seussical - Tya
_Broadway Shows,Various Artists - Seussical [Piano-Conductor],Books\Various Artists - Seussical [Piano-Conductor].pdf,Yes,13,_broadway Shows\Various Artists - Seussical [piano-conductor]
_Broadway Shows,Various Artists - Seussical [PV Score],Books\Various Artists - Seussical [PV Score].pdf,Yes,34,_broadway Shows\Various Artists - Seussical [pv Score]
_Broadway Shows,Various Artists - Shrek The Musical,Books\Various Artists - Shrek The Musical.pdf,No,0,
_Broadway Shows,Various Artists - Sound of Music (Vocal Selections),Books\Various Artists - Sound of Music (Vocal Selections).pdf,Yes,7,_broadway Shows\Various Artists - Sound Of Music (vocal Selections)
_Broadway Shows,Various Artists - Sound of Music,Books\Various Artists - Sound of Music.pdf,Yes,16,_broadway Shows\Various Artists - Sound Of Music
_Broadway Shows,Various Artists - Spamalot,Books\Various Artists - Spamalot.pdf,Yes,65,_broadway Shows\Various Artists - Spamalot
_Broadway Shows,Various Artists - Sweeney Todd Vocal Score,Books\Various Artists - Sweeney Todd Vocal Score.pdf,Yes,19,_broadway Shows\Various Artists - Sweeney Todd Vocal Score
_Broadway Shows,Various Artists - The Hobbit Score,Books\Various Artists - The Hobbit Score.pdf,Yes,11,_broadway Shows\Various Artists - The Hobbit Score
_Broadway Shows,Various Artists - The Ultimate BROADWAY fakebook,Books\Various Artists - The Ultimate BROADWAY fakebook.pdf,Yes,406,_broadway Shows\Various Artists - The Ultimate Broadway Fakebook
_Broadway Shows,Various Artists - Wicked [PVG],Books\Various Artists - Wicked [PVG].pdf,Yes,13,_broadway Shows\Various Artists - Wicked [pvg]
_Broadway Shows,Various Artists - Wicked [Score],Books\Various Artists - Wicked [Score].pdf,Yes,1,_broadway Shows\Various Artists - Wicked [score]
_Broadway Shows,Various Artists - Wizard Of Oz (RSC Piano-Conductor),Books\Various Artists - Wizard Of Oz (RSC Piano-Conductor).pdf,Yes,20,_broadway Shows\Various Artists - Wizard Of Oz (rsc Piano-conductor)
_Broadway Shows,Various Artists - Wizard Of Oz - Piano Conductor,Books\Various Artists - Wizard Of Oz - Piano Conductor.pdf,Yes,24,_broadway Shows\Various Artists - Wizard Of Oz - Piano Conductor
_Broadway Shows,Various Artists - You're A Good Man Charlie Brown (Score),Books\Various Artists - You're A Good Man Charlie Brown (Score).pdf,No,0,
_Broadway Shows,Various Artists - You're A Good Man Charlie Brown [revival] [score],Books\Various Artists - You're A Good Man Charlie Brown [revival] [score].pdf,Yes,38,_broadway Shows\Various Artists - You're A Good Man Charlie Brown [revival] [score]
_Broadway Shows,Wicked Workshop,Books\Wicked Workshop.pdf,No,0,
_Broadway Shows,Steven Sondheim - All Sondheim Volume 2 BOOK,Steven Sondheim\Books\Steven Sondheim - All Sondheim Volume 2 BOOK.pdf,Yes,19,_broadway Shows\Steven Sondheim - All Sondheim Volume 2 Book
_Fake Books,Various Artists - Best Fake Book Ever - 3rd Edition,Various Artists - Best Fake Book Ever - 3rd Edition.pdf,No,0,
_Fake Books,Various Artists - Book (500 songs),Various Artists - Book (500 songs).PDF,No,0,
_Fake Books,Various Artists - Country Music Fake Book,Various Artists - Country Music Fake Book.pdf,No,0,
_Fake Books,Various Artists - Dixieland Fake Book,Various Artists - Dixieland Fake Book.pdf,No,0,
_Fake Books,Various Artists - New Real Book vol 1- C ,Various Artists - New Real Book vol 1- C .pdf,No,0,
_Fake Books,Various Artists - New Real Book vol 2- C ,Various Artists - New Real Book vol 2- C .pdf,No,0,
_Fake Books,Various Artists - New Real Book vol 3- C ,Various Artists - New Real Book vol 3- C .pdf,No,0,
_Fake Books,Various Artists - Real Book 5th Edition C,Various Artists - Real Book 5th Edition C.pdf,No,0,
_Fake Books,Various Artists - Real Book 5th Edition Eb,Various Artists - Real Book 5th Edition Eb.pdf,No,0,
_Fake Books,Various Artists - Real Book 6th Edition Eb,Various Artists - Real Book 6th Edition Eb.pdf,No,0,
_Fake Books,Various Artists - Real Book Vol 2,Various Artists - Real Book Vol 2.pdf,No,0,
_Fake Books,Various Artists - Real Book Vol 3,Various Artists - Real Book Vol 3.pdf,No,0,
_Fake Books,Various Artists - Real Book Volume II,Various Artists - Real Book Volume II.pdf,No,0,
_Fake Books,Various Artists - Real Easy Book - Volume 1,Various Artists - Real Easy Book - Volume 1.pdf,No,0,
_Fake Books,Various Artists - Real Easy Book - Volume 2,Various Artists - Real Easy Book - Volume 2.pdf,No,0,
_Fake Books,Various Artists - Real Easy Book,Various Artists - Real Easy Book.pdf,No,0,
_Fake Books,Various Artists - Real Little Classical Fake Book,Various Artists - Real Little Classical Fake Book.pdf,No,0,
_Fake Books,Various Artists - Standards Real Book (C Version ),Various Artists - Standards Real Book (C Version ).pdf,No,0,
_Fake Books,Various Artists - Ultimate Broadway Fakebook,Various Artists - Ultimate Broadway Fakebook.pdf,No,0,
_Fake Books,Various Artists - Ultimate Country Fake Book,Various Artists - Ultimate Country Fake Book.pdf,No,0,
_Fake Books,Various Artists - Ultimate Fake Book C Edition,Various Artists - Ultimate Fake Book C Edition.pdf,No,0,
_Fake Books,"Various Artists - Ultimate Online Fake Book, B-Flat Ed","Various Artists - Ultimate Online Fake Book, B-Flat Ed.pdf",No,0,
_Fake Books,Various Artists - Ultimate Pop Rock Fake Book,Various Artists - Ultimate Pop Rock Fake Book.pdf,No,0,
_Fake Books,Various Artists - World's Greatest Fake Book,Various Artists - World's Greatest Fake Book.pdf,No,0,
_Movie and TV,Beauty and the Beast [PVG],Disney\Books\Beauty and the Beast [PVG].pdf,Yes,8,_movie And Tv\Beauty And The Beast [pvg]
_Movie and TV,Brother Bear (Disney),Disney\Books\Brother Bear (Disney).pdf,Yes,8,_movie And Tv\Brother Bear (disney)
_Movie and TV,Disney Collection (Songs out of order),Disney\Books\Disney Collection (Songs out of order).pdf,Yes,42,_movie And Tv\Disney Collection (songs Out Of Order)
_Movie and TV,High School Musical - Breaking Free - Piano Sheet Music,Disney\Books\High School Musical - Breaking Free - Piano Sheet Music.pdf,Yes,1,_movie And Tv\High School Musical - Breaking Free - Piano Sheet Music
_Movie and TV,Kasha & Hirschorn - Pete's Dragon,Disney\Books\Kasha & Hirschorn - Pete's Dragon.pdf,Yes,6,_movie And Tv\Kasha & Hirschorn - Pete's Dragon
_Movie and TV,Mary Poppins,Disney\Books\Mary Poppins.pdf,Yes,11,_movie And Tv\Mary Poppins
_Movie and TV,Mulan,Disney\Books\Mulan.pdf,Yes,1,_movie And Tv\Mulan
_Movie and TV,Pirates of the Caribbean [Book 1 - The Curse of the Black Pearl],Disney\Books\Pirates of the Caribbean [Book 1 - The Curse of the Black Pearl].pdf,Yes,7,_movie And Tv\Pirates Of The Caribbean [book 1 - The Curse Of The Black Pearl]
_Movie and TV,Pirates of the Caribbean [Book 2 - Dead Man's Chest],Disney\Books\Pirates of the Caribbean [Book 2 - Dead Man's Chest].pdf,Yes,9,_movie And Tv\Pirates Of The Caribbean [book 2 - Dead Man's Chest]
_Movie and TV,Spirited Away (Disney) (2001),Disney\Books\Spirited Away (Disney) (2001).pdf,Yes,1,_movie And Tv\Spirited Away (disney) (2001)
_Movie and TV,The New Illustrated Treasury of Disney Songs,Disney\Books\The New Illustrated Treasury of Disney Songs.pdf,Yes,68,_movie And Tv\The New Illustrated Treasury Of Disney Songs
_Movie and TV,The New Illustrated Treasury of Disney,Disney\Books\The New Illustrated Treasury of Disney.pdf,Yes,68,_movie And Tv\The New Illustrated Treasury Of Disney
_Movie and TV,Various Artists - Disney Duets,Disney\Books\Various Artists - Disney Duets.pdf,Yes,8,_movie And Tv\Various Artists - Disney Duets
_Movie and TV,Various Artists - Disney Fake Book,Disney\Books\Various Artists - Disney Fake Book.pdf,Yes,194,_movie And Tv\Various Artists - Disney Fake Book
_Movie and TV,Various Artists - Disney Solos For Violin,Disney\Books\Various Artists - Disney Solos For Violin.pdf,Yes,1,_movie And Tv\Various Artists - Disney Solos For Violin
_Movie and TV,John Williams - Greatest Hits,John Williams\Books\John Williams - Greatest Hits.pdf,Yes,28,_movie And Tv\John Williams - Greatest Hits
_Movie and TV,John Williams - Star Wars Episode I - The Phantom Menace,John Williams\Books\John Williams - Star Wars Episode I - The Phantom Menace.pdf,Yes,1,_movie And Tv\John Williams - Star Wars Episode I - The Phantom Menace
_Movie and TV,John Williams - Star Wars Episode II - Attack Of The Clones (lite),John Williams\Books\John Williams - Star Wars Episode II - Attack Of The Clones (lite).pdf,Yes,1,_movie And Tv\John Williams - Star Wars Episode Ii - Attack Of The Clones (lite)
_Movie and TV,John Williams - Star Wars Episode III - Revenge Of The Sith.(Incomplete Grab).,John Williams\Books\John Williams - Star Wars Episode III - Revenge Of The Sith.(Incomplete Grab)..pdf,Yes,1,_movie And Tv\John Williams - Star Wars Episode Iii - Revenge Of The Sith.(incomplete Grab)
_Movie and TV,John Williams - Star Wars Trilogy,John Williams\Books\John Williams - Star Wars Trilogy.pdf,Yes,14,_movie And Tv\John Williams - Star Wars Trilogy
_Movie and TV,Star Wars Suite (John Williams - full Score - Hal Leonard),John Williams\Books\Star Wars Suite (John Williams - full Score - Hal Leonard).pdf,Yes,8,_movie And Tv\Star Wars Suite (john Williams - Full Score - Hal Leonard)
_Movie and TV,Various Artists - Music From The Movies The Adventure Collection,John Williams\Books\Various Artists - Music From The Movies The Adventure Collection.pdf,Yes,23,_movie And Tv\Various Artists - Music From The Movies The Adventure Collection
_Movie and TV,Various Artists - Music From The Movies The Animated Collection,John Williams\Books\Various Artists - Music From The Movies The Animated Collection.pdf,Yes,4,_movie And Tv\Various Artists - Music From The Movies The Animated Collection
_Movie and TV,Budget Books - Movie Songs,Others\Books\Budget Books - Movie Songs.pdf,Yes,76,_movie And Tv\Budget Books - Movie Songs
_Movie and TV,Randy Newman - Toy Story 2,Others\Books\Randy Newman - Toy Story 2.pdf,Yes,1,_movie And Tv\Randy Newman - Toy Story 2
_Movie and TV,The Wizard of Oz Script,Others\Books\The Wizard of Oz Script.pdf,No,0,
_Movie and TV,Theme from rocky and otther big hits,Others\Books\Theme from rocky and otther big hits.pdf,Yes,22,_movie And Tv\Theme From Rocky And Otther Big Hits
_Movie and TV,Various Artists - 100 of the best movie songs ever,Others\Books\Various Artists - 100 of the best movie songs ever.pdf,Yes,101,_movie And Tv\Various Artists - 100 Of The Best Movie Songs Ever
_Movie and TV,Various Artists - Book Of Great TV Hits,Others\Books\Various Artists - Book Of Great TV Hits.pdf,Yes,41,_movie And Tv\Various Artists - Book Of Great Tv Hits
_Movie and TV,Various Artists - Box Office Themes Vol. 1,Others\Books\Various Artists - Box Office Themes Vol. 1.pdf,Yes,12,_movie And Tv\Various Artists - Box Office Themes Vol. 1
_Movie and TV,Various Artists - Complete TV and Film,Others\Books\Various Artists - Complete TV and Film.pdf,No,0,
_Movie and TV,Various Artists - Decades of Film '70s,Others\Books\Various Artists - Decades of Film '70s.pdf,Yes,17,_movie And Tv\Various Artists - Decades Of Film '70s
_Movie and TV,Various Artists - Decades of Film '80s,Others\Books\Various Artists - Decades of Film '80s.pdf,Yes,20,_movie And Tv\Various Artists - Decades Of Film '80s
_Movie and TV,Various Artists - Decades of Film '90s,Others\Books\Various Artists - Decades of Film '90s.pdf,Yes,20,_movie And Tv\Various Artists - Decades Of Film '90s
_Movie and TV,Various Artists - Eddie and  the Cruisers,Others\Books\Various Artists - Eddie and  the Cruisers.pdf,No,0,
_Movie and TV,Various Artists - Film Book,Others\Books\Various Artists - Film Book.pdf,Yes,41,_movie And Tv\Various Artists - Film Book
_Movie and TV,Various Artists - Film Music for Solo Piano (2),Others\Books\Various Artists - Film Music for Solo Piano (2).pdf,Yes,23,_movie And Tv\Various Artists - Film Music For Solo Piano (2)
_Movie and TV,Various Artists - Film Music For Solo Piano,Others\Books\Various Artists - Film Music For Solo Piano.pdf,Yes,28,_movie And Tv\Various Artists - Film Music For Solo Piano
_Movie and TV,Various Artists - Frozen - Let It Go (Movie Version),Others\Books\Various Artists - Frozen - Let It Go (Movie Version).pdf,Yes,1,_movie And Tv\Various Artists - Frozen - Let It Go (movie Version)
_Movie and TV,Various Artists - High School Musical 1,Others\Books\Various Artists - High School Musical 1.pdf,Yes,2,_movie And Tv\Various Artists - High School Musical 1
_Movie and TV,Various Artists - High School Musical 2,Others\Books\Various Artists - High School Musical 2.pdf,Yes,10,_movie And Tv\Various Artists - High School Musical 2
_Movie and TV,Various Artists - Little Mermaid,Others\Books\Various Artists - Little Mermaid.pdf,Yes,1,_movie And Tv\Various Artists - Little Mermaid
_Movie and TV,Various Artists - Love Songs from the Movies,Others\Books\Various Artists - Love Songs from the Movies.pdf,Yes,33,_movie And Tv\Various Artists - Love Songs From The Movies
_Movie and TV,Various Artists - Movie Fakebook,Others\Books\Various Artists - Movie Fakebook.pdf,Yes,388,_movie And Tv\Various Artists - Movie Fakebook
_Movie and TV,Various Artists - Movie Love Songs [Book],Others\Books\Various Artists - Movie Love Songs [Book].pdf,Yes,16,_movie And Tv\Various Artists - Movie Love Songs [book]
_Movie and TV,Various Artists - Movie Melodies - The Very Best Of Movie Songs,Others\Books\Various Artists - Movie Melodies - The Very Best Of Movie Songs.pdf,Yes,21,_movie And Tv\Various Artists - Movie Melodies - The Very Best Of Movie Songs
_Movie and TV,Various Artists - Movie Songs Of The 90s Vol 2,Others\Books\Various Artists - Movie Songs Of The 90s Vol 2.pdf,Yes,34,_movie And Tv\Various Artists - Movie Songs Of The 90s Vol 2
_Movie and TV,Various Artists - Piano Solos Film Music - The Costume Drama Collection,Others\Books\Various Artists - Piano Solos Film Music - The Costume Drama Collection.pdf,Yes,28,_movie And Tv\Various Artists - Piano Solos Film Music - The Costume Drama Collection
_Movie and TV,Various Artists - Pirates Of The Caribbean At World's End,Others\Books\Various Artists - Pirates Of The Caribbean At World's End.pdf,Yes,1,_movie And Tv\Various Artists - Pirates Of The Caribbean At World's End
_Movie and TV,Various Artists - Shrek 1,Others\Books\Various Artists - Shrek 1.pdf,Yes,13,_movie And Tv\Various Artists - Shrek 1
_Movie and TV,Various Artists - Shrek 2,Others\Books\Various Artists - Shrek 2.pdf,Yes,13,_movie And Tv\Various Artists - Shrek 2
_Movie and TV,Various Artists - Shrek 3,Others\Books\Various Artists - Shrek 3.pdf,Yes,12,_movie And Tv\Various Artists - Shrek 3
_Movie and TV,Various Artists - Star Trek (Piano Solo),Others\Books\Various Artists - Star Trek (Piano Solo).pdf,Yes,8,_movie And Tv\Various Artists - Star Trek (piano Solo)
_Movie and TV,Various Artists - Star Trek - Complete Star Trek Theme Music,Others\Books\Various Artists - Star Trek - Complete Star Trek Theme Music.pdf,Yes,1,_movie And Tv\Various Artists - Star Trek - Complete Star Trek Theme Music
_Movie and TV,Various Artists - Star Trek - Complete Theme Music (Piano Solo),Others\Books\Various Artists - Star Trek - Complete Theme Music (Piano Solo).pdf,Yes,16,_movie And Tv\Various Artists - Star Trek - Complete Theme Music (piano Solo)
_Movie and TV,Various Artists - Star Trek - Deep Space Nine,Others\Books\Various Artists - Star Trek - Deep Space Nine.pdf,Yes,1,_movie And Tv\Various Artists - Star Trek - Deep Space Nine
_Movie and TV,Various Artists - Star Trek - Enterprise,Others\Books\Various Artists - Star Trek - Enterprise.pdf,Yes,1,_movie And Tv\Various Artists - Star Trek - Enterprise
_Movie and TV,Various Artists - Star Trek - First Contact,Others\Books\Various Artists - Star Trek - First Contact.pdf,Yes,1,_movie And Tv\Various Artists - Star Trek - First Contact
_Movie and TV,Various Artists - Star Trek - Generations,Others\Books\Various Artists - Star Trek - Generations.pdf,Yes,1,_movie And Tv\Various Artists - Star Trek - Generations
_Movie and TV,Various Artists - Star Trek - Insurrection,Others\Books\Various Artists - Star Trek - Insurrection.pdf,Yes,1,_movie And Tv\Various Artists - Star Trek - Insurrection
_Movie and TV,Various Artists - Star Trek - Star Trek  The Motion Picture,Others\Books\Various Artists - Star Trek - Star Trek  The Motion Picture.pdf,Yes,1,_movie And Tv\Various Artists - Star Trek - Star Trek
_Movie and TV,Various Artists - Star Trek - Star Trek,Others\Books\Various Artists - Star Trek - Star Trek.pdf,Yes,1,_movie And Tv\Various Artists - Star Trek - Star Trek
_Movie and TV,Various Artists - Star Trek - The Final Frontier,Others\Books\Various Artists - Star Trek - The Final Frontier.pdf,Yes,2,_movie And Tv\Various Artists - Star Trek - The Final Frontier
_Movie and TV,Various Artists - Star Trek - The Next Generation,Others\Books\Various Artists - Star Trek - The Next Generation.pdf,Yes,2,_movie And Tv\Various Artists - Star Trek - The Next Generation
_Movie and TV,Various Artists - Star Trek - The Search For Spock,Others\Books\Various Artists - Star Trek - The Search For Spock.pdf,Yes,1,_movie And Tv\Various Artists - Star Trek - The Search For Spock
_Movie and TV,Various Artists - Star Trek - The Undiscovered Country,Others\Books\Various Artists - Star Trek - The Undiscovered Country.pdf,Yes,1,_movie And Tv\Various Artists - Star Trek - The Undiscovered Country
_Movie and TV,Various Artists - Star Trek - The Voyage Home,Others\Books\Various Artists - Star Trek - The Voyage Home.pdf,Yes,1,_movie And Tv\Various Artists - Star Trek - The Voyage Home
_Movie and TV,Various Artists - Star Trek - The Wrath of Khan,Others\Books\Various Artists - Star Trek - The Wrath of Khan.pdf,Yes,1,_movie And Tv\Various Artists - Star Trek - The Wrath Of Khan
_Movie and TV,Various Artists - Star Trek - Them from Search for Spock,Others\Books\Various Artists - Star Trek - Them from Search for Spock.pdf,Yes,1,_movie And Tv\Various Artists - Star Trek - Them From Search For Spock
_Movie and TV,Various Artists - Star Trek - Voyager,Others\Books\Various Artists - Star Trek - Voyager.pdf,Yes,1,_movie And Tv\Various Artists - Star Trek - Voyager
_Movie and TV,Various Artists - The Big Book Of Movie Music,Others\Books\Various Artists - The Big Book Of Movie Music.pdf,Yes,64,_movie And Tv\Various Artists - The Big Book Of Movie Music
_Movie and TV,Various Artists - The Simpsons - Simpsons Songbook,Others\Books\Various Artists - The Simpsons - Simpsons Songbook.pdf,Yes,1,_movie And Tv\Various Artists - The Simpsons - Simpsons Songbook
_Movie and TV,Various Artists - The TV Fakebook,Others\Books\Various Artists - The TV Fakebook.pdf,Yes,71,_movie And Tv\Various Artists - The Tv Fakebook
_Movie and TV,Various Artists - Top Movie Hits,Others\Books\Various Artists - Top Movie Hits.pdf,Yes,10,_movie And Tv\Various Artists - Top Movie Hits
_Movie and TV,Various Artists - TV Detective - Themes For Solo Piano,Others\Books\Various Artists - TV Detective - Themes For Solo Piano.pdf,Yes,28,_movie And Tv\Various Artists - Tv Detective - Themes For Solo Piano
_Movie and TV,Various Artists - TV Fakebook 2nd Ed,Others\Books\Various Artists - TV Fakebook 2nd Ed.pdf,Yes,105,_movie And Tv\Various Artists - Tv Fakebook 2nd Ed
_Movie and TV,Various Artists - Ultimate TV Showstoppers,Others\Books\Various Artists - Ultimate TV Showstoppers.pdf,Yes,18,_movie And Tv\Various Artists - Ultimate Tv Showstoppers
_Movie and TV,Various Artists - Warner Bros 75th Anniversary,Others\Books\Various Artists - Warner Bros 75th Anniversary.pdf,Yes,3,_movie And Tv\Various Artists - Warner Bros 75th Anniversary
_Movie and TV,Various Artists - Wizard Of Oz [Book],Others\Books\Various Artists - Wizard Of Oz [Book].pdf,Yes,10,_movie And Tv\Various Artists - Wizard Of Oz [book]
ACDC,ACDC - Anthology,Books\ACDC - Anthology.pdf,Yes,0,Acdc\Acdc - Anthology
Adele,Adele - 19 [PVG Book],Books\Adele - 19 [PVG Book].pdf,Yes,12,Adele\19 [pvg Book]
Aerosmith,Aerosmith - Greatest Hits (Songbook),Books\Aerosmith - Greatest Hits (Songbook).pdf,Yes,0,Aerosmith\Aerosmith - Greatest Hits (songbook)
Allman Brothers,Allman Brothers - Allman Brothers Band [PVG],Books\Allman Brothers - Allman Brothers Band [PVG].pdf,Yes,0,Allman Brothers\Allman Brothers - Allman Brothers Band [pvg]
Allman Brothers,Allman Brothers - Band Best [Score],Books\Allman Brothers - Band Best [Score].pdf,Yes,8,Allman Brothers\Band Best [score]
Allman Brothers,Allman Brothers - Best Of [PVG],Books\Allman Brothers - Best Of [PVG].pdf,Yes,0,Allman Brothers\Allman Brothers - Best Of [pvg]
America,America - America [PVG Book],Books\America - America [PVG Book].pdf,Yes,12,America\America [pvg Book]
America,America - Greatest Hits [Book] ,Books\America - Greatest Hits [Book] .pdf,Yes,12,America\Greatest Hits
America,America - Greatest Hits,Books\America - Greatest Hits.pdf,Yes,12,America\Greatest Hits
Asia,Asia - Alpha [PVG Book],Books\Asia - Alpha [PVG Book].pdf,Yes,4,Asia\Asia - Alpha [pvg Book]
Avril Lavigne,Avril Lavigne - The Best Damn Thing [PVG Book],Books\Avril Lavigne - The Best Damn Thing [PVG Book].pdf,Yes,4,Avril Lavigne\Avril Lavigne - The Best Damn Thing [pvg Book]
Barry Manilow,Barry Manilow - Anthology,Books\Barry Manilow - Anthology.pdf,Yes,25,Barry Manilow\Barry Manilow - Anthology
Barry Manilow,Barry Manilow - Barry Manilow [PVG Book],Books\Barry Manilow - Barry Manilow [PVG Book].pdf,Yes,7,Barry Manilow\Barry Manilow - Barry Manilow [pvg Book]
Beatles,Beatles - 100 Hits for All Keyboards,Books\Beatles - 100 Hits for All Keyboards.pdf,Yes,48,Beatles\100 Hits For All Keyboards
Beatles,Beatles - Abbey Road Guitar Recorded Version,Books\Beatles - Abbey Road Guitar Recorded Version.pdf,Yes,6,Beatles\Beatles - Abbey Road Guitar Recorded Version
Beatles,Beatles - Abbey Road [Scores],Books\Beatles - Abbey Road [Scores].pdf,Yes,6,Beatles\Beatles - Abbey Road [scores]
Beatles,Beatles - Abbey Road,Books\Beatles - Abbey Road.pdf,Yes,7,Beatles\Beatles - Abbey Road
Beatles,Beatles - All Songs 1962-1974,Books\Beatles - All Songs 1962-1974.pdf,Yes,83,Beatles\Beatles - All Songs 1962-1974
Beatles,Beatles - Anthology 1 (113 pages),Books\Beatles - Anthology 1 (113 pages).pdf,Yes,20,Beatles\Beatles - Anthology 1 (113 Pages)
Beatles,Beatles - Anthology 1,Books\Beatles - Anthology 1.pdf,Yes,10,Beatles\Beatles - Anthology 1
Beatles,Beatles - Anthology 2 (page 01 - 40),Books\Beatles - Anthology 2 (page 01 - 40).pdf,Yes,4,Beatles\Beatles - Anthology 2 (page 01 - 40)
Beatles,Beatles - Anthology 2 (page 41 -72),Books\Beatles - Anthology 2 (page 41 -72).pdf,Yes,1,Beatles\Beatles - Anthology 2 (page 41 -72)
Beatles,Beatles - Anthology 2 (page 73 -112),Books\Beatles - Anthology 2 (page 73 -112).pdf,Yes,199,Beatles\Anthology
Beatles,Beatles - Anthology 3 (page 01 - 36),Books\Beatles - Anthology 3 (page 01 - 36).pdf,Yes,4,Beatles\Beatles - Anthology 3 (page 01 - 36)
Beatles,Beatles - Anthology 3 (page 37 - 79,Books\Beatles - Anthology 3 (page 37 - 79.pdf,Yes,1,Beatles\Beatles - Anthology 3 (page 37 - 79
Beatles,Beatles - Anthology 3 (page 80 - 111),Books\Beatles - Anthology 3 (page 80 - 111).pdf,Yes,199,Beatles\Anthology
Beatles,Beatles - Anthology,Books\Beatles - Anthology.pdf,Yes,73,Beatles\Beatles - Anthology
Beatles,Beatles - Beatlemania 1963-1966,Books\Beatles - Beatlemania 1963-1966.pdf,Yes,10,Beatles\Beatles - Beatlemania 1963-1966
Beatles,Beatles - Complete Scores (2),Books\Beatles - Complete Scores (2).pdf,Yes,160,Beatles\Beatles - Complete Scores (2)
Beatles,Beatles - Complete Scores,Books\Beatles - Complete Scores.pdf,Yes,167,Beatles\Beatles - Complete Scores
Beatles,Beatles - Essential Songs,Books\Beatles - Essential Songs.pdf,Yes,44,Beatles\Beatles - Essential Songs
Beatles,Beatles - Fake Songbook (Guitar),Books\Beatles - Fake Songbook (Guitar).pdf,Yes,121,Beatles\Beatles - Fake Songbook (guitar)
Beatles,Beatles - Joy Of Beatles,Books\Beatles - Joy Of Beatles.pdf,Yes,1,Beatles\Beatles - Joy Of Beatles
Beatles,Beatles - Live At the Hollywood Bowl (2),Books\Beatles - Live At the Hollywood Bowl (2).pdf,Yes,2,Beatles\Beatles - Live At The Hollywood Bowl (2)
Beatles,Beatles - Live at the Hollywood Bowl,Books\Beatles - Live at the Hollywood Bowl.pdf,Yes,5,Beatles\Beatles - Live At The Hollywood Bowl
Beatles,Beatles - Revolver (2),Books\Beatles - Revolver (2).pdf,Yes,7,Beatles\Beatles - Revolver (2)
Beatles,Beatles - Revolver,Books\Beatles - Revolver.pdf,Yes,10,Beatles\Beatles - Revolver
Beatles,Beatles - Rubber Soul,Books\Beatles - Rubber Soul.pdf,Yes,1,Beatles\Beatles - Rubber Soul
Beatles,Beatles - Sergeant Pepper's Lonely Hearts Club Band,Books\Beatles - Sergeant Pepper's Lonely Hearts Club Band.pdf,Yes,1,Beatles\Beatles - Sergeant Pepper's Lonely Hearts Club Band
Beatles,Beatles - Singles Collection [PVG],Books\Beatles - Singles Collection [PVG].pdf,Yes,19,Beatles\Beatles - Singles Collection [pvg]
Beatles,Beatles - Songbook,Books\Beatles - Songbook.pdf,Yes,83,Beatles\Beatles - Songbook
Beatles,Beatles - White Album 1  (Guitar Recorded Version),Books\Beatles - White Album 1  (Guitar Recorded Version).pdf,No,0,
Bee Gees,Bee Gees - Anthology,Books\Bee Gees - Anthology.pdf,Yes,1,Bee Gees\Bee Gees - Anthology
Belinda Carlisle,Belinda Carlisle - 5 Of The Best [PVG],Books\Belinda Carlisle - 5 Of The Best [PVG].pdf,Yes,3,Belinda Carlisle\Belinda Carlisle - 5 Of The Best [pvg]
Ben Folds,Ben Folds - Rockin' The Suburbs [Book],Books\Ben Folds - Rockin' The Suburbs [Book].pdf,Yes,1,Ben Folds\Rockin' The Suburbs [book]
Ben Folds,Ben Folds - Songs for Silverman,Books\Ben Folds - Songs for Silverman.pdf,Yes,6,Ben Folds\Ben Folds - Songs For Silverman
Ben Folds,Ben Folds - Songs For The Silverman,Books\Ben Folds - Songs For The Silverman.pdf,Yes,6,Ben Folds\Ben Folds - Songs For The Silverman
Ben Folds,Ben Folds Five - Rockin' the Suburbs,Books\Ben Folds Five - Rockin' the Suburbs.pdf,Yes,8,Ben Folds\Ben Folds Five - Rockin' The Suburbs
Ben Folds,Ben Folds Five - Selections From Naked Baby Photos [Score],Books\Ben Folds Five - Selections From Naked Baby Photos [Score].pdf,Yes,15,Ben Folds\Ben Folds Five - Selections From Naked Baby Photos [score]
Ben Folds,Ben Folds Five - Whatever and Ever Amen [Book],Books\Ben Folds Five - Whatever and Ever Amen [Book].pdf,Yes,12,Ben Folds\Ben Folds Five - Whatever And Ever Amen [book]
Billy Joel,Billy Joel - 52nd Street,Books\Billy Joel - 52nd Street.pdf,Yes,9,Billy Joel\52nd Street
Billy Joel,Billy Joel - Anthology,Books\Billy Joel - Anthology.pdf,Yes,0,Billy Joel\Anthology
Billy Joel,Billy Joel - Best Of Piano Solos,Books\Billy Joel - Best Of Piano Solos.pdf,Yes,13,Billy Joel\Best Of Piano Solos
Billy Joel,Billy Joel - Complete Vol  1,Books\Billy Joel - Complete Vol  1.pdf,No,0,
Billy Joel,Billy Joel - Complete Vol 2,Books\Billy Joel - Complete Vol 2.pdf,Yes,48,Billy Joel\Complete Vol 2
Billy Joel,Billy Joel - Fantasies & Delusions,Books\Billy Joel - Fantasies & Delusions.pdf,Yes,0,Billy Joel\Fantasies & Delusions
Billy Joel,Billy Joel - For Advanced Piano,Books\Billy Joel - For Advanced Piano.pdf,Yes,11,Billy Joel\For Advanced Piano
Billy Joel,Billy Joel - Glass Houses,Books\Billy Joel - Glass Houses.pdf,Yes,0,Billy Joel\Glass Houses
Billy Joel,Billy Joel - Greatest Hits Vol I and II,Books\Billy Joel - Greatest Hits Vol I and II.pdf,Yes,0,Billy Joel\Greatest Hits
Billy Joel,Billy Joel - Greatest Hits Vol III,Books\Billy Joel - Greatest Hits Vol III.pdf,Yes,0,Billy Joel\Greatest Hits
Billy Joel,Billy Joel - Greatest Hits,Books\Billy Joel - Greatest Hits.pdf,Yes,0,Billy Joel\Greatest Hits
Billy Joel,Billy Joel - Keyboard Book,Books\Billy Joel - Keyboard Book.pdf,Yes,0,Billy Joel\Keyboard Book
Billy Joel,Billy Joel - My Lives,Books\Billy Joel - My Lives.pdf,Yes,72,Billy Joel\My Lives
Billy Joel,Billy Joel - Rock Score,Books\Billy Joel - Rock Score.pdf,Yes,8,Billy Joel\Rock Score
Billy Joel,Billy Joel - Songs in the Attic,Books\Billy Joel - Songs in the Attic.pdf,Yes,11,Billy Joel\Songs In The Attic
Billy Joel,Billy Joel - Turnstiles,Books\Billy Joel - Turnstiles.pdf,No,0,
Billy Joel,Billy Joel Greatest Hits Vols 1 and 2,Books\Billy Joel Greatest Hits Vols 1 and 2.pdf,Yes,11,Billy Joel\Billy Joel Greatest Hits Vols 1 And 2
Billy Ocean,Billy Ocean - The Best Of,Books\Billy Ocean - The Best Of.pdf,Yes,5,Billy Ocean\Billy Ocean - The Best Of
Black Eyed Peas,Black Eyed Peas - Elephunk [PVG Book],Books\Black Eyed Peas - Elephunk [PVG Book].pdf,Yes,8,Black Eyed Peas\Black Eyed Peas - Elephunk [pvg Book]
Blues Brothers,Blues Brothers - Complete,Books\Blues Brothers - Complete.pdf,Yes,6,Blues Brothers\Blues Brothers - Complete
Bob Dylan,Bob Dylan - Anthology 1,Books\Bob Dylan - Anthology 1.pdf,Yes,41,Bob Dylan\Bob Dylan - Anthology 1
Bob Dylan,Bob Dylan - Anthology 2,Books\Bob Dylan - Anthology 2.pdf,Yes,49,Bob Dylan\Bob Dylan - Anthology 2
Bob Dylan,Bob Dylan - Anthology,Books\Bob Dylan - Anthology.pdf,Yes,43,Bob Dylan\Bob Dylan - Anthology
Bob Dylan,Bob Dylan - Basement Tapes [PVG],Books\Bob Dylan - Basement Tapes [PVG].pdf,Yes,5,Bob Dylan\Bob Dylan - Basement Tapes [pvg]
Bob Dylan,Bob Dylan - Blonde On Blonde,Books\Bob Dylan - Blonde On Blonde.pdf,Yes,6,Bob Dylan\Bob Dylan - Blonde On Blonde
Bob Dylan,Bob Dylan - Collection,Books\Bob Dylan - Collection.pdf,Yes,24,Bob Dylan\Bob Dylan - Collection
Bob Dylan,Bob Dylan - Desire,Books\Bob Dylan - Desire.pdf,Yes,2,Bob Dylan\Bob Dylan - Desire
Bob Dylan,Bob Dylan - Finger Picking,Books\Bob Dylan - Finger Picking.pdf,Yes,9,Bob Dylan\Bob Dylan - Finger Picking
Bob Dylan,Bob Dylan - Highway 61 Revisited,Books\Bob Dylan - Highway 61 Revisited.pdf,Yes,1,Bob Dylan\Bob Dylan - Highway 61 Revisited
Bob Dylan,Bob Dylan - Nashville Skyline,Books\Bob Dylan - Nashville Skyline.pdf,No,0,
Bob Dylan,Bob Dylan - Rock Score,Books\Bob Dylan - Rock Score.pdf,Yes,3,Bob Dylan\Bob Dylan - Rock Score
Bob Dylan,Bob Dylan - Saved,Books\Bob Dylan - Saved.pdf,Yes,8,Bob Dylan\Saved
Bob Dylan,Bob Dylan - Songbook,Books\Bob Dylan - Songbook.pdf,Yes,11,Bob Dylan\Bob Dylan - Songbook
Bob Dylan,Bob Dylan - The Harp Styles of Bob Dylan [Harmonica],Books\Bob Dylan - The Harp Styles of Bob Dylan [Harmonica].pdf,Yes,3,Bob Dylan\Bob Dylan - The Harp Styles Of Bob Dylan [harmonica]
Bob Seger,Bob Seger - Greatest Hits,Books\Bob Seger - Greatest Hits.pdf,Yes,4,Bob Seger\Bob Seger - Greatest Hits
Bob Seger,Bob Seger - The New Best Of Bob Seger,Books\Bob Seger - The New Best Of Bob Seger.pdf,Yes,5,Bob Seger\The New Best Of Bob Seger
Bon Jovi,Bon Jovi - Best of Bon Jovi,Books\Bon Jovi - Best of Bon Jovi.pdf,Yes,18,Bon Jovi\Bon Jovi - Best Of Bon Jovi
Bonnie Raitt,Bonnie Raitt - Nick Of Time [PVG Book],Books\Bonnie Raitt - Nick Of Time [PVG Book].pdf,Yes,1,Bonnie Raitt\Bonnie Raitt - Nick Of Time [pvg Book]
Bonnie Raitt,Bonnie Raitt - Road Tested [PVG Book],Books\Bonnie Raitt - Road Tested [PVG Book].pdf,Yes,7,Bonnie Raitt\Bonnie Raitt - Road Tested [pvg Book]
Bonnie Tyler,Bonnie Tyler - Hot Songs,Books\Bonnie Tyler - Hot Songs.pdf,Yes,3,Bonnie Tyler\Bonnie Tyler - Hot Songs
Bread,Bread - Best of Bread,Books\Bread - Best of Bread.pdf,Yes,3,Bread\Bread - Best Of Bread
Bruce Springsteen,Bruce Springsteen - Born In The USA,Books\Bruce Springsteen - Born In The USA.pdf,Yes,5,Bruce Springsteen\Bruce Springsteen - Born In The Usa
Bruce Springsteen,Bruce Springsteen - Born To Run,Books\Bruce Springsteen - Born To Run.pdf,Yes,7,Bruce Springsteen\Bruce Springsteen - Born To Run
Bruce Springsteen,Bruce Springsteen - Greatest Hits,Books\Bruce Springsteen - Greatest Hits.pdf,Yes,13,Bruce Springsteen\Greatest Hits
Bruce Springsteen,Bruce Springsteen - Lucky Town,Books\Bruce Springsteen - Lucky Town.pdf,Yes,2,Bruce Springsteen\Bruce Springsteen - Lucky Town
Buddy Holly,Buddy Holly - Golden Anniversary Songbook,Books\Buddy Holly - Golden Anniversary Songbook.pdf,Yes,9,Buddy Holly\Buddy Holly - Golden Anniversary Songbook
Burl Ives,Burl Ives - Song Book,Books\Burl Ives - Song Book.pdf,Yes,60,Burl Ives\Burl Ives - Song Book
Burt Bacharach,Burt Bacharach - 40 Golden Songs Of,Books\Burt Bacharach - 40 Golden Songs Of.pdf,Yes,29,Burt Bacharach\Burt Bacharach - 40 Golden Songs Of
Burt Bacharach,Burt Bacharach - Anthology,Books\Burt Bacharach - Anthology.pdf,Yes,15,Burt Bacharach\Burt Bacharach - Anthology
Burt Bacharach,Burt Bacharach - Bacharach Collection,Books\Burt Bacharach - Bacharach Collection.pdf,Yes,4,Burt Bacharach\Burt Bacharach - Bacharach Collection
Carole King,Carole King - Bradley's Best Of The Best (Organ),Books\Carole King - Bradley's Best Of The Best (Organ).pdf,Yes,7,Carole King\Carole King - Bradley's Best Of The Best (organ)
Carole King,Carole King - Classics (2),Books\Carole King - Classics (2).pdf,Yes,29,Carole King\Carole King - Classics (2)
Carole King,Carole King - Classics (3),Books\Carole King - Classics (3).pdf,Yes,27,Carole King\Carole King - Classics (3)
Carole King,Carole King - Classics,Books\Carole King - Classics.pdf,Yes,15,Carole King\Carole King - Classics
Carole King,Carole King - Keyboard Play-Along Vol 22,Books\Carole King - Keyboard Play-Along Vol 22.pdf,Yes,3,Carole King\Carole King - Keyboard Play-along Vol 22
Carole King,Carole King - Tapestry,Books\Carole King - Tapestry.pdf,Yes,9,Carole King\Carole King - Tapestry
Carole King,Carole King - The New Best Of Carole King,Books\Carole King - The New Best Of Carole King.pdf,Yes,19,Carole King\The New Best Of Carole King
Carole King,Carole King - You're The Voice,Books\Carole King - You're The Voice.pdf,Yes,1,Carole King\Carole King - You're The Voice
Carpenters,Carpenters - Anthology,Books\Carpenters - Anthology.pdf,Yes,21,Carpenters\Carpenters - Anthology
Carpenters,Carpenters - Love Songs,Books\Carpenters - Love Songs.pdf,Yes,19,Carpenters\Carpenters - Love Songs
Carpenters,Carpenters - Note For Note,Books\Carpenters - Note For Note.pdf,Yes,2,Carpenters\Carpenters - Note For Note
Cheap Trick,Cheap Trick - Greatest Hits [Score],Books\Cheap Trick - Greatest Hits [Score].pdf,Yes,1,Cheap Trick\Cheap Trick - Greatest Hits [score]
Colbie Caillat,Colbie Caillat - Breakthrough [PVG Book],Books\Colbie Caillat - Breakthrough [PVG Book].pdf,Yes,1,Colbie Caillat\Colbie Caillat - Breakthrough [pvg Book]
Cole Porter,Cole Porter - The Very Best Of Cole Porter,Books\Cole Porter - The Very Best Of Cole Porter.pdf,Yes,34,Cole Porter\Cole Porter - The Very Best Of Cole Porter
Cream,Cream - Cream Complete,Books\Cream - Cream Complete.pdf,Yes,20,Cream\Cream - Cream Complete
Creedence Clearwater Revival,Creedence Clearwater Revival - 8 Pcs Book,Books\Creedence Clearwater Revival - 8 Pcs Book.pdf,Yes,5,Creedence Clearwater Revival\Creedence Clearwater Revival - 8 Pcs Book
Creedence Clearwater Revival,Creedence Clearwater Revival - Best Of,Books\Creedence Clearwater Revival - Best Of.pdf,Yes,13,Creedence Clearwater Revival\Creedence Clearwater Revival - Best Of
Creedence Clearwater Revival,Creedence Clearwater Revival - Guitar Anthology,Books\Creedence Clearwater Revival - Guitar Anthology.pdf,Yes,6,Creedence Clearwater Revival\Creedence Clearwater Revival - Guitar Anthology
Creedence Clearwater Revival,Creedence Clearwater Revival - Guitar Tab Book,Books\Creedence Clearwater Revival - Guitar Tab Book.pdf,Yes,7,Creedence Clearwater Revival\Creedence Clearwater Revival - Guitar Tab Book
Creedence Clearwater Revival,Creedence Clearwater Revival - Ultimate Minus One,Books\Creedence Clearwater Revival - Ultimate Minus One.pdf,Yes,4,Creedence Clearwater Revival\Creedence Clearwater Revival - Ultimate Minus One
Crosby Stills and Nash,Crosby Stills Nash & Young - Deja Vu [PVG Book],Books\Crosby Stills Nash & Young - Deja Vu [PVG Book].pdf,Yes,21,Crosby Stills And Nash\Crosby Stills Nash & Young - Deja Vu [pvg Book]
Crosby Stills and Nash,"Crosby, Stills, Nash & Young - The Guitar Collection","Books\Crosby, Stills, Nash & Young - The Guitar Collection.pdf",No,0,
Crowded House,Crowded House - The Very Best Of [PVG Book],Books\Crowded House - The Very Best Of [PVG Book].pdf,Yes,7,Crowded House\Crowded House - The Very Best Of [pvg Book]
Crowded House,Crowded House - Together Alone [PVG Book],Books\Crowded House - Together Alone [PVG Book].pdf,Yes,13,Crowded House\Together Alone [pvg Book]
David Crosby,David Crosby - Songbook [Lead Sheets],Books\David Crosby - Songbook [Lead Sheets].pdf,Yes,1,David Crosby\David Crosby - Songbook [lead Sheets]
Dire Straits,Dire Straits -  Brothers In Arms,Books\Dire Straits -  Brothers In Arms.pdf,Yes,1,Dire Straits\Brothers In Arms
Dire Straits,Dire Straits - Best Of Dire Straits [Guitar Tab],Books\Dire Straits - Best Of Dire Straits [Guitar Tab].pdf,Yes,6,Dire Straits\Dire Straits - Best Of Dire Straits [guitar Tab]
Dire Straits,Dire Straits - Jam with Dire Straits [Guitar Book],Books\Dire Straits - Jam with Dire Straits [Guitar Book].pdf,Yes,5,Dire Straits\Dire Straits - Jam With Dire Straits [guitar Book]
Dire Straits,Dire Straits - Mark Knopfler Guitar Styles Vol 1 [Guitar Book],Books\Dire Straits - Mark Knopfler Guitar Styles Vol 1 [Guitar Book].pdf,No,0,
Dire Straits,Dire Straits - Money For Nothing [Guitar Book],Books\Dire Straits - Money For Nothing [Guitar Book].pdf,Yes,1,Dire Straits\Dire Straits - Money For Nothing [guitar Book]
Don Henley,Don Henley - Actual Miles (Greatest Hits),Books\Don Henley - Actual Miles (Greatest Hits).pdf,Yes,3,Don Henley\Don Henley - Actual Miles (greatest Hits)
Don Henley,Don Henley - The End Of The Innocence [PVG Book],Books\Don Henley - The End Of The Innocence [PVG Book].pdf,Yes,5,Don Henley\Don Henley - The End Of The Innocence [pvg Book]
Doobie Brothers,Doobie Brothers - Best Of [Band Score Jap],Books\Doobie Brothers - Best Of [Band Score Jap].pdf,Yes,1,Doobie Brothers\Doobie Brothers - Best Of [band Score Jap]
Doobie Brothers,Doobie Brothers - Songs,Books\Doobie Brothers - Songs.pdf,Yes,4,Doobie Brothers\Doobie Brothers - Songs
Doors,Doors - Anthology,Books\Doors - Anthology.pdf,Yes,7,Doors\Doors - Anthology
Doors,Doors - Songbook,Books\Doors - Songbook.pdf,Yes,2,Doors\Doors - Songbook
Dr John,Dr John - New Orleans Piano Vol 2,Books\Dr John - New Orleans Piano Vol 2.pdf,Yes,3,Dr John\New Orleans Piano Vol 2
Duran Duran,Duran Duran - Best Of [Score],Books\Duran Duran - Best Of [Score].pdf,Yes,1,Duran Duran\Duran Duran - Best Of [score]
Duran Duran,Duran Duran - Decade [PVG Book],Books\Duran Duran - Decade [PVG Book].pdf,Yes,6,Duran Duran\Duran Duran - Decade [pvg Book]
Duran Duran,Duran Duran - Seven & The Ragged Tiger [Jap Band Score],Books\Duran Duran - Seven & The Ragged Tiger [Jap Band Score].pdf,Yes,5,Duran Duran\Duran Duran - Seven & The Ragged Tiger [jap Band Score]
Eagles,Eagles - Greatest Hits (1971-1975),Books\Eagles - Greatest Hits (1971-1975).pdf,Yes,2,Eagles\Eagles - Greatest Hits (1971-1975)
Eagles,Eagles - Greatest Hits,Books\Eagles - Greatest Hits.pdf,Yes,3,Eagles\Eagles - Greatest Hits
Eagles,Eagles - Hotel California (Guitar Songbook),Books\Eagles - Hotel California (Guitar Songbook).pdf,Yes,1,Eagles\Eagles - Hotel California (guitar Songbook)
Eagles,Eagles - Made Easy For Guitar,Books\Eagles - Made Easy For Guitar.pdf,Yes,4,Eagles\Eagles - Made Easy For Guitar
Eagles,Eagles - New Eagles Complete,Books\Eagles - New Eagles Complete.pdf,Yes,27,Eagles\Eagles - New Eagles Complete
Eagles,Eagles - The Best Of The Eagles - Songbook,Books\Eagles - The Best Of The Eagles - Songbook.pdf,Yes,3,Eagles\Eagles - The Best Of The Eagles - Songbook
ELO,ELO - A New World Record,Books\ELO - A New World Record.pdf,Yes,1,Elo\Elo - A New World Record
ELO,ELO - Anthology [PVG],Books\ELO - Anthology [PVG].pdf,Yes,15,Elo\Elo - Anthology [pvg]
ELO,ELO - Discovery [PVG Book],Books\ELO - Discovery [PVG Book].pdf,Yes,7,Elo\Elo - Discovery [pvg Book]
ELO,ELO - Face The Music [PVG Bok],Books\ELO - Face The Music [PVG Bok].pdf,Yes,2,Elo\Face The Music [pvg Bok]
ELO,ELO - Greatest Hits,Books\ELO - Greatest Hits.pdf,Yes,2,Elo\Elo - Greatest Hits
ELO,ELO - Out Of The Blue [Book],Books\ELO - Out Of The Blue [Book].pdf,Yes,1,Elo\Elo - Out Of The Blue [book]
ELO,Elton John - The Elton John Collection [Piano Solos],Books\Elton John - The Elton John Collection [Piano Solos].pdf,Yes,22,Elo\Elton John - The Elton John Collection [piano Solos]
Elton John,Elton John - A Single Man,Books\Elton John - A Single Man.pdf,Yes,6,Elton John\Elton John - A Single Man
Elton John,Elton John - Captain Fantastic,Books\Elton John - Captain Fantastic.pdf,Yes,1,Elton John\Captain Fantastic
Elton John,Elton John - Goodbye Yellow Brick Road,Books\Elton John - Goodbye Yellow Brick Road.pdf,Yes,2,Elton John\Elton John - Goodbye Yellow Brick Road
Elton John,Elton John - Greatest Hits 1970-2002,Books\Elton John - Greatest Hits 1970-2002.pdf,Yes,19,Elton John\Elton John - Greatest Hits 1970-2002
Elton John,Elton John - Ice On Fire,Books\Elton John - Ice On Fire.pdf,Yes,6,Elton John\Elton John - Ice On Fire
Elton John,Elton John - Made In England,Books\Elton John - Made In England.pdf,Yes,7,Elton John\Elton John - Made In England
Elton John,Elton John - Peachtree Road,Books\Elton John - Peachtree Road.pdf,Yes,5,Elton John\Elton John - Peachtree Road
Elton John,Elton John - Reg Strikes Back,Books\Elton John - Reg Strikes Back.pdf,Yes,4,Elton John\Elton John - Reg Strikes Back
Elton John,Elton John - Sleeping With The Past,Books\Elton John - Sleeping With The Past.pdf,Yes,1,Elton John\Elton John - Sleeping With The Past
Elton John,Elton John - Songs From The West Coast,Books\Elton John - Songs From The West Coast.pdf,Yes,2,Elton John\Elton John - Songs From The West Coast
Elton John,Elton John - The Big Picture,Books\Elton John - The Big Picture.pdf,Yes,2,Elton John\Elton John - The Big Picture
Elton John,Elton John - The One,Books\Elton John - The One.pdf,Yes,5,Elton John\Elton John - The One
Elton John,Elton John - The Ultimate Collection Vol. 1,Books\Elton John - The Ultimate Collection Vol. 1.pdf,Yes,19,Elton John\Elton John - The Ultimate Collection Vol. 1
Elton John,Elton John - The Ultimate Collection Vol. 2,Books\Elton John - The Ultimate Collection Vol. 2.pdf,Yes,19,Elton John\Elton John - The Ultimate Collection Vol. 2
Elton John,Elton John - The Very Best Of,Books\Elton John - The Very Best Of.pdf,Yes,1,Elton John\Elton John - The Very Best Of
Elton John,Elton John - Too Low For Zero [Book],Books\Elton John - Too Low For Zero [Book].pdf,Yes,7,Elton John\Elton John - Too Low For Zero [book]
Elvis Costello,Elvis Costello - The Very Best Of,Books\Elvis Costello - The Very Best Of.pdf,Yes,19,Elvis Costello\Elvis Costello - The Very Best Of
Elvis Presley,Elvis Presley - The Compleat [PVG Book],Books\Elvis Presley - The Compleat [PVG Book].pdf,No,0,
Emerson Lake and Palmer,Emerson Lake and Palmer - Black Book,Books\Emerson Lake and Palmer - Black Book.pdf,Yes,1,Emerson Lake And Palmer\Emerson Lake And Palmer - Black Book
Emerson Lake and Palmer,Emerson Lake and Palmer - Greatest Hits,Books\Emerson Lake and Palmer - Greatest Hits.pdf,Yes,5,Emerson Lake And Palmer\Emerson Lake And Palmer - Greatest Hits
Emerson Lake and Palmer,Emerson Lake and Palmer - Tarkus [Book],Books\Emerson Lake and Palmer - Tarkus [Book].pdf,Yes,13,Emerson Lake And Palmer\Tarkus [book]
Emerson Lake and Palmer,Emerson Lake and Palmer - Trilogy [Book],Books\Emerson Lake and Palmer - Trilogy [Book].pdf,Yes,4,Emerson Lake And Palmer\Emerson Lake And Palmer - Trilogy [book]
Eric Clapton,Eric Clapton - Derek and the Dominos [Book],Books\Eric Clapton - Derek and the Dominos [Book].pdf,Yes,10,Eric Clapton\Eric Clapton - Derek And The Dominos [book]
Eric Clapton,Eric Clapton - The Best of Book,Books\Eric Clapton - The Best of Book.pdf,Yes,6,Eric Clapton\Eric Clapton - The Best Of Book
Eric Clapton,Eric Clapton - The Cream of Clapton,Books\Eric Clapton - The Cream of Clapton.pdf,No,0,
Eric Clapton,Eric Clapton - Unplugged [Book],Books\Eric Clapton - Unplugged [Book].pdf,Yes,5,Eric Clapton\Eric Clapton - Unplugged [book]
Fleetwood Mac,Fleetwood Mac - Anthology,Books\Fleetwood Mac - Anthology.pdf,Yes,22,Fleetwood Mac\Fleetwood Mac - Anthology
Fleetwood Mac,Fleetwood Mac - Deluxe Anthology,Books\Fleetwood Mac - Deluxe Anthology.pdf,Yes,4,Fleetwood Mac\Fleetwood Mac - Deluxe Anthology
Fleetwood Mac,Fleetwood Mac - Fleetwood Mac + Heroes Are Hard To Find,Books\Fleetwood Mac - Fleetwood Mac + Heroes Are Hard To Find.pdf,Yes,9,Fleetwood Mac\Fleetwood Mac - Fleetwood Mac + Heroes Are Hard To Find
Fleetwood Mac,Fleetwood Mac - Mirage,Books\Fleetwood Mac - Mirage.pdf,Yes,12,Fleetwood Mac\Mirage
Fleetwood Mac,Fleetwood Mac - Rumours,Books\Fleetwood Mac - Rumours.pdf,Yes,11,Fleetwood Mac\Rumours
Fleetwood Mac,Fleetwood Mac - Tango In The Night,Books\Fleetwood Mac - Tango In The Night.pdf,Yes,3,Fleetwood Mac\Fleetwood Mac - Tango In The Night
Fleetwood Mac,Fleetwood Mac - The Dance,Books\Fleetwood Mac - The Dance.pdf,Yes,5,Fleetwood Mac\Fleetwood Mac - The Dance
Frank Zappa,Frank Zappa - Hot Rats,Books\Frank Zappa - Hot Rats.pdf,No,0,
Frank Zappa,Frank Zappa - Songbook Vol 1,Books\Frank Zappa - Songbook Vol 1.pdf,Yes,4,Frank Zappa\Frank Zappa - Songbook Vol 1
Frank Zappa,Frank Zappa - The Frank Zappa Guitar Book (transcriptions by Steve Vai),Books\Frank Zappa - The Frank Zappa Guitar Book (transcriptions by Steve Vai).pdf,Yes,9,Frank Zappa\Frank Zappa - The Frank Zappa Guitar Book (transcriptions By Steve Vai)
Fray,Fray - How To Save A Life [Book],Books\Fray - How To Save A Life [Book].pdf,Yes,2,Fray\Fray - How To Save A Life [book]
Garth Brooks,Garth Brooks - No Fences [Guitar Tab],Books\Garth Brooks - No Fences [Guitar Tab].pdf,Yes,2,Garth Brooks\Garth Brooks - No Fences [guitar Tab]
Garth Brooks,Garth Brooks - The Hits [Guitar Tab],Books\Garth Brooks - The Hits [Guitar Tab].pdf,Yes,1,Garth Brooks\Garth Brooks - The Hits [guitar Tab]
Garth Brooks,Garth Brooks - The Limited Series,Books\Garth Brooks - The Limited Series.pdf,Yes,13,Garth Brooks\Garth Brooks - The Limited Series
Genesis,Genesis - A Trick Of The Tail [Book],Books\Genesis - A Trick Of The Tail [Book].pdf,Yes,4,Genesis\Genesis - A Trick Of The Tail [book]
Genesis,Genesis - Anthology,Books\Genesis - Anthology.pdf,Yes,16,Genesis\Genesis - Anthology
Genesis,Genesis - Best Of Vol 1,Books\Genesis - Best Of Vol 1.pdf,Yes,7,Genesis\Genesis - Best Of Vol 1
Genesis,Genesis - Invisible Touch [Book],Books\Genesis - Invisible Touch [Book].pdf,Yes,4,Genesis\Genesis - Invisible Touch [book]
Genesis,Genesis - Rock Score,Books\Genesis - Rock Score.pdf,Yes,3,Genesis\Genesis - Rock Score
Genesis,Genesis - Seconds Out,Books\Genesis - Seconds Out.pdf,Yes,6,Genesis\Genesis - Seconds Out
Genesis,Genesis - Selling England by the Pound,Books\Genesis - Selling England by the Pound.pdf,Yes,4,Genesis\Genesis - Selling England By The Pound
George Michael,George Michael - Greatest Hits,Books\George Michael - Greatest Hits.pdf,Yes,10,George Michael\George Michael - Greatest Hits
George Michael,George Michael - Older [Book] ,Books\George Michael - Older [Book] .pdf,Yes,11,George Michael\Older [book]
Grand Funk Railroad,Grand Funk - Closer To Home [PVG Book],Books\Grand Funk - Closer To Home [PVG Book].pdf,Yes,5,Grand Funk Railroad\Grand Funk - Closer To Home [pvg Book]
Grand Funk Railroad,Grand Funk - We're An American Band [PVG Book],Books\Grand Funk - We're An American Band [PVG Book].pdf,Yes,8,Grand Funk Railroad\Grand Funk - We're An American Band [pvg Book]
Grand Funk Railroad,Grand Funk Railroad - Born To Die [PVG Book],Books\Grand Funk Railroad - Born To Die [PVG Book].pdf,Yes,6,Grand Funk Railroad\Grand Funk Railroad - Born To Die [pvg Book]
Grand Funk Railroad,"Grand Funk Railroad - Hits From We're An American Band, Shinin' On, Phoenix [PVG]","Books\Grand Funk Railroad - Hits From We're An American Band, Shinin' On, Phoenix [PVG].pdf",Yes,19,"Grand Funk Railroad\Grand Funk Railroad - Hits From We're An American Band, Shinin' On, Phoenix [pvg]"
Harry Chapin,Harry Chapin - The Authentic Guitar Style Of [Guitar Tab],Books\Harry Chapin - The Authentic Guitar Style Of [Guitar Tab].pdf,Yes,2,Harry Chapin\Harry Chapin - The Authentic Guitar Style Of [guitar Tab]
Henri Mancini,Henry Mancini - A Merry Mancini Christmas,Books\Henry Mancini - A Merry Mancini Christmas.pdf,Yes,13,Henri Mancini\Henry Mancini - A Merry Mancini Christmas
Herman's Hermits,Herman's Hermits -  Collection,Books\Herman's Hermits -  Collection.pdf,Yes,8,Herman's Hermits\Collection
Jackson Browne,Jackson Browne - Deluxe Anthology,Books\Jackson Browne - Deluxe Anthology.pdf,Yes,38,Jackson Browne\Jackson Browne - Deluxe Anthology
James Blunt,James Blunt - All The Lost Souls [Book],Books\James Blunt - All The Lost Souls [Book].pdf,Yes,3,James Blunt\James Blunt - All The Lost Souls [book]
James Blunt,James Blunt - Back to Bedlam [Book],Books\James Blunt - Back to Bedlam [Book].pdf,Yes,1,James Blunt\James Blunt - Back To Bedlam [book]
James Taylor,James Taylor - Classic [Guitar],Books\James Taylor - Classic [Guitar].pdf,Yes,11,James Taylor\James Taylor - Classic [guitar]
James Taylor,James Taylor - Classics (guitar tab),Books\James Taylor - Classics (guitar tab).pdf,Yes,10,James Taylor\James Taylor - Classics (guitar Tab)
James Taylor,James Taylor - Guitar Songbook,Books\James Taylor - Guitar Songbook.pdf,Yes,14,James Taylor\James Taylor - Guitar Songbook
James Taylor,James Taylor - James Taylor Songbook,Books\James Taylor - James Taylor Songbook.pdf,Yes,18,James Taylor\James Taylor - James Taylor Songbook
James Taylor,James Taylor - James Taylor [PVG Book],Books\James Taylor - James Taylor [PVG Book].pdf,Yes,12,James Taylor\James Taylor - James Taylor [pvg Book]
James Taylor,James Taylor - That's Why I'm Here [PVG Book],Books\James Taylor - That's Why I'm Here [PVG Book].pdf,Yes,6,James Taylor\James Taylor - That's Why I'm Here [pvg Book]
Jim Croce,Jim Croce - Acoustic Fingerstyle Video Guitar Lessons,Books\Jim Croce - Acoustic Fingerstyle Video Guitar Lessons.pdf,Yes,1,Jim Croce\Jim Croce - Acoustic Fingerstyle Video Guitar Lessons
Jimmy Buffet,Jimmy Buffett - Barometer Soup [PVG Book],Books\Jimmy Buffett - Barometer Soup [PVG Book].pdf,Yes,9,Jimmy Buffet\Jimmy Buffett - Barometer Soup [pvg Book]
Jimmy Buffet,Jimmy Buffett - Fruitcakes [PVG Book],Books\Jimmy Buffett - Fruitcakes [PVG Book].pdf,Yes,9,Jimmy Buffet\Jimmy Buffett - Fruitcakes [pvg Book]
Joe Cocker,Joe Cocker - Best Of,Books\Joe Cocker - Best Of.pdf,Yes,16,Joe Cocker\Best Of
Joe Cocker,Joe Cocker - Mad Dogs And Englishmen [Book],Books\Joe Cocker - Mad Dogs And Englishmen [Book].pdf,Yes,16,Joe Cocker\Mad Dogs And Englishmen [book]
Joe Cocker,Joe Cocker - Songbook,Books\Joe Cocker - Songbook.pdf,Yes,1,Joe Cocker\Songbook
John Denver,John Denver - Anthology [PVG],Books\John Denver - Anthology [PVG].pdf,Yes,15,John Denver\John Denver - Anthology [pvg]
John Denver,John Denver - Anthology,Books\John Denver - Anthology.pdf,Yes,19,John Denver\John Denver - Anthology
John Denver,John Denver - Back Home Again,Books\John Denver - Back Home Again.pdf,No,0,
John Denver,John Denver - Best Of [Easy Piano],Books\John Denver - Best Of [Easy Piano].pdf,Yes,6,John Denver\John Denver - Best Of [easy Piano]
John Denver,John Denver - I Want To Live [PVG Book],Books\John Denver - I Want To Live [PVG Book].pdf,Yes,5,John Denver\John Denver - I Want To Live [pvg Book]
John Denver,John Denver - The Authentic Guitar Style Of.,Books\John Denver - The Authentic Guitar Style Of..pdf,Yes,5,John Denver\John Denver - The Authentic Guitar Style Of
John Lennon,John Lennon - Collection,Books\John Lennon - Collection.pdf,Yes,3,John Lennon\Collection
John Lennon,John Lennon - Greatest Hits,Books\John Lennon - Greatest Hits.pdf,Yes,15,John Lennon\Greatest Hits
Joni Mitchell,Joni Mitchell - The Best Of [PVG],Books\Joni Mitchell - The Best Of [PVG].pdf,Yes,10,Joni Mitchell\The Best Of [pvg]
Joni Mitchell,Joni Mitchell Songbook Complete Vol1 1966-1970,Books\Joni Mitchell Songbook Complete Vol1 1966-1970.pdf,Yes,28,Joni Mitchell\Joni Mitchell Songbook Complete Vol1 1966-1970
Journey,Journey - Complete Songbook,Books\Journey - Complete Songbook.pdf,Yes,24,Journey\Journey - Complete Songbook
Journey,Journey - Complete,Books\Journey - Complete.pdf,Yes,24,Journey\Journey - Complete
Journey,Journey - Frontiers [Jap Band Score],Books\Journey - Frontiers [Jap Band Score].pdf,Yes,1,Journey\Frontiers [jap Band Score]
Journey,Journey - Greatest Hits (Book),Books\Journey - Greatest Hits (Book).pdf,Yes,4,Journey\Journey - Greatest Hits (book)
Journey,Journey - Greatest Hits,Books\Journey - Greatest Hits.pdf,Yes,6,Journey\Greatest Hits
Journey,Journey - Superbest [Jap Band Score],Books\Journey - Superbest [Jap Band Score].pdf,Yes,1,Journey\Journey - Superbest [jap Band Score]
Journey,Journey - The Guitar Collection,Books\Journey - The Guitar Collection.pdf,Yes,16,Journey\The Guitar Collection
Judy Garland,Judy Garland - Songbook,Books\Judy Garland - Songbook.pdf,Yes,13,Judy Garland\Songbook
Katy Perry,Katy Perry - One Of The Boys [PVG Book],Books\Katy Perry - One Of The Boys [PVG Book].pdf,Yes,6,Katy Perry\Katy Perry - One Of The Boys [pvg Book]
Kelly Clarkson,Kelly Clarkson - Breakaway (Book),Books\Kelly Clarkson - Breakaway (Book).pdf,Yes,4,Kelly Clarkson\Kelly Clarkson - Breakaway (book)
Kenny Rogers,Kenny Rogers - Love or Something Like It [Book],Books\Kenny Rogers - Love or Something Like It [Book].pdf,Yes,10,Kenny Rogers\Love Or Something Like It [book]
Kinks,Kinks - Best Of The Kinks [Score],Books\Kinks - Best Of The Kinks [Score].pdf,Yes,12,Kinks\Best Of The Kinks [score]
Kinks,Kinks - Best Of [Score],Books\Kinks - Best Of [Score].pdf,Yes,9,Kinks\Kinks - Best Of [score]
Kinks,Kinks - Great Songs of Kinks,Books\Kinks - Great Songs of Kinks.pdf,Yes,5,Kinks\Kinks - Great Songs Of Kinks
Kinks,Kinks - Guitar Legends [Guitar],Books\Kinks - Guitar Legends [Guitar].pdf,Yes,9,Kinks\Guitar Legends [guitar]
Kinks,Kinks - Guitar Legends [Tab],Books\Kinks - Guitar Legends [Tab].pdf,Yes,9,Kinks\Guitar Legends [tab]
Kinks,Kinks - Jam With The Kinks [Tab],Books\Kinks - Jam With The Kinks [Tab].pdf,Yes,8,Kinks\Jam With The Kinks [tab]
Led Zepplin,Led Zeppelin - Led Zeppelin II,Books\Led Zeppelin - Led Zeppelin II.pdf,Yes,1,Led Zepplin\Led Zeppelin - Led Zeppelin Ii
Led Zepplin,Led Zeppelin - Over The Hills And Far Away [PVG],Books\Led Zeppelin - Over The Hills And Far Away [PVG].pdf,Yes,1,Led Zepplin\Led Zeppelin - Over The Hills And Far Away [pvg]
Lynyrd Skynyrd,Lynyrd Skynyrd - The New Best Of [Guitar Tab],Books\Lynyrd Skynyrd - The New Best Of [Guitar Tab].pdf,Yes,6,Lynyrd Skynyrd\Lynyrd Skynyrd - The New Best Of [guitar Tab]
Mamas and the Papas,Mamas and The Papas - Songbook [PVG],Books\Mamas and The Papas - Songbook [PVG].pdf,No,0,
MeatLoaf,MeatLoaf - Bat Out Of Hell,Books\MeatLoaf - Bat Out Of Hell.pdf,Yes,2,Meatloaf\Meatloaf - Bat Out Of Hell
Melissa Etheridge,Melissa Etheridge - Songbook,Books\Melissa Etheridge - Songbook.pdf,Yes,10,Melissa Etheridge\Songbook
Michael Jackson,Michael Jackson - Great Songs Of [PVG],Books\Michael Jackson - Great Songs Of [PVG].pdf,Yes,3,Michael Jackson\Michael Jackson - Great Songs Of [pvg]
Michael Jackson,Michael Jackson - Number Ones [Book],Books\Michael Jackson - Number Ones [Book].pdf,Yes,8,Michael Jackson\Michael Jackson - Number Ones
Michael Jackson,Michael Jackson - Number Ones,Books\Michael Jackson - Number Ones.pdf,Yes,8,Michael Jackson\Michael Jackson - Number Ones
Michael Jackson,Michael Jackson - The Great Songs Of,Books\Michael Jackson - The Great Songs Of.pdf,Yes,5,Michael Jackson\Michael Jackson - The Great Songs Of
Michael Jackson,Michael Jackson - Thriller (The Complete Song Book),Books\Michael Jackson - Thriller (The Complete Song Book).pdf,Yes,10,Michael Jackson\Thriller (the Complete Song Book)
Monkees,Monkees - Greatest Hits,Books\Monkees - Greatest Hits.pdf,Yes,11,Monkees\Greatest Hits
Moody Blues,Moody Blues - Greatest Hits [PVG],Books\Moody Blues - Greatest Hits [PVG].pdf,Yes,11,Moody Blues\Greatest Hits [pvg]
Moody Blues,Moody Blues - Keys Of Kingdom [Band Score],Books\Moody Blues - Keys Of Kingdom [Band Score].pdf,Yes,12,Moody Blues\Keys Of Kingdom [band Score]
Neil Diamond,Neil Diamond - The Essential Neil Diamond,Books\Neil Diamond - The Essential Neil Diamond.pdf,Yes,15,Neil Diamond\Neil Diamond - The Essential Neil Diamond
Neil Young,Neil Young - After the Goldrush [PVG Book],Books\Neil Young - After the Goldrush [PVG Book].pdf,Yes,4,Neil Young\Neil Young - After The Goldrush [pvg Book]
Neil Young,Neil Young - Decade [PVG Book] ,Books\Neil Young - Decade [PVG Book] .pdf,Yes,22,Neil Young\Decade
Neil Young,Neil Young - Decade,Books\Neil Young - Decade.pdf,Yes,22,Neil Young\Decade
Neil Young,Neil Young - Greatest Hits [Guitar Tab],Books\Neil Young - Greatest Hits [Guitar Tab].pdf,Yes,8,Neil Young\Neil Young - Greatest Hits [guitar Tab]
Neil Young,Neil Young - Harvest Moon [Guitar Tab],Books\Neil Young - Harvest Moon [Guitar Tab].pdf,Yes,10,Neil Young\Harvest Moon [guitar Tab]
Neil Young,Neil Young - Harvest [Score],Books\Neil Young - Harvest [Score].pdf,Yes,10,Neil Young\Harvest [score]
Neil Young,Neil Young - The Best Of Neil Young [PVG Book],Books\Neil Young - The Best Of Neil Young [PVG Book].pdf,Yes,3,Neil Young\Neil Young - The Best Of Neil Young [pvg Book]
Night Ranger,Night Ranger - Best Of 2 [Jap Score],Books\Night Ranger - Best Of 2 [Jap Score].pdf,No,0,
Night Ranger,Night Ranger - Seven Wishes [Jap Score],Books\Night Ranger - Seven Wishes [Jap Score].pdf,Yes,10,Night Ranger\Seven Wishes [jap Score]
Paul McCartney,Paul McCartney - All The Best,Books\Paul McCartney - All The Best.pdf,Yes,22,Paul Mccartney\All The Best
Paul McCartney,Paul McCartney - Chaos And Creation In The Backyard [PVG Book],Books\Paul McCartney - Chaos And Creation In The Backyard [PVG Book].pdf,Yes,7,Paul Mccartney\Paul Mccartney - Chaos And Creation In The Backyard [pvg Book]
Paul McCartney,Paul McCartney - Flowers In The Dirt,Books\Paul McCartney - Flowers In The Dirt.pdf,Yes,5,Paul Mccartney\Paul Mccartney - Flowers In The Dirt
Paul McCartney,Paul McCartney - Press To Play,Books\Paul McCartney - Press To Play.pdf,Yes,14,Paul Mccartney\Press To Play
Paul McCartney,Paul McCartney - Ram,Books\Paul McCartney - Ram.pdf,Yes,10,Paul Mccartney\Ram
Paul McCartney,Paul McCartney - Tripping The Live Fantastic [PVG Book],Books\Paul McCartney - Tripping The Live Fantastic [PVG Book].pdf,Yes,38,Paul Mccartney\Tripping The Live Fantastic [pvg Book]
Paul McCartney,Paul McCartney - Tug Of War [PVG Book],Books\Paul McCartney - Tug Of War [PVG Book].pdf,Yes,11,Paul Mccartney\Tug Of War [pvg Book]
Paul Simon,Paul Simon - Anthology,Books\Paul Simon - Anthology.pdf,Yes,49,Paul Simon\Anthology
Paul Simon,Simon & Garfunkel's Greatest Hits,Books\Simon & Garfunkel's Greatest Hits.pdf,Yes,14,Paul Simon\Simon & Garfunkel's Greatest Hits
Peter Frampton,Peter Frampton - The Best Of [Guitar Tab],Books\Peter Frampton - The Best Of [Guitar Tab].pdf,Yes,11,Peter Frampton\The Best Of [guitar Tab]
Pink,Pink - Funhouse [PVG],Books\Pink - Funhouse [PVG].pdf,Yes,1,Pink\Funhouse [pvg]
Pink,Pink - I'm Not Dead [PVG Book],Books\Pink - I'm Not Dead [PVG Book].pdf,Yes,10,Pink\I'm Not Dead [pvg Book]
Pink,Pink - Missundaztood [PVG Book],Books\Pink - Missundaztood [PVG Book].pdf,Yes,1,Pink\Missundaztood [pvg Book]
Pink Floyd,Pink Floyd - Anthology (book),Books\Pink Floyd - Anthology (book).pdf,Yes,38,Pink Floyd\Anthology (book)
Pink Floyd,Pink Floyd - Anthology - p110-175,Books\Pink Floyd - Anthology - p110-175.pdf,Yes,1,Pink Floyd\Anthology - P110-175
Pink Floyd,Pink Floyd - Anthology - p58-109,Books\Pink Floyd - Anthology - p58-109.pdf,Yes,1,Pink Floyd\Anthology - P58-109
Pink Floyd,Pink Floyd - Anthology [PVG],Books\Pink Floyd - Anthology [PVG].pdf,Yes,38,Pink Floyd\Anthology [pvg]
Pink Floyd,Pink Floyd - Dark Side of the Moon (2),Books\Pink Floyd - Dark Side of the Moon (2).pdf,Yes,1,Pink Floyd\Dark Side Of The Moon
Pink Floyd,Pink Floyd - Dark Side of the Moon [PVG],Books\Pink Floyd - Dark Side of the Moon [PVG].pdf,Yes,1,Pink Floyd\Dark Side Of The Moon
Pink Floyd,Pink Floyd - Dark Side Of The Moon,Books\Pink Floyd - Dark Side Of The Moon.pdf,Yes,1,Pink Floyd\Dark Side Of The Moon
Pink Floyd,Pink Floyd - Pink Floyd Songbook,Books\Pink Floyd - Pink Floyd Songbook.pdf,Yes,10,Pink Floyd\Pink Floyd Songbook
Pink Floyd,Pink Floyd - The Wall [PVG],Books\Pink Floyd - The Wall [PVG].pdf,Yes,23,Pink Floyd\The Wall [pvg]
Pink Floyd,Pink Floyd - Wish You Were Here [PVG],Books\Pink Floyd - Wish You Were Here [PVG].pdf,Yes,11,Pink Floyd\Wish You Were Here
Pink Floyd,Pink Floyd - Wish You Were Here,Books\Pink Floyd - Wish You Were Here.pdf,Yes,11,Pink Floyd\Wish You Were Here
Police,Police - The Great Songs of The Police,Books\Police - The Great Songs of The Police.pdf,Yes,12,Police\The Great Songs Of The Police
Pretenders,Pretenders - Best of Pretenders,Books\Pretenders - Best of Pretenders.pdf,Yes,16,Pretenders\Best Of Pretenders
Prince,Prince - Purple Rain [Score],Books\Prince - Purple Rain [Score].pdf,Yes,1,Prince\Purple Rain [score]
Queen,Queen - Deluxe Anthology [PVG],Books\Queen - Deluxe Anthology [PVG].pdf,Yes,1,Queen\Deluxe Anthology [pvg]
Queen,Queen - Greatest Hits 1 [Score],Books\Queen - Greatest Hits 1 [Score].pdf,Yes,1,Queen\Greatest Hits
Queen,Queen - Greatest Hits II [PVG],Books\Queen - Greatest Hits II [PVG].pdf,Yes,1,Queen\Greatest Hits
Queen,Queen - Greatest Hits,Books\Queen - Greatest Hits.pdf,Yes,1,Queen\Greatest Hits
Queen,Queen - Hit Songs,Books\Queen - Hit Songs.pdf,Yes,22,Queen\Hit Songs
Randy Newman,Randy Newman - Collection,Books\Randy Newman - Collection.pdf,Yes,1,Randy Newman\Collection
REO Speedwagon,REO Speedwagon - Good Trouble,Books\REO Speedwagon - Good Trouble.pdf,Yes,1,Reo Speedwagon\Good Trouble
REO Speedwagon,REO Speedwagon - Hi Infidelity,Books\REO Speedwagon - Hi Infidelity.pdf,Yes,1,Reo Speedwagon\Hi Infidelity
REO Speedwagon,REO Speedwagon - Life As We Know It,Books\REO Speedwagon - Life As We Know It.pdf,No,0,
REO Speedwagon,REO Speedwagon - The Hits,Books\REO Speedwagon - The Hits.pdf,Yes,12,Reo Speedwagon\The Hits
Robbie Robertson,Robbie Robertson - Songbook [Guitar Tab],Books\Robbie Robertson - Songbook [Guitar Tab].pdf,No,0,
Rod Stewart,Rod Stewart - The Great American Songbook,Books\Rod Stewart - The Great American Songbook.pdf,Yes,16,Rod Stewart\The Great American Songbook
Rolling Stones,Rolling Stones - Best Of Rolling Stones 1963-1973 Piano Songbook,Books\Rolling Stones - Best Of Rolling Stones 1963-1973 Piano Songbook.pdf,Yes,20,Rolling Stones\Best Of Rolling Stones 1963-1973 Piano Songbook
Rolling Stones,Rolling Stones - Let It Bleed [Guitar Tab],Books\Rolling Stones - Let It Bleed [Guitar Tab].pdf,Yes,9,Rolling Stones\Let It Bleed [guitar Tab]
Rolling Stones,Rolling Stones - Sticky Fingers [Score],Books\Rolling Stones - Sticky Fingers [Score].pdf,Yes,10,Rolling Stones\Sticky Fingers [score]
Roy Orbison,Roy Orbison - Greatest Hits,Books\Roy Orbison - Greatest Hits.pdf,Yes,19,Roy Orbison\Greatest Hits
Santana,Santana - Off The Record,Books\Santana - Off The Record.pdf,Yes,8,Santana\Off The Record
Scott Joplin,Scott Joplin - The Best Of,Books\Scott Joplin - The Best Of.pdf,Yes,17,Scott Joplin\The Best Of
Shania Twain,Shania Twain - Greatest Hits,Books\Shania Twain - Greatest Hits.pdf,Yes,21,Shania Twain\Greatest Hits
Shania Twain,Shania Twain - Up! [PVG Book],Books\Shania Twain - Up! [PVG Book].pdf,Yes,20,Shania Twain\Up! [pvg Book]
Sheryl Crow,Sheryl Crow - Tuesday Night Music Club [PVG Book],Books\Sheryl Crow - Tuesday Night Music Club [PVG Book].pdf,Yes,11,Sheryl Crow\Tuesday Night Music Club [pvg Book]
Sheryl Crow,Sheryl Crow - Very Best,Books\Sheryl Crow - Very Best.pdf,Yes,17,Sheryl Crow\Very Best
Spice Girls,Spice Girls - Greatest Hits,Books\Spice Girls - Greatest Hits.pdf,Yes,11,Spice Girls\Greatest Hits
Steely Dan,Steely Dan - The Best,Books\Steely Dan - The Best.pdf,No,0,
Steve Miller Band,Steve Miller Band - 13 Biggest Hits,Books\Steve Miller Band - 13 Biggest Hits.pdf,Yes,13,Steve Miller Band\13 Biggest Hits
Steve Miller Band,Steve Miller Band - Rock Best Hits [Jap Score],Books\Steve Miller Band - Rock Best Hits [Jap Score].pdf,Yes,8,Steve Miller Band\Rock Best Hits [jap Score]
Steve Winwood,Steve Winwood - Arc Of A Diver [PVG Book],Books\Steve Winwood - Arc Of A Diver [PVG Book].pdf,Yes,7,Steve Winwood\Arc Of A Diver [pvg Book]
Steve Winwood,Steve Winwood - The Great Songs Of,Books\Steve Winwood - The Great Songs Of.pdf,Yes,8,Steve Winwood\The Great Songs Of
Supertramp,Supertramp - Anthology,Books\Supertramp - Anthology.pdf,Yes,2,Supertramp\Anthology
Supertramp,Supertramp - Breakfast in America [PVG Book],Books\Supertramp - Breakfast in America [PVG Book].pdf,Yes,10,Supertramp\Breakfast In America [pvg Book]
Supertramp,Supertramp - Crime of the Century [Book],Books\Supertramp - Crime of the Century [Book].pdf,Yes,8,Supertramp\Crime Of The Century [book]
Survivor,Survivor - Greatest Hits,Books\Survivor - Greatest Hits.pdf,Yes,10,Survivor\Greatest Hits
Taylor Swift,Taylor Swift  - Best Of [Easy Piano],Books\Taylor Swift  - Best Of [Easy Piano].pdf,Yes,12,Taylor Swift\Best Of [easy Piano]
Taylor Swift,Taylor Swift - Fearless [PVG Book],Books\Taylor Swift - Fearless [PVG Book].pdf,Yes,16,Taylor Swift\Fearless [pvg Book]
Taylor Swift,Taylor Swift - Speak Now [PVG Book],Books\Taylor Swift - Speak Now [PVG Book].pdf,Yes,14,Taylor Swift\Speak Now [pvg Book]
Taylor Swift,Taylor Swift - Taylor Swift [Guitar Compilation],Books\Taylor Swift - Taylor Swift [Guitar Compilation].pdf,Yes,11,Taylor Swift\Taylor Swift
Taylor Swift,Taylor Swift - Taylor Swift,Books\Taylor Swift - Taylor Swift.pdf,Yes,11,Taylor Swift\Taylor Swift
The Band,Band - Northern Lights Southern Cross [PVG],Books\Band - Northern Lights Southern Cross [PVG].pdf,Yes,8,The Band\Band - Northern Lights Southern Cross [pvg]
The Band,Band - Stage Fright [PVG],Books\Band - Stage Fright [PVG].pdf,Yes,9,The Band\Band - Stage Fright [pvg]
The Band,The Band - Rock Of Ages [PVG Book],Books\The Band - Rock Of Ages [PVG Book].pdf,Yes,8,The Band\Rock Of Ages [pvg Book]
The Band,The Band - The Band  and Music From Big Pink,Books\The Band - The Band  and Music From Big Pink.pdf,No,0,
Tom Lehrer,Tom Lehrer - Book Covers,Books\Tom Lehrer - Book Covers.pdf,No,0,
Tom Lehrer,Tom Lehrer - Too Many Songs [PVC Book],Books\Tom Lehrer - Too Many Songs [PVC Book].pdf,No,0,
Tom Waits,Tom Waits - Anthology,Books\Tom Waits - Anthology.pdf,Yes,29,Tom Waits\Anthology
Tom Waits,Tom Waits - Tom Waits Anthology,Books\Tom Waits - Tom Waits Anthology.pdf,Yes,29,Tom Waits\Anthology
Tori Amos,Tori Amos - [Book] Anthology,Books\Tori Amos - [Book] Anthology.pdf,Yes,25,Tori Amos\[book] Anthology
Toto,Toto - Best of,Books\Toto - Best of.pdf,Yes,5,Toto\Best Of
Toto,Toto - Collection,Books\Toto - Collection.pdf,Yes,13,Toto\Collection
Toto,Toto - Past To Present [Book],Books\Toto - Past To Present [Book].pdf,Yes,13,Toto\Past To Present [book]
Traveling Wilburys,Traveling Wilburys - Volume 1,Books\Traveling Wilburys - Volume 1.pdf,Yes,1,Traveling Wilburys\Volume 1
Van Morrison,Van Morrison - Anthology (2),Books\Van Morrison - Anthology (2).pdf,Yes,25,Van Morrison\Anthology
Van Morrison,Van Morrison - Anthology,Books\Van Morrison - Anthology.pdf,Yes,25,Van Morrison\Anthology
Van Morrison,Van Morrison - Back On Top [Book],Books\Van Morrison - Back On Top [Book].pdf,Yes,10,Van Morrison\Back On Top [book]
Van Morrison,Van Morrison - Days Like These (Book),Books\Van Morrison - Days Like These (Book).pdf,Yes,2,Van Morrison\Days Like These (book)
Various Artists,Various Artists - 100 Songs For Kids - (Easy Guitar Songbook),Books\Various Artists - 100 Songs For Kids - (Easy Guitar Songbook).pdf,Yes,98,Various Artists\100 Songs For Kids - (easy Guitar Songbook)
Various Artists,Various Artists - 50 Platinum Country Hits,Books\Various Artists - 50 Platinum Country Hits.pdf,Yes,50,Various Artists\50 Platinum Country Hits
Various Artists,Various Artists - 50's and 60's,Books\Various Artists - 50's and 60's.pdf,Yes,1,Various Artists\50's And 60's
Various Artists,Various Artists - 557 Standards (Sheet Music - Piano)(2),Books\Various Artists - 557 Standards (Sheet Music - Piano)(2).pdf,Yes,345,Various Artists\557 Standards (sheet Music - Piano)(2)
Various Artists,Various Artists - 62 Stars 62 Hits [60's Compilation],Books\Various Artists - 62 Stars 62 Hits [60's Compilation].pdf,Yes,55,Various Artists\62 Stars 62 Hits [60's Compilation]
Various Artists,Various Artists - 70's Collection -   (57pp),Books\Various Artists - 70's Collection -   (57pp).pdf,No,0,
Various Artists,Various Artists - 70's Hits [Easy Piano],Books\Various Artists - 70's Hits [Easy Piano].pdf,Yes,20,Various Artists\70's Hits [easy Piano]
Various Artists,Various Artists - Adult Contemporary Hits Of The Nineties,Books\Various Artists - Adult Contemporary Hits Of The Nineties.pdf,Yes,30,Various Artists\Adult Contemporary Hits Of The Nineties
Various Artists,Various Artists - All Time Best Collection Vol 3,Books\Various Artists - All Time Best Collection Vol 3.pdf,Yes,18,Various Artists\All Time Best Collection Vol 3
Various Artists,Various Artists - Best in Country Sheet Music,Books\Various Artists - Best in Country Sheet Music.pdf,Yes,26,Various Artists\Best In Country Sheet Music
Various Artists,Various Artists - Best Of 80s Rock [PVG],Books\Various Artists - Best Of 80s Rock [PVG].pdf,Yes,29,Various Artists\Best Of 80s Rock [pvg]
Various Artists,Various Artists - Best Of The 70s & 80s [Solo Piano],Books\Various Artists - Best Of The 70s & 80s [Solo Piano].pdf,Yes,17,Various Artists\Best Of The 70s & 80s [solo Piano]
Various Artists,Various Artists - Best Rock Songs 2000-2005,Books\Various Artists - Best Rock Songs 2000-2005.pdf,Yes,18,Various Artists\Best Rock Songs 2000-2005
Various Artists,Various Artists - Biggest Pop Hits 1996-1997,Books\Various Artists - Biggest Pop Hits 1996-1997.pdf,Yes,26,Various Artists\Biggest Pop Hits 1996-1997
Various Artists,Various Artists - Chart Hits 01-02,Books\Various Artists - Chart Hits 01-02.pdf,Yes,1,Various Artists\Chart Hits 01-02
Various Artists,Various Artists - Chart Hits 04-05,Books\Various Artists - Chart Hits 04-05.pdf,Yes,19,Various Artists\Chart Hits 04-05
Various Artists,Various Artists - Chart Hits 98-99,Books\Various Artists - Chart Hits 98-99.pdf,Yes,26,Various Artists\Chart Hits 98-99
Various Artists,Various Artists - Classic Rock - 73 songs,Books\Various Artists - Classic Rock - 73 songs.pdf,Yes,73,Various Artists\Classic Rock - 73 Songs
Various Artists,Various Artists - Collection Of Country Music,Books\Various Artists - Collection Of Country Music.pdf,Yes,72,Various Artists\Collection Of Country Music
Various Artists,Various Artists - Complete Piano Player Easy Blues (22 songs),Books\Various Artists - Complete Piano Player Easy Blues (22 songs).pdf,Yes,21,Various Artists\Complete Piano Player Easy Blues (22 Songs)
Various Artists,Various Artists - Country Classics [PVG],Books\Various Artists - Country Classics [PVG].pdf,Yes,49,Various Artists\Country Classics [pvg]
Various Artists,Various Artists - Even More Songs Of The Eighties [PVG],Books\Various Artists - Even More Songs Of The Eighties [PVG].pdf,Yes,39,Various Artists\Even More Songs Of The Eighties [pvg]
Various Artists,Various Artists - Golden Era of Rock and Roll (grab it!),Books\Various Artists - Golden Era of Rock and Roll (grab it!).pdf,Yes,99,Various Artists\Golden Era Of Rock And Roll (grab It!)
Various Artists,Various Artists - Great Bands Of The 60s [PVG Book],Books\Various Artists - Great Bands Of The 60s [PVG Book].pdf,Yes,25,Various Artists\Great Bands Of The 60s [pvg Book]
Various Artists,Various Artists - Great Bands Of The 70s [PVG Book],Books\Various Artists - Great Bands Of The 70s [PVG Book].pdf,Yes,21,Various Artists\Great Bands Of The 70s
Various Artists,Various Artists - Great Big Book of Children's Songs,Books\Various Artists - Great Big Book of Children's Songs.pdf,Yes,73,Various Artists\Great Big Book Of Children's Songs
Various Artists,Various Artists - Great Country Collection,Books\Various Artists - Great Country Collection.pdf,Yes,14,Various Artists\Great Country Collection
Various Artists,Various Artists - Great Songs Of The 70s [Guitar Tab],Books\Various Artists - Great Songs Of The 70s [Guitar Tab].pdf,Yes,30,Various Artists\Great Songs Of The 70s [guitar Tab]
Various Artists,Various Artists - Greatest Hits Of 2004-2005,Books\Various Artists - Greatest Hits Of 2004-2005.pdf,Yes,59,Various Artists\Greatest Hits Of 2004-2005
Various Artists,Various Artists - Greatest Love Songs Of 80s,Books\Various Artists - Greatest Love Songs Of 80s.pdf,Yes,25,Various Artists\Greatest Love Songs Of 80s
Various Artists,Various Artists - Greatest Love Songs Of The 60s,Books\Various Artists - Greatest Love Songs Of The 60s.pdf,Yes,25,Various Artists\Greatest Love Songs Of The 60s
Various Artists,Various Artists - Greatest Love Songs Of The 70s,Books\Various Artists - Greatest Love Songs Of The 70s.pdf,Yes,26,Various Artists\Greatest Love Songs Of The 70s
Various Artists,Various Artists - Greatest Love Songs Of The 80s,Books\Various Artists - Greatest Love Songs Of The 80s.pdf,Yes,25,Various Artists\Greatest Love Songs Of The 80s
Various Artists,Various Artists - Heavy Metal Vol. III,Books\Various Artists - Heavy Metal Vol. III.pdf,Yes,13,Various Artists\Heavy Metal Vol. Iii
Various Artists,Various Artists - Heavy Rock Hits Of The 80s [PVG],Books\Various Artists - Heavy Rock Hits Of The 80s [PVG].pdf,Yes,20,Various Artists\Heavy Rock Hits Of The 80s [pvg]
Various Artists,Various Artists - History Of Rock - Late 80s,Books\Various Artists - History Of Rock - Late 80s.pdf,Yes,43,Various Artists\History Of Rock - Late 80s
Various Artists,Various Artists - More Songs Of The Eighties [PVG],Books\Various Artists - More Songs Of The Eighties [PVG].pdf,Yes,42,Various Artists\More Songs Of The Eighties [pvg]
Various Artists,Various Artists - Music For The Millenium - The Seventies,Books\Various Artists - Music For The Millenium - The Seventies.pdf,Yes,17,Various Artists\Music For The Millenium - The Seventies
Various Artists,Various Artists - Music For The Millennium The Seventies,Books\Various Artists - Music For The Millennium The Seventies.pdf,Yes,17,Various Artists\Music For The Millennium The Seventies
Various Artists,Various Artists - Oldies But Goodies,Books\Various Artists - Oldies But Goodies.pdf,Yes,40,Various Artists\Oldies But Goodies
Various Artists,Various Artists - Popular Piano Solos,Books\Various Artists - Popular Piano Solos.pdf,Yes,11,Various Artists\Popular Piano Solos
Various Artists,Various Artists - Songs Of The 60s [PVG],Books\Various Artists - Songs Of The 60s [PVG].pdf,Yes,60,Various Artists\Songs Of The 60s [pvg]
Various Artists,Various Artists - The 1980s,Books\Various Artists - The 1980s.pdf,Yes,30,Various Artists\The 1980s
Various Artists,Various Artists - The 60s and 70s Rock Score,Books\Various Artists - The 60s and 70s Rock Score.pdf,Yes,9,Various Artists\The 60s And 70s Rock Score
Various Artists,Various Artists - The Best Children's Songs Ever (Easy Piano),Books\Various Artists - The Best Children's Songs Ever (Easy Piano).pdf,Yes,103,Various Artists\The Best Children's Songs Ever (easy Piano)
Various Artists,Various Artists - The Decade Series - The 1980s,Books\Various Artists - The Decade Series - The 1980s.pdf,Yes,30,Various Artists\The 1980s
Various Artists,Various Artists - The Greatest Love Songs of the 80s,Books\Various Artists - The Greatest Love Songs of the 80s.pdf,Yes,25,Various Artists\Greatest Love Songs Of The 80s
Various Artists,Various Artists - Ultimate 100 Pop Hits Of The 90s,Books\Various Artists - Ultimate 100 Pop Hits Of The 90s.pdf,Yes,101,Various Artists\Ultimate 100 Pop Hits Of The 90s
Various Artists,Various Artists - Ultimate 80s Songs,Books\Various Artists - Ultimate 80s Songs.pdf,No,0,
Various Artists,Various Artists - Ultimate Pop Sheet Music Collection 2000,Books\Various Artists - Ultimate Pop Sheet Music Collection 2000.pdf,Yes,84,Various Artists\Ultimate Pop Sheet Music Collection 2000
Vince Guaraldi,Vince Guaraldi - Peanuts Songbook,Books\Vince Guaraldi - Peanuts Songbook.pdf,Yes,28,Vince Guaraldi\Peanuts Songbook
Vince Guaraldi,Vince Guaraldi - The Vince Guaraldi Collection,Books\Vince Guaraldi - The Vince Guaraldi Collection.pdf,Yes,9,Vince Guaraldi\The Vince Guaraldi Collection
Whitney Houston,Whitney Houston - The Best Of,Books\Whitney Houston - The Best Of.pdf,Yes,10,Whitney Houston\The Best Of
Who,Who - Quadrophenia (PVG),Books\Who - Quadrophenia (PVG).pdf,No,0,
Who,Who - Who Anthology-(0001),Books\Who - Who Anthology-(0001).pdf,Yes,44,Who\Who Anthology
Who,Who - Who Anthology,Books\Who - Who Anthology.pdf,Yes,44,Who\Who Anthology
Wings,Wings - Greatest Hits,Books\Wings - Greatest Hits.pdf,No,0,
Wings,Wings - London Town (PVG Book),Books\Wings - London Town (PVG Book).pdf,No,0,
Wings,Wings - Over America [PVG],Books\Wings - Over America [PVG].pdf,No,0,
Yes,Yes - Complete Deluxe Edition,Books\Yes - Complete Deluxe Edition.pdf,Yes,29,Yes\Complete Deluxe Edition
ZZ Top,ZZ Top- Greatest Hits (2),Books\ZZ Top- Greatest Hits (2).pdf,Yes,21,Zz Top\Greatest Hits
ZZ Top,ZZ Top- Greatest Hits,Books\ZZ Top- Greatest Hits.pdf,Yes,21,Zz Top\Greatest Hits
