"Artist","BookName","SourcePath","HasProcessed","ProcessedFolder","SongCount"
"ACDC","ACDC - Anthology","C:\Work\AWSMusic\SheetMusic\ACDC\books\ACDC - Anthology.pdf","True","Anthology","3"
"Adele","Adele - 19 [PVG Book]","C:\Work\AWSMusic\SheetMusic\Adele\books\Adele - 19 [PVG Book].pdf","True","19 [pvg Book]","0"
"Aerosmith","Aerosmith - Greatest Hits (Songbook)","C:\Work\AWSMusic\SheetMusic\Aerosmith\books\Aerosmith - Greatest Hits (Songbook).pdf","True","Greatest Hits (songbook)","15"
"Allman Brothers","Allman Brothers - Allman Brothers Band [PVG]","C:\Work\AWSMusic\SheetMusic\Allman Brothers\books\Allman Brothers - Allman Brothers Band [PVG].pdf","True","Allman Brothers Band [pvg]","0"
"Allman Brothers","Allman Brothers - Band Best [Score]","C:\Work\AWSMusic\SheetMusic\Allman Brothers\books\Allman Brothers - Band Best [Score].pdf","True","Band Best [score]","0"
"Allman Brothers","Allman Brothers - Best Of [PVG]","C:\Work\AWSMusic\SheetMusic\Allman Brothers\books\Allman Brothers - Best Of [PVG].pdf","True","Best Of [pvg]","0"
"America","America - America [PVG Book]","C:\Work\AWSMusic\SheetMusic\America\books\America - America [PVG Book].pdf","True","America [pvg Book]","0"
"America","America - Greatest Hits [Book] ","C:\Work\AWSMusic\SheetMusic\America\books\America - Greatest Hits [Book] .pdf","True","Greatest Hits [book]","0"
"America","America - Greatest Hits","C:\Work\AWSMusic\SheetMusic\America\books\America - Greatest Hits.pdf","True","Greatest Hits","12"
"Asia","Asia - Alpha [PVG Book]","C:\Work\AWSMusic\SheetMusic\Asia\books\Asia - Alpha [PVG Book].pdf","True","Alpha [pvg Book]","0"
"Avril Lavigne","Avril Lavigne - The Best Damn Thing [PVG Book]","C:\Work\AWSMusic\SheetMusic\Avril Lavigne\books\Avril Lavigne - The Best Damn Thing [PVG Book].pdf","True","The Best Damn Thing [pvg Book]","0"
"Barry Manilow","Barry Manilow - Anthology","C:\Work\AWSMusic\SheetMusic\Barry Manilow\books\Barry Manilow - Anthology.pdf","True","Anthology","52"
"Barry Manilow","Barry Manilow - Barry Manilow [PVG Book]","C:\Work\AWSMusic\SheetMusic\Barry Manilow\books\Barry Manilow - Barry Manilow [PVG Book].pdf","True","Barry Manilow [pvg Book]","0"
"Beatles","Beatles - 100 Hits for All Keyboards","C:\Work\AWSMusic\SheetMusic\Beatles\books\Beatles - 100 Hits for All Keyboards.pdf","True","100 Hits For All Keyboards","48"
"Beatles","Beatles - Abbey Road Guitar Recorded Version","C:\Work\AWSMusic\SheetMusic\Beatles\books\Beatles - Abbey Road Guitar Recorded Version.pdf","True","Abbey Road Guitar Recorded Version","18"
"Beatles","Beatles - Abbey Road [Scores]","C:\Work\AWSMusic\SheetMusic\Beatles\books\Beatles - Abbey Road [Scores].pdf","True","Abbey Road [scores]","0"
"Beatles","Beatles - Abbey Road","C:\Work\AWSMusic\SheetMusic\Beatles\books\Beatles - Abbey Road.pdf","True","Abbey Road","19"
"Beatles","Beatles - All Songs 1962-1974","C:\Work\AWSMusic\SheetMusic\Beatles\books\Beatles - All Songs 1962-1974.pdf","True","All Songs 1962-1974","199"
"Beatles","Beatles - Anthology 1 (113 pages)","C:\Work\AWSMusic\SheetMusic\Beatles\books\Beatles - Anthology 1 (113 pages).pdf","True","Anthology 1 (113 Pages)","26"
"Beatles","Beatles - Anthology 1","C:\Work\AWSMusic\SheetMusic\Beatles\books\Beatles - Anthology 1.pdf","True","Anthology 1","18"
"Beatles","Beatles - Anthology 2 (page 01 - 40)","C:\Work\AWSMusic\SheetMusic\Beatles\books\Beatles - Anthology 2 (page 01 - 40).pdf","True","Anthology 2 (page 01 - 40)","9"
"Beatles","Beatles - Anthology 2 (page 41 -72)","C:\Work\AWSMusic\SheetMusic\Beatles\books\Beatles - Anthology 2 (page 41 -72).pdf","True","Anthology 2 (page 41 -72)","1"
"Beatles","Beatles - Anthology 2 (page 73 -112)","C:\Work\AWSMusic\SheetMusic\Beatles\books\Beatles - Anthology 2 (page 73 -112).pdf","True","Anthology 2 (page 73 -112)","1"
"Beatles","Beatles - Anthology 3 (page 01 - 36)","C:\Work\AWSMusic\SheetMusic\Beatles\books\Beatles - Anthology 3 (page 01 - 36).pdf","True","Anthology 3 (page 01 - 36)","8"
"Beatles","Beatles - Anthology 3 (page 37 - 79","C:\Work\AWSMusic\SheetMusic\Beatles\books\Beatles - Anthology 3 (page 37 - 79.pdf","True","Anthology 3 (page 37 - 79","1"
"Beatles","Beatles - Anthology 3 (page 80 - 111)","C:\Work\AWSMusic\SheetMusic\Beatles\books\Beatles - Anthology 3 (page 80 - 111).pdf","True","Anthology 3 (page 80 - 111)","1"
"Beatles","Beatles - Anthology","C:\Work\AWSMusic\SheetMusic\Beatles\books\Beatles - Anthology.pdf","True","Anthology","199"
"Beatles","Beatles - Beatlemania 1963-1966","C:\Work\AWSMusic\SheetMusic\Beatles\books\Beatles - Beatlemania 1963-1966.pdf","True","Beatlemania 1963-1966","34"
"Beatles","Beatles - Complete Scores (2)","C:\Work\AWSMusic\SheetMusic\Beatles\books\Beatles - Complete Scores (2).pdf","True","Complete Scores (2)","210"
"Beatles","Beatles - Complete Scores","C:\Work\AWSMusic\SheetMusic\Beatles\books\Beatles - Complete Scores.pdf","True","Complete Scores","210"
"Beatles","Beatles - Essential Songs","C:\Work\AWSMusic\SheetMusic\Beatles\books\Beatles - Essential Songs.pdf","True","Essential Songs","96"
"Beatles","Beatles - Fake Songbook (Guitar)","C:\Work\AWSMusic\SheetMusic\Beatles\books\Beatles - Fake Songbook (Guitar).pdf","True","Fake Songbook (guitar)","178"
"Beatles","Beatles - Joy Of Beatles","C:\Work\AWSMusic\SheetMusic\Beatles\books\Beatles - Joy Of Beatles.pdf","True","Joy Of Beatles","1"
"Beatles","Beatles - Live At the Hollywood Bowl (2)","C:\Work\AWSMusic\SheetMusic\Beatles\books\Beatles - Live At the Hollywood Bowl (2).pdf","True","Live At The Hollywood Bowl (2)","12"
"Beatles","Beatles - Live at the Hollywood Bowl","C:\Work\AWSMusic\SheetMusic\Beatles\books\Beatles - Live at the Hollywood Bowl.pdf","True","Live At The Hollywood Bowl","12"
"Beatles","Beatles - Revolver (2)","C:\Work\AWSMusic\SheetMusic\Beatles\books\Beatles - Revolver (2).pdf","True","Revolver (2)","14"
"Beatles","Beatles - Revolver","C:\Work\AWSMusic\SheetMusic\Beatles\books\Beatles - Revolver.pdf","True","Revolver","14"
"Beatles","Beatles - Rubber Soul","C:\Work\AWSMusic\SheetMusic\Beatles\books\Beatles - Rubber Soul.pdf","True","Rubber Soul","13"
"Beatles","Beatles - Sergeant Pepper's Lonely Hearts Club Band","C:\Work\AWSMusic\SheetMusic\Beatles\books\Beatles - Sergeant Pepper's Lonely Hearts Club Band.pdf","True","Sergeant Pepper's Lonely Hearts Club Band","1"
"Beatles","Beatles - Singles Collection [PVG]","C:\Work\AWSMusic\SheetMusic\Beatles\books\Beatles - Singles Collection [PVG].pdf","True","Singles Collection [pvg]","0"
"Beatles","Beatles - Songbook","C:\Work\AWSMusic\SheetMusic\Beatles\books\Beatles - Songbook.pdf","True","Songbook","194"
"Beatles","Beatles - White Album 1  (Guitar Recorded Version)","C:\Work\AWSMusic\SheetMusic\Beatles\books\Beatles - White Album 1  (Guitar Recorded Version).pdf","True","White Album 1 (guitar Recorded Version)","1"
"Bee Gees","Bee Gees - Anthology","C:\Work\AWSMusic\SheetMusic\Bee Gees\books\Bee Gees - Anthology.pdf","True","Anthology","1"
"Belinda Carlisle","Belinda Carlisle - 5 Of The Best [PVG]","C:\Work\AWSMusic\SheetMusic\Belinda Carlisle\books\Belinda Carlisle - 5 Of The Best [PVG].pdf","True","5 Of The Best [pvg]","0"
"Ben Folds","Ben Folds - Rockin' The Suburbs [Book]","C:\Work\AWSMusic\SheetMusic\Ben Folds\books\Ben Folds - Rockin' The Suburbs [Book].pdf","True","Rockin' The Suburbs [book]","0"
"Ben Folds","Ben Folds - Songs for Silverman","C:\Work\AWSMusic\SheetMusic\Ben Folds\books\Ben Folds - Songs for Silverman.pdf","True","Songs For Silverman","13"
"Ben Folds","Ben Folds - Songs For The Silverman","C:\Work\AWSMusic\SheetMusic\Ben Folds\books\Ben Folds - Songs For The Silverman.pdf","True","Songs For The Silverman","13"
"Ben Folds","Ben Folds Five - Rockin' the Suburbs","C:\Work\AWSMusic\SheetMusic\Ben Folds\books\Ben Folds Five - Rockin' the Suburbs.pdf","True","Ben Folds Five - Rockin' The Suburbs","8"
"Ben Folds","Ben Folds Five - Selections From Naked Baby Photos [Score]","C:\Work\AWSMusic\SheetMusic\Ben Folds\books\Ben Folds Five - Selections From Naked Baby Photos [Score].pdf","True","Ben Folds Five - Selections From Naked Baby Photos [score]","0"
"Ben Folds","Ben Folds Five - Whatever and Ever Amen [Book]","C:\Work\AWSMusic\SheetMusic\Ben Folds\books\Ben Folds Five - Whatever and Ever Amen [Book].pdf","True","Ben Folds Five - Whatever And Ever Amen [book]","0"
"Billy Joel","Billy Joel - 52nd Street","C:\Work\AWSMusic\SheetMusic\Billy Joel\books\Billy Joel - 52nd Street.pdf","True","52nd Street","9"
"Billy Joel","Billy Joel - Anthology","C:\Work\AWSMusic\SheetMusic\Billy Joel\books\Billy Joel - Anthology.pdf","True","Anthology","29"
"Billy Joel","Billy Joel - Best Of Piano Solos","C:\Work\AWSMusic\SheetMusic\Billy Joel\books\Billy Joel - Best Of Piano Solos.pdf","True","Best Of Piano Solos","13"
"Billy Joel","Billy Joel - Complete Vol  1","C:\Work\AWSMusic\SheetMusic\Billy Joel\books\Billy Joel - Complete Vol  1.pdf","True","Complete Vol 1","94"
"Billy Joel","Billy Joel - Complete Vol 2","C:\Work\AWSMusic\SheetMusic\Billy Joel\books\Billy Joel - Complete Vol 2.pdf","True","Complete Vol 2","48"
"Billy Joel","Billy Joel - Fantasies & Delusions","C:\Work\AWSMusic\SheetMusic\Billy Joel\books\Billy Joel - Fantasies & Delusions.pdf","True","Fantasies & Delusions","11"
"Billy Joel","Billy Joel - For Advanced Piano","C:\Work\AWSMusic\SheetMusic\Billy Joel\books\Billy Joel - For Advanced Piano.pdf","True","For Advanced Piano","11"
"Billy Joel","Billy Joel - Glass Houses","C:\Work\AWSMusic\SheetMusic\Billy Joel\books\Billy Joel - Glass Houses.pdf","True","Glass Houses","10"
"Billy Joel","Billy Joel - Greatest Hits Vol I and II","C:\Work\AWSMusic\SheetMusic\Billy Joel\books\Billy Joel - Greatest Hits Vol I and II.pdf","True","Greatest Hits Vol I And Ii","21"
"Billy Joel","Billy Joel - Greatest Hits Vol III","C:\Work\AWSMusic\SheetMusic\Billy Joel\books\Billy Joel - Greatest Hits Vol III.pdf","True","Greatest Hits Vol Iii","1"
"Billy Joel","Billy Joel - Greatest Hits","C:\Work\AWSMusic\SheetMusic\Billy Joel\books\Billy Joel - Greatest Hits.pdf","True","Greatest Hits","21"
"Billy Joel","Billy Joel - Keyboard Book","C:\Work\AWSMusic\SheetMusic\Billy Joel\books\Billy Joel - Keyboard Book.pdf","True","Keyboard Book","15"
"Billy Joel","Billy Joel - My Lives","C:\Work\AWSMusic\SheetMusic\Billy Joel\books\Billy Joel - My Lives.pdf","True","My Lives","72"
"Billy Joel","Billy Joel - Rock Score","C:\Work\AWSMusic\SheetMusic\Billy Joel\books\Billy Joel - Rock Score.pdf","True","Rock Score","8"
"Billy Joel","Billy Joel - Songs in the Attic","C:\Work\AWSMusic\SheetMusic\Billy Joel\books\Billy Joel - Songs in the Attic.pdf","True","Songs In The Attic","11"
"Billy Joel","Billy Joel - Turnstiles","C:\Work\AWSMusic\SheetMusic\Billy Joel\books\Billy Joel - Turnstiles.pdf","False","","0"
"Billy Joel","Billy Joel Greatest Hits Vols 1 and 2","C:\Work\AWSMusic\SheetMusic\Billy Joel\books\Billy Joel Greatest Hits Vols 1 and 2.pdf","True","Billy Joel Greatest Hits Vols 1 And 2","11"
"Billy Ocean","Billy Ocean - The Best Of","C:\Work\AWSMusic\SheetMusic\Billy Ocean\books\Billy Ocean - The Best Of.pdf","True","The Best Of","10"
"Black Eyed Peas","Black Eyed Peas - Elephunk [PVG Book]","C:\Work\AWSMusic\SheetMusic\Black Eyed Peas\books\Black Eyed Peas - Elephunk [PVG Book].pdf","True","Elephunk [pvg Book]","0"
"Blues Brothers","Blues Brothers - Complete","C:\Work\AWSMusic\SheetMusic\Blues Brothers\books\Blues Brothers - Complete.pdf","True","Complete","12"
"Bob Dylan","Bob Dylan - Anthology 1","C:\Work\AWSMusic\SheetMusic\Bob Dylan\books\Bob Dylan - Anthology 1.pdf","True","Anthology 1","46"
"Bob Dylan","Bob Dylan - Anthology 2","C:\Work\AWSMusic\SheetMusic\Bob Dylan\books\Bob Dylan - Anthology 2.pdf","True","Anthology 2","51"
"Bob Dylan","Bob Dylan - Anthology","C:\Work\AWSMusic\SheetMusic\Bob Dylan\books\Bob Dylan - Anthology.pdf","True","Anthology","46"
"Bob Dylan","Bob Dylan - Basement Tapes [PVG]","C:\Work\AWSMusic\SheetMusic\Bob Dylan\books\Bob Dylan - Basement Tapes [PVG].pdf","True","Basement Tapes [pvg]","0"
"Bob Dylan","Bob Dylan - Blonde On Blonde","C:\Work\AWSMusic\SheetMusic\Bob Dylan\books\Bob Dylan - Blonde On Blonde.pdf","True","Blonde On Blonde","13"
"Bob Dylan","Bob Dylan - Collection","C:\Work\AWSMusic\SheetMusic\Bob Dylan\books\Bob Dylan - Collection.pdf","True","Collection","47"
"Bob Dylan","Bob Dylan - Desire","C:\Work\AWSMusic\SheetMusic\Bob Dylan\books\Bob Dylan - Desire.pdf","True","Desire","9"
"Bob Dylan","Bob Dylan - Finger Picking","C:\Work\AWSMusic\SheetMusic\Bob Dylan\books\Bob Dylan - Finger Picking.pdf","True","Finger Picking","14"
"Bob Dylan","Bob Dylan - Highway 61 Revisited","C:\Work\AWSMusic\SheetMusic\Bob Dylan\books\Bob Dylan - Highway 61 Revisited.pdf","True","Highway 61 Revisited","10"
"Bob Dylan","Bob Dylan - Nashville Skyline","C:\Work\AWSMusic\SheetMusic\Bob Dylan\books\Bob Dylan - Nashville Skyline.pdf","False","","0"
"Bob Dylan","Bob Dylan - Rock Score","C:\Work\AWSMusic\SheetMusic\Bob Dylan\books\Bob Dylan - Rock Score.pdf","True","Rock Score","6"
"Bob Dylan","Bob Dylan - Saved","C:\Work\AWSMusic\SheetMusic\Bob Dylan\books\Bob Dylan - Saved.pdf","True","Saved","8"
"Bob Dylan","Bob Dylan - Songbook","C:\Work\AWSMusic\SheetMusic\Bob Dylan\books\Bob Dylan - Songbook.pdf","True","Songbook","47"
"Bob Dylan","Bob Dylan - The Harp Styles of Bob Dylan [Harmonica]","C:\Work\AWSMusic\SheetMusic\Bob Dylan\books\Bob Dylan - The Harp Styles of Bob Dylan [Harmonica].pdf","True","The Harp Styles Of Bob Dylan [harmonica]","0"
"Bob Seger","Bob Seger - Greatest Hits","C:\Work\AWSMusic\SheetMusic\Bob Seger\books\Bob Seger - Greatest Hits.pdf","True","Greatest Hits","14"
"Bob Seger","Bob Seger - The New Best Of Bob Seger","C:\Work\AWSMusic\SheetMusic\Bob Seger\books\Bob Seger - The New Best Of Bob Seger.pdf","True","The New Best Of Bob Seger","5"
"Bon Jovi","Bon Jovi - Best of Bon Jovi","C:\Work\AWSMusic\SheetMusic\Bon Jovi\books\Bon Jovi - Best of Bon Jovi.pdf","True","Best Of Bon Jovi","19"
"Bonnie Raitt","Bonnie Raitt - Nick Of Time [PVG Book]","C:\Work\AWSMusic\SheetMusic\Bonnie Raitt\books\Bonnie Raitt - Nick Of Time [PVG Book].pdf","True","Nick Of Time [pvg Book]","0"
"Bonnie Raitt","Bonnie Raitt - Road Tested [PVG Book]","C:\Work\AWSMusic\SheetMusic\Bonnie Raitt\books\Bonnie Raitt - Road Tested [PVG Book].pdf","True","Road Tested [pvg Book]","0"
"Bonnie Tyler","Bonnie Tyler - Hot Songs","C:\Work\AWSMusic\SheetMusic\Bonnie Tyler\books\Bonnie Tyler - Hot Songs.pdf","True","Hot Songs","7"
"Bread","Bread - Best of Bread","C:\Work\AWSMusic\SheetMusic\Bread\books\Bread - Best of Bread.pdf","True","Best Of Bread","4"
"Bruce Springsteen","Bruce Springsteen - Born In The USA","C:\Work\AWSMusic\SheetMusic\Bruce Springsteen\books\Bruce Springsteen - Born In The USA.pdf","True","Born In The Usa","13"
"Bruce Springsteen","Bruce Springsteen - Born To Run","C:\Work\AWSMusic\SheetMusic\Bruce Springsteen\books\Bruce Springsteen - Born To Run.pdf","True","Born To Run","8"
"Bruce Springsteen","Bruce Springsteen - Greatest Hits","C:\Work\AWSMusic\SheetMusic\Bruce Springsteen\books\Bruce Springsteen - Greatest Hits.pdf","True","Greatest Hits","13"
"Bruce Springsteen","Bruce Springsteen - Lucky Town","C:\Work\AWSMusic\SheetMusic\Bruce Springsteen\books\Bruce Springsteen - Lucky Town.pdf","True","Lucky Town","9"
"Buddy Holly","Buddy Holly - Golden Anniversary Songbook","C:\Work\AWSMusic\SheetMusic\Buddy Holly\books\Buddy Holly - Golden Anniversary Songbook.pdf","True","Golden Anniversary Songbook","28"
"Burl Ives","Burl Ives - Song Book","C:\Work\AWSMusic\SheetMusic\Burl Ives\books\Burl Ives - Song Book.pdf","True","Song Book","106"
"Burt Bacharach","Burt Bacharach - 40 Golden Songs Of","C:\Work\AWSMusic\SheetMusic\Burt Bacharach\books\Burt Bacharach - 40 Golden Songs Of.pdf","True","40 Golden Songs Of","40"
"Burt Bacharach","Burt Bacharach - Anthology","C:\Work\AWSMusic\SheetMusic\Burt Bacharach\books\Burt Bacharach - Anthology.pdf","True","Anthology","33"
"Burt Bacharach","Burt Bacharach - Bacharach Collection","C:\Work\AWSMusic\SheetMusic\Burt Bacharach\books\Burt Bacharach - Bacharach Collection.pdf","True","Bacharach Collection","15"
"Carole King","Carole King - Bradley's Best Of The Best (Organ)","C:\Work\AWSMusic\SheetMusic\Carole King\books\Carole King - Bradley's Best Of The Best (Organ).pdf","True","Bradley's Best Of The Best (organ)","13"
"Carole King","Carole King - Classics (2)","C:\Work\AWSMusic\SheetMusic\Carole King\books\Carole King - Classics (2).pdf","True","Classics (2)","35"
"Carole King","Carole King - Classics (3)","C:\Work\AWSMusic\SheetMusic\Carole King\books\Carole King - Classics (3).pdf","True","Classics (3)","35"
"Carole King","Carole King - Classics","C:\Work\AWSMusic\SheetMusic\Carole King\books\Carole King - Classics.pdf","True","Classics","21"
"Carole King","Carole King - Keyboard Play-Along Vol 22","C:\Work\AWSMusic\SheetMusic\Carole King\books\Carole King - Keyboard Play-Along Vol 22.pdf","True","Keyboard Play-along Vol 22","8"
"Carole King","Carole King - Tapestry","C:\Work\AWSMusic\SheetMusic\Carole King\books\Carole King - Tapestry.pdf","True","Tapestry","12"
"Carole King","Carole King - The New Best Of Carole King","C:\Work\AWSMusic\SheetMusic\Carole King\books\Carole King - The New Best Of Carole King.pdf","True","The New Best Of Carole King","19"
"Carole King","Carole King - You're The Voice","C:\Work\AWSMusic\SheetMusic\Carole King\books\Carole King - You're The Voice.pdf","True","You're The Voice","11"
"Carpenters","Carpenters - Anthology","C:\Work\AWSMusic\SheetMusic\Carpenters\books\Carpenters - Anthology.pdf","True","Anthology","43"
"Carpenters","Carpenters - Love Songs","C:\Work\AWSMusic\SheetMusic\Carpenters\books\Carpenters - Love Songs.pdf","True","Love Songs","22"
"Carpenters","Carpenters - Note For Note","C:\Work\AWSMusic\SheetMusic\Carpenters\books\Carpenters - Note For Note.pdf","True","Note For Note","11"
"Cheap Trick","Cheap Trick - Greatest Hits [Score]","C:\Work\AWSMusic\SheetMusic\Cheap Trick\books\Cheap Trick - Greatest Hits [Score].pdf","True","Greatest Hits [score]","0"
"Colbie Caillat","Colbie Caillat - Breakthrough [PVG Book]","C:\Work\AWSMusic\SheetMusic\Colbie Caillat\books\Colbie Caillat - Breakthrough [PVG Book].pdf","True","Breakthrough [pvg Book]","0"
"Cole Porter","Cole Porter - The Very Best Of Cole Porter","C:\Work\AWSMusic\SheetMusic\Cole Porter\books\Cole Porter - The Very Best Of Cole Porter.pdf","True","The Very Best Of Cole Porter","38"
"Cream","Cream - Cream Complete","C:\Work\AWSMusic\SheetMusic\Cream\books\Cream - Cream Complete.pdf","True","Cream Complete","25"
"Creedence Clearwater Revival","Creedence Clearwater Revival - 8 Pcs Book","C:\Work\AWSMusic\SheetMusic\Creedence Clearwater Revival\books\Creedence Clearwater Revival - 8 Pcs Book.pdf","True","8 Pcs Book","8"
"Creedence Clearwater Revival","Creedence Clearwater Revival - Best Of","C:\Work\AWSMusic\SheetMusic\Creedence Clearwater Revival\books\Creedence Clearwater Revival - Best Of.pdf","True","Best Of","20"
"Creedence Clearwater Revival","Creedence Clearwater Revival - Guitar Anthology","C:\Work\AWSMusic\SheetMusic\Creedence Clearwater Revival\books\Creedence Clearwater Revival - Guitar Anthology.pdf","True","Guitar Anthology","20"
"Creedence Clearwater Revival","Creedence Clearwater Revival - Guitar Tab Book","C:\Work\AWSMusic\SheetMusic\Creedence Clearwater Revival\books\Creedence Clearwater Revival - Guitar Tab Book.pdf","True","Guitar Tab Book","1"
"Creedence Clearwater Revival","Creedence Clearwater Revival - Ultimate Minus One","C:\Work\AWSMusic\SheetMusic\Creedence Clearwater Revival\books\Creedence Clearwater Revival - Ultimate Minus One.pdf","True","Ultimate Minus One","7"
"Crosby Stills and Nash","Crosby Stills Nash & Young - Deja Vu [PVG Book]","C:\Work\AWSMusic\SheetMusic\Crosby Stills and Nash\books\Crosby Stills Nash & Young - Deja Vu [PVG Book].pdf","True","Crosby Stills Nash & Young - Deja Vu [pvg Book]","0"
"Crosby Stills and Nash","Crosby, Stills, Nash & Young - The Guitar Collection","C:\Work\AWSMusic\SheetMusic\Crosby Stills and Nash\books\Crosby, Stills, Nash & Young - The Guitar Collection.pdf","False","","0"
"Crowded House","Crowded House - The Very Best Of [PVG Book]","C:\Work\AWSMusic\SheetMusic\Crowded House\books\Crowded House - The Very Best Of [PVG Book].pdf","True","The Very Best Of [pvg Book]","0"
"Crowded House","Crowded House - Together Alone [PVG Book]","C:\Work\AWSMusic\SheetMusic\Crowded House\books\Crowded House - Together Alone [PVG Book].pdf","True","Together Alone [pvg Book]","0"
"David Crosby","David Crosby - Songbook [Lead Sheets]","C:\Work\AWSMusic\SheetMusic\David Crosby\books\David Crosby - Songbook [Lead Sheets].pdf","True","Songbook [lead Sheets]","0"
"Dire Straits","Dire Straits -  Brothers In Arms","C:\Work\AWSMusic\SheetMusic\Dire Straits\books\Dire Straits -  Brothers In Arms.pdf","True","Brothers In Arms","1"
"Dire Straits","Dire Straits - Best Of Dire Straits [Guitar Tab]","C:\Work\AWSMusic\SheetMusic\Dire Straits\books\Dire Straits - Best Of Dire Straits [Guitar Tab].pdf","True","Best Of Dire Straits [guitar Tab]","0"
"Dire Straits","Dire Straits - Jam with Dire Straits [Guitar Book]","C:\Work\AWSMusic\SheetMusic\Dire Straits\books\Dire Straits - Jam with Dire Straits [Guitar Book].pdf","True","Jam With Dire Straits [guitar Book]","0"
"Dire Straits","Dire Straits - Mark Knopfler Guitar Styles Vol 1 [Guitar Book]","C:\Work\AWSMusic\SheetMusic\Dire Straits\books\Dire Straits - Mark Knopfler Guitar Styles Vol 1 [Guitar Book].pdf","False","","0"
"Dire Straits","Dire Straits - Money For Nothing [Guitar Book]","C:\Work\AWSMusic\SheetMusic\Dire Straits\books\Dire Straits - Money For Nothing [Guitar Book].pdf","True","Money For Nothing [guitar Book]","0"
"Don Henley","Don Henley - Actual Miles (Greatest Hits)","C:\Work\AWSMusic\SheetMusic\Don Henley\books\Don Henley - Actual Miles (Greatest Hits).pdf","True","Actual Miles (greatest Hits)","1"
"Don Henley","Don Henley - The End Of The Innocence [PVG Book]","C:\Work\AWSMusic\SheetMusic\Don Henley\books\Don Henley - The End Of The Innocence [PVG Book].pdf","True","The End Of The Innocence [pvg Book]","0"
"Doobie Brothers","Doobie Brothers - Best Of [Band Score Jap]","C:\Work\AWSMusic\SheetMusic\Doobie Brothers\books\Doobie Brothers - Best Of [Band Score Jap].pdf","True","Best Of [band Score Jap]","0"
"Doobie Brothers","Doobie Brothers - Songs","C:\Work\AWSMusic\SheetMusic\Doobie Brothers\books\Doobie Brothers - Songs.pdf","True","Songs","9"
"Doors","Doors - Anthology","C:\Work\AWSMusic\SheetMusic\Doors\books\Doors - Anthology.pdf","True","Anthology","7"
"Doors","Doors - Songbook","C:\Work\AWSMusic\SheetMusic\Doors\books\Doors - Songbook.pdf","True","Songbook","6"
"Dr John","Dr John - New Orleans Piano Vol 2","C:\Work\AWSMusic\SheetMusic\Dr John\books\Dr John - New Orleans Piano Vol 2.pdf","True","New Orleans Piano Vol 2","3"
"Duran Duran","Duran Duran - Best Of [Score]","C:\Work\AWSMusic\SheetMusic\Duran Duran\books\Duran Duran - Best Of [Score].pdf","True","Best Of [score]","0"
"Duran Duran","Duran Duran - Decade [PVG Book]","C:\Work\AWSMusic\SheetMusic\Duran Duran\books\Duran Duran - Decade [PVG Book].pdf","True","Decade [pvg Book]","0"
"Duran Duran","Duran Duran - Seven & The Ragged Tiger [Jap Band Score]","C:\Work\AWSMusic\SheetMusic\Duran Duran\books\Duran Duran - Seven & The Ragged Tiger [Jap Band Score].pdf","True","Seven & The Ragged Tiger [jap Band Score]","0"
"Eagles","Eagles - Greatest Hits (1971-1975)","C:\Work\AWSMusic\SheetMusic\Eagles\books\Eagles - Greatest Hits (1971-1975).pdf","True","Greatest Hits (1971-1975)","10"
"Eagles","Eagles - Greatest Hits","C:\Work\AWSMusic\SheetMusic\Eagles\books\Eagles - Greatest Hits.pdf","True","Greatest Hits","10"
"Eagles","Eagles - Hotel California (Guitar Songbook)","C:\Work\AWSMusic\SheetMusic\Eagles\books\Eagles - Hotel California (Guitar Songbook).pdf","True","Hotel California (guitar Songbook)","1"
"Eagles","Eagles - Made Easy For Guitar","C:\Work\AWSMusic\SheetMusic\Eagles\books\Eagles - Made Easy For Guitar.pdf","True","Made Easy For Guitar","6"
"Eagles","Eagles - New Eagles Complete","C:\Work\AWSMusic\SheetMusic\Eagles\books\Eagles - New Eagles Complete.pdf","True","New Eagles Complete","67"
"Eagles","Eagles - The Best Of The Eagles - Songbook","C:\Work\AWSMusic\SheetMusic\Eagles\books\Eagles - The Best Of The Eagles - Songbook.pdf","True","The Best Of The Eagles - Songbook","12"
"ELO","ELO - A New World Record","C:\Work\AWSMusic\SheetMusic\ELO\books\ELO - A New World Record.pdf","True","A New World Record","7"
"ELO","ELO - Anthology [PVG]","C:\Work\AWSMusic\SheetMusic\ELO\books\ELO - Anthology [PVG].pdf","True","Anthology [pvg]","0"
"ELO","ELO - Discovery [PVG Book]","C:\Work\AWSMusic\SheetMusic\ELO\books\ELO - Discovery [PVG Book].pdf","True","Discovery [pvg Book]","0"
"ELO","ELO - Face The Music [PVG Bok]","C:\Work\AWSMusic\SheetMusic\ELO\books\ELO - Face The Music [PVG Bok].pdf","True","Face The Music [pvg Bok]","0"
"ELO","ELO - Greatest Hits","C:\Work\AWSMusic\SheetMusic\ELO\books\ELO - Greatest Hits.pdf","True","Greatest Hits","1"
"ELO","ELO - Out Of The Blue [Book]","C:\Work\AWSMusic\SheetMusic\ELO\books\ELO - Out Of The Blue [Book].pdf","True","Out Of The Blue [book]","0"
"ELO","Elton John - The Elton John Collection [Piano Solos]","C:\Work\AWSMusic\SheetMusic\ELO\books\Elton John - The Elton John Collection [Piano Solos].pdf","True","Elton John - The Elton John Collection [piano Solos]","0"
"Elton John","Elton John - A Single Man","C:\Work\AWSMusic\SheetMusic\Elton John\books\Elton John - A Single Man.pdf","True","A Single Man","10"
"Elton John","Elton John - Captain Fantastic","C:\Work\AWSMusic\SheetMusic\Elton John\books\Elton John - Captain Fantastic.pdf","True","Captain Fantastic","1"
"Elton John","Elton John - Goodbye Yellow Brick Road","C:\Work\AWSMusic\SheetMusic\Elton John\books\Elton John - Goodbye Yellow Brick Road.pdf","True","Goodbye Yellow Brick Road","1"
"Elton John","Elton John - Greatest Hits 1970-2002","C:\Work\AWSMusic\SheetMusic\Elton John\books\Elton John - Greatest Hits 1970-2002.pdf","True","Greatest Hits 1970-2002","30"
"Elton John","Elton John - Ice On Fire","C:\Work\AWSMusic\SheetMusic\Elton John\books\Elton John - Ice On Fire.pdf","True","Ice On Fire","12"
"Elton John","Elton John - Made In England","C:\Work\AWSMusic\SheetMusic\Elton John\books\Elton John - Made In England.pdf","True","Made In England","11"
"Elton John","Elton John - Peachtree Road","C:\Work\AWSMusic\SheetMusic\Elton John\books\Elton John - Peachtree Road.pdf","True","Peachtree Road","10"
"Elton John","Elton John - Reg Strikes Back","C:\Work\AWSMusic\SheetMusic\Elton John\books\Elton John - Reg Strikes Back.pdf","True","Reg Strikes Back","9"
"Elton John","Elton John - Sleeping With The Past","C:\Work\AWSMusic\SheetMusic\Elton John\books\Elton John - Sleeping With The Past.pdf","True","Sleeping With The Past","1"
"Elton John","Elton John - Songs From The West Coast","C:\Work\AWSMusic\SheetMusic\Elton John\books\Elton John - Songs From The West Coast.pdf","True","Songs From The West Coast","1"
"Elton John","Elton John - The Big Picture","C:\Work\AWSMusic\SheetMusic\Elton John\books\Elton John - The Big Picture.pdf","True","The Big Picture","1"
"Elton John","Elton John - The One","C:\Work\AWSMusic\SheetMusic\Elton John\books\Elton John - The One.pdf","True","The One","1"
"Elton John","Elton John - The Ultimate Collection Vol. 1","C:\Work\AWSMusic\SheetMusic\Elton John\books\Elton John - The Ultimate Collection Vol. 1.pdf","True","The Ultimate Collection Vol. 1","59"
"Elton John","Elton John - The Ultimate Collection Vol. 2","C:\Work\AWSMusic\SheetMusic\Elton John\books\Elton John - The Ultimate Collection Vol. 2.pdf","True","The Ultimate Collection Vol. 2","29"
"Elton John","Elton John - The Very Best Of","C:\Work\AWSMusic\SheetMusic\Elton John\books\Elton John - The Very Best Of.pdf","True","The Very Best Of","1"
"Elton John","Elton John - Too Low For Zero [Book]","C:\Work\AWSMusic\SheetMusic\Elton John\books\Elton John - Too Low For Zero [Book].pdf","True","Too Low For Zero [book]","0"
"Elvis Costello","Elvis Costello - The Very Best Of","C:\Work\AWSMusic\SheetMusic\Elvis Costello\books\Elvis Costello - The Very Best Of.pdf","True","The Very Best Of","42"
"Elvis Presley","Elvis Presley - The Compleat [PVG Book]","C:\Work\AWSMusic\SheetMusic\Elvis Presley\books\Elvis Presley - The Compleat [PVG Book].pdf","False","","0"
"Emerson Lake and Palmer","Emerson Lake and Palmer - Black Book","C:\Work\AWSMusic\SheetMusic\Emerson Lake and Palmer\books\Emerson Lake and Palmer - Black Book.pdf","True","Black Book","2"
"Emerson Lake and Palmer","Emerson Lake and Palmer - Greatest Hits","C:\Work\AWSMusic\SheetMusic\Emerson Lake and Palmer\books\Emerson Lake and Palmer - Greatest Hits.pdf","True","Greatest Hits","10"
"Emerson Lake and Palmer","Emerson Lake and Palmer - Tarkus [Book]","C:\Work\AWSMusic\SheetMusic\Emerson Lake and Palmer\books\Emerson Lake and Palmer - Tarkus [Book].pdf","True","Tarkus [book]","0"
"Emerson Lake and Palmer","Emerson Lake and Palmer - Trilogy [Book]","C:\Work\AWSMusic\SheetMusic\Emerson Lake and Palmer\books\Emerson Lake and Palmer - Trilogy [Book].pdf","True","Trilogy [book]","0"
"Eric Clapton","Eric Clapton - Derek and the Dominos [Book]","C:\Work\AWSMusic\SheetMusic\Eric Clapton\books\Eric Clapton - Derek and the Dominos [Book].pdf","True","Derek And The Dominos [book]","0"
"Eric Clapton","Eric Clapton - The Best of Book","C:\Work\AWSMusic\SheetMusic\Eric Clapton\books\Eric Clapton - The Best of Book.pdf","True","The Best Of Book","10"
"Eric Clapton","Eric Clapton - The Cream of Clapton","C:\Work\AWSMusic\SheetMusic\Eric Clapton\books\Eric Clapton - The Cream of Clapton.pdf","False","","0"
"Eric Clapton","Eric Clapton - Unplugged [Book]","C:\Work\AWSMusic\SheetMusic\Eric Clapton\books\Eric Clapton - Unplugged [Book].pdf","True","Unplugged [book]","0"
"Fleetwood Mac","Fleetwood Mac - Anthology","C:\Work\AWSMusic\SheetMusic\Fleetwood Mac\books\Fleetwood Mac - Anthology.pdf","True","Anthology","27"
"Fleetwood Mac","Fleetwood Mac - Deluxe Anthology","C:\Work\AWSMusic\SheetMusic\Fleetwood Mac\books\Fleetwood Mac - Deluxe Anthology.pdf","True","Deluxe Anthology","42"
"Fleetwood Mac","Fleetwood Mac - Fleetwood Mac + Heroes Are Hard To Find","C:\Work\AWSMusic\SheetMusic\Fleetwood Mac\books\Fleetwood Mac - Fleetwood Mac + Heroes Are Hard To Find.pdf","True","Fleetwood Mac + Heroes Are Hard To Find","15"
"Fleetwood Mac","Fleetwood Mac - Mirage","C:\Work\AWSMusic\SheetMusic\Fleetwood Mac\books\Fleetwood Mac - Mirage.pdf","True","Mirage","12"
"Fleetwood Mac","Fleetwood Mac - Rumours","C:\Work\AWSMusic\SheetMusic\Fleetwood Mac\books\Fleetwood Mac - Rumours.pdf","True","Rumours","11"
"Fleetwood Mac","Fleetwood Mac - Tango In The Night","C:\Work\AWSMusic\SheetMusic\Fleetwood Mac\books\Fleetwood Mac - Tango In The Night.pdf","True","Tango In The Night","12"
"Fleetwood Mac","Fleetwood Mac - The Dance","C:\Work\AWSMusic\SheetMusic\Fleetwood Mac\books\Fleetwood Mac - The Dance.pdf","True","The Dance","13"
"Frank Zappa","Frank Zappa - Hot Rats","C:\Work\AWSMusic\SheetMusic\Frank Zappa\books\Frank Zappa - Hot Rats.pdf","False","","0"
"Frank Zappa","Frank Zappa - Songbook Vol 1","C:\Work\AWSMusic\SheetMusic\Frank Zappa\books\Frank Zappa - Songbook Vol 1.pdf","True","Songbook Vol 1","17"
"Frank Zappa","Frank Zappa - The Frank Zappa Guitar Book (transcriptions by Steve Vai)","C:\Work\AWSMusic\SheetMusic\Frank Zappa\books\Frank Zappa - The Frank Zappa Guitar Book (transcriptions by Steve Vai).pdf","True","The Frank Zappa Guitar Book (transcriptions By Steve Vai)","12"
"Fray","Fray - How To Save A Life [Book]","C:\Work\AWSMusic\SheetMusic\Fray\books\Fray - How To Save A Life [Book].pdf","True","How To Save A Life [book]","0"
"Garth Brooks","Garth Brooks - No Fences [Guitar Tab]","C:\Work\AWSMusic\SheetMusic\Garth Brooks\books\Garth Brooks - No Fences [Guitar Tab].pdf","True","No Fences [guitar Tab]","0"
"Garth Brooks","Garth Brooks - The Hits [Guitar Tab]","C:\Work\AWSMusic\SheetMusic\Garth Brooks\books\Garth Brooks - The Hits [Guitar Tab].pdf","True","The Hits [guitar Tab]","0"
"Garth Brooks","Garth Brooks - The Limited Series","C:\Work\AWSMusic\SheetMusic\Garth Brooks\books\Garth Brooks - The Limited Series.pdf","True","The Limited Series","21"
"Genesis","Genesis - A Trick Of The Tail [Book]","C:\Work\AWSMusic\SheetMusic\Genesis\books\Genesis - A Trick Of The Tail [Book].pdf","True","A Trick Of The Tail [book]","0"
"Genesis","Genesis - Anthology","C:\Work\AWSMusic\SheetMusic\Genesis\books\Genesis - Anthology.pdf","True","Anthology","44"
"Genesis","Genesis - Best Of Vol 1","C:\Work\AWSMusic\SheetMusic\Genesis\books\Genesis - Best Of Vol 1.pdf","True","Best Of Vol 1","10"
"Genesis","Genesis - Invisible Touch [Book]","C:\Work\AWSMusic\SheetMusic\Genesis\books\Genesis - Invisible Touch [Book].pdf","True","Invisible Touch [book]","0"
"Genesis","Genesis - Rock Score","C:\Work\AWSMusic\SheetMusic\Genesis\books\Genesis - Rock Score.pdf","True","Rock Score","4"
"Genesis","Genesis - Seconds Out","C:\Work\AWSMusic\SheetMusic\Genesis\books\Genesis - Seconds Out.pdf","True","Seconds Out","8"
"Genesis","Genesis - Selling England by the Pound","C:\Work\AWSMusic\SheetMusic\Genesis\books\Genesis - Selling England by the Pound.pdf","True","Selling England By The Pound","7"
"George Michael","George Michael - Greatest Hits","C:\Work\AWSMusic\SheetMusic\George Michael\books\George Michael - Greatest Hits.pdf","True","Greatest Hits","29"
"George Michael","George Michael - Older [Book] ","C:\Work\AWSMusic\SheetMusic\George Michael\books\George Michael - Older [Book] .pdf","True","Older [book]","0"
"Grand Funk Railroad","Grand Funk - Closer To Home [PVG Book]","C:\Work\AWSMusic\SheetMusic\Grand Funk Railroad\books\Grand Funk - Closer To Home [PVG Book].pdf","True","Grand Funk - Closer To Home [pvg Book]","0"
"Grand Funk Railroad","Grand Funk - We're An American Band [PVG Book]","C:\Work\AWSMusic\SheetMusic\Grand Funk Railroad\books\Grand Funk - We're An American Band [PVG Book].pdf","True","Grand Funk - We're An American Band [pvg Book]","0"
"Grand Funk Railroad","Grand Funk Railroad - Born To Die [PVG Book]","C:\Work\AWSMusic\SheetMusic\Grand Funk Railroad\books\Grand Funk Railroad - Born To Die [PVG Book].pdf","True","Born To Die [pvg Book]","0"
"Grand Funk Railroad","Grand Funk Railroad - Hits From We're An American Band, Shinin' On, Phoenix [PVG]","C:\Work\AWSMusic\SheetMusic\Grand Funk Railroad\books\Grand Funk Railroad - Hits From We're An American Band, Shinin' On, Phoenix [PVG].pdf","True","Hits From We're An American Band, Shinin' On, Phoenix [pvg]","0"
"Harry Chapin","Harry Chapin - The Authentic Guitar Style Of [Guitar Tab]","C:\Work\AWSMusic\SheetMusic\Harry Chapin\books\Harry Chapin - The Authentic Guitar Style Of [Guitar Tab].pdf","True","The Authentic Guitar Style Of [guitar Tab]","0"
"Henri Mancini","Henry Mancini - A Merry Mancini Christmas","C:\Work\AWSMusic\SheetMusic\Henri Mancini\books\Henry Mancini - A Merry Mancini Christmas.pdf","True","Henry Mancini - A Merry Mancini Christmas","13"
"Herman's Hermits","Herman's Hermits -  Collection","C:\Work\AWSMusic\SheetMusic\Herman's Hermits\books\Herman's Hermits -  Collection.pdf","True","Collection","8"
"Jackson Browne","Jackson Browne - Deluxe Anthology","C:\Work\AWSMusic\SheetMusic\Jackson Browne\books\Jackson Browne - Deluxe Anthology.pdf","True","Deluxe Anthology","39"
"James Blunt","James Blunt - All The Lost Souls [Book]","C:\Work\AWSMusic\SheetMusic\James Blunt\books\James Blunt - All The Lost Souls [Book].pdf","True","All The Lost Souls [book]","0"
"James Blunt","James Blunt - Back to Bedlam [Book]","C:\Work\AWSMusic\SheetMusic\James Blunt\books\James Blunt - Back to Bedlam [Book].pdf","True","Back To Bedlam [book]","0"
"James Taylor","James Taylor - Classic [Guitar]","C:\Work\AWSMusic\SheetMusic\James Taylor\books\James Taylor - Classic [Guitar].pdf","True","Classic [guitar]","0"
"James Taylor","James Taylor - Classics (guitar tab)","C:\Work\AWSMusic\SheetMusic\James Taylor\books\James Taylor - Classics (guitar tab).pdf","True","Classics (guitar Tab)","15"
"James Taylor","James Taylor - Guitar Songbook","C:\Work\AWSMusic\SheetMusic\James Taylor\books\James Taylor - Guitar Songbook.pdf","True","Guitar Songbook","24"
"James Taylor","James Taylor - James Taylor Songbook","C:\Work\AWSMusic\SheetMusic\James Taylor\books\James Taylor - James Taylor Songbook.pdf","True","James Taylor Songbook","24"
"James Taylor","James Taylor - James Taylor [PVG Book]","C:\Work\AWSMusic\SheetMusic\James Taylor\books\James Taylor - James Taylor [PVG Book].pdf","True","James Taylor [pvg Book]","0"
"James Taylor","James Taylor - That's Why I'm Here [PVG Book]","C:\Work\AWSMusic\SheetMusic\James Taylor\books\James Taylor - That's Why I'm Here [PVG Book].pdf","True","That's Why I'm Here [pvg Book]","0"
"Jim Croce","Jim Croce - Acoustic Fingerstyle Video Guitar Lessons","C:\Work\AWSMusic\SheetMusic\Jim Croce\books\Jim Croce - Acoustic Fingerstyle Video Guitar Lessons.pdf","True","Acoustic Fingerstyle Video Guitar Lessons","1"
"Jimmy Buffet","Jimmy Buffett - Barometer Soup [PVG Book]","C:\Work\AWSMusic\SheetMusic\Jimmy Buffet\books\Jimmy Buffett - Barometer Soup [PVG Book].pdf","True","Jimmy Buffett - Barometer Soup [pvg Book]","0"
"Jimmy Buffet","Jimmy Buffett - Fruitcakes [PVG Book]","C:\Work\AWSMusic\SheetMusic\Jimmy Buffet\books\Jimmy Buffett - Fruitcakes [PVG Book].pdf","True","Jimmy Buffett - Fruitcakes [pvg Book]","0"
"Joe Cocker","Joe Cocker - Best Of","C:\Work\AWSMusic\SheetMusic\Joe Cocker\books\Joe Cocker - Best Of.pdf","True","Best Of","16"
"Joe Cocker","Joe Cocker - Mad Dogs And Englishmen [Book]","C:\Work\AWSMusic\SheetMusic\Joe Cocker\books\Joe Cocker - Mad Dogs And Englishmen [Book].pdf","True","Mad Dogs And Englishmen [book]","0"
"Joe Cocker","Joe Cocker - Songbook","C:\Work\AWSMusic\SheetMusic\Joe Cocker\books\Joe Cocker - Songbook.pdf","True","Songbook","1"
"John Denver","John Denver - Anthology [PVG]","C:\Work\AWSMusic\SheetMusic\John Denver\books\John Denver - Anthology [PVG].pdf","True","Anthology [pvg]","0"
"John Denver","John Denver - Anthology","C:\Work\AWSMusic\SheetMusic\John Denver\books\John Denver - Anthology.pdf","True","Anthology","53"
"John Denver","John Denver - Back Home Again","C:\Work\AWSMusic\SheetMusic\John Denver\books\John Denver - Back Home Again.pdf","False","","0"
"John Denver","John Denver - Best Of [Easy Piano]","C:\Work\AWSMusic\SheetMusic\John Denver\books\John Denver - Best Of [Easy Piano].pdf","True","Best Of [easy Piano]","0"
"John Denver","John Denver - I Want To Live [PVG Book]","C:\Work\AWSMusic\SheetMusic\John Denver\books\John Denver - I Want To Live [PVG Book].pdf","True","I Want To Live [pvg Book]","0"
"John Denver","John Denver - The Authentic Guitar Style Of.","C:\Work\AWSMusic\SheetMusic\John Denver\books\John Denver - The Authentic Guitar Style Of..pdf","True","The Authentic Guitar Style Of","12"
"John Lennon","John Lennon - Collection","C:\Work\AWSMusic\SheetMusic\John Lennon\books\John Lennon - Collection.pdf","True","Collection","3"
"John Lennon","John Lennon - Greatest Hits","C:\Work\AWSMusic\SheetMusic\John Lennon\books\John Lennon - Greatest Hits.pdf","True","Greatest Hits","15"
"Joni Mitchell","Joni Mitchell - The Best Of [PVG]","C:\Work\AWSMusic\SheetMusic\Joni Mitchell\books\Joni Mitchell - The Best Of [PVG].pdf","True","The Best Of [pvg]","0"
"Joni Mitchell","Joni Mitchell Songbook Complete Vol1 1966-1970","C:\Work\AWSMusic\SheetMusic\Joni Mitchell\books\Joni Mitchell Songbook Complete Vol1 1966-1970.pdf","True","Joni Mitchell Songbook Complete Vol1 1966-1970","28"
"Journey","Journey - Complete Songbook","C:\Work\AWSMusic\SheetMusic\Journey\books\Journey - Complete Songbook.pdf","True","Complete Songbook","68"
"Journey","Journey - Complete","C:\Work\AWSMusic\SheetMusic\Journey\books\Journey - Complete.pdf","True","Complete","68"
"Journey","Journey - Frontiers [Jap Band Score]","C:\Work\AWSMusic\SheetMusic\Journey\books\Journey - Frontiers [Jap Band Score].pdf","True","Frontiers [jap Band Score]","0"
"Journey","Journey - Greatest Hits (Book)","C:\Work\AWSMusic\SheetMusic\Journey\books\Journey - Greatest Hits (Book).pdf","True","Greatest Hits (book)","5"
"Journey","Journey - Greatest Hits","C:\Work\AWSMusic\SheetMusic\Journey\books\Journey - Greatest Hits.pdf","True","Greatest Hits","6"
"Journey","Journey - Superbest [Jap Band Score]","C:\Work\AWSMusic\SheetMusic\Journey\books\Journey - Superbest [Jap Band Score].pdf","True","Superbest [jap Band Score]","0"
"Journey","Journey - The Guitar Collection","C:\Work\AWSMusic\SheetMusic\Journey\books\Journey - The Guitar Collection.pdf","True","The Guitar Collection","16"
"Judy Garland","Judy Garland - Songbook","C:\Work\AWSMusic\SheetMusic\Judy Garland\books\Judy Garland - Songbook.pdf","True","Songbook","13"
"Katy Perry","Katy Perry - One Of The Boys [PVG Book]","C:\Work\AWSMusic\SheetMusic\Katy Perry\books\Katy Perry - One Of The Boys [PVG Book].pdf","True","One Of The Boys [pvg Book]","0"
"Kelly Clarkson","Kelly Clarkson - Breakaway (Book)","C:\Work\AWSMusic\SheetMusic\Kelly Clarkson\books\Kelly Clarkson - Breakaway (Book).pdf","True","Breakaway (book)","2"
"Kenny Rogers","Kenny Rogers - Love or Something Like It [Book]","C:\Work\AWSMusic\SheetMusic\Kenny Rogers\books\Kenny Rogers - Love or Something Like It [Book].pdf","True","Love Or Something Like It [book]","0"
"Kinks","Kinks - Best Of The Kinks [Score]","C:\Work\AWSMusic\SheetMusic\Kinks\books\Kinks - Best Of The Kinks [Score].pdf","True","Best Of The Kinks [score]","0"
"Kinks","Kinks - Best Of [Score]","C:\Work\AWSMusic\SheetMusic\Kinks\books\Kinks - Best Of [Score].pdf","True","Best Of [score]","0"
"Kinks","Kinks - Great Songs of Kinks","C:\Work\AWSMusic\SheetMusic\Kinks\books\Kinks - Great Songs of Kinks.pdf","True","Great Songs Of Kinks","8"
"Kinks","Kinks - Guitar Legends [Guitar]","C:\Work\AWSMusic\SheetMusic\Kinks\books\Kinks - Guitar Legends [Guitar].pdf","True","Guitar Legends [guitar]","0"
"Kinks","Kinks - Guitar Legends [Tab]","C:\Work\AWSMusic\SheetMusic\Kinks\books\Kinks - Guitar Legends [Tab].pdf","True","Guitar Legends [tab]","0"
"Kinks","Kinks - Jam With The Kinks [Tab]","C:\Work\AWSMusic\SheetMusic\Kinks\books\Kinks - Jam With The Kinks [Tab].pdf","True","Jam With The Kinks [tab]","0"
"Led Zepplin","Led Zeppelin - Led Zeppelin II","C:\Work\AWSMusic\SheetMusic\Led Zepplin\books\Led Zeppelin - Led Zeppelin II.pdf","True","Led Zeppelin - Led Zeppelin Ii","1"
"Led Zepplin","Led Zeppelin - Over The Hills And Far Away [PVG]","C:\Work\AWSMusic\SheetMusic\Led Zepplin\books\Led Zeppelin - Over The Hills And Far Away [PVG].pdf","True","Led Zeppelin - Over The Hills And Far Away [pvg]","0"
"Lynyrd Skynyrd","Lynyrd Skynyrd - The New Best Of [Guitar Tab]","C:\Work\AWSMusic\SheetMusic\Lynyrd Skynyrd\books\Lynyrd Skynyrd - The New Best Of [Guitar Tab].pdf","True","The New Best Of [guitar Tab]","0"
"Mamas and the Papas","Mamas and The Papas - Songbook [PVG]","C:\Work\AWSMusic\SheetMusic\Mamas and the Papas\books\Mamas and The Papas - Songbook [PVG].pdf","False","","0"
"MeatLoaf","MeatLoaf - Bat Out Of Hell","C:\Work\AWSMusic\SheetMusic\MeatLoaf\books\MeatLoaf - Bat Out Of Hell.pdf","True","Bat Out Of Hell","1"
"Melissa Etheridge","Melissa Etheridge - Songbook","C:\Work\AWSMusic\SheetMusic\Melissa Etheridge\books\Melissa Etheridge - Songbook.pdf","True","Songbook","10"
"Michael Jackson","Michael Jackson - Great Songs Of [PVG]","C:\Work\AWSMusic\SheetMusic\Michael Jackson\books\Michael Jackson - Great Songs Of [PVG].pdf","True","Great Songs Of [pvg]","0"
"Michael Jackson","Michael Jackson - Number Ones [Book]","C:\Work\AWSMusic\SheetMusic\Michael Jackson\books\Michael Jackson - Number Ones [Book].pdf","True","Number Ones [book]","0"
"Michael Jackson","Michael Jackson - Number Ones","C:\Work\AWSMusic\SheetMusic\Michael Jackson\books\Michael Jackson - Number Ones.pdf","True","Number Ones","18"
"Michael Jackson","Michael Jackson - The Great Songs Of","C:\Work\AWSMusic\SheetMusic\Michael Jackson\books\Michael Jackson - The Great Songs Of.pdf","True","The Great Songs Of","10"
"Michael Jackson","Michael Jackson - Thriller (The Complete Song Book)","C:\Work\AWSMusic\SheetMusic\Michael Jackson\books\Michael Jackson - Thriller (The Complete Song Book).pdf","True","Thriller (the Complete Song Book)","10"
"Monkees","Monkees - Greatest Hits","C:\Work\AWSMusic\SheetMusic\Monkees\books\Monkees - Greatest Hits.pdf","True","Greatest Hits","11"
"Moody Blues","Moody Blues - Greatest Hits [PVG]","C:\Work\AWSMusic\SheetMusic\Moody Blues\books\Moody Blues - Greatest Hits [PVG].pdf","True","Greatest Hits [pvg]","0"
"Moody Blues","Moody Blues - Keys Of Kingdom [Band Score]","C:\Work\AWSMusic\SheetMusic\Moody Blues\books\Moody Blues - Keys Of Kingdom [Band Score].pdf","True","Keys Of Kingdom [band Score]","0"
"Neil Diamond","Neil Diamond - The Essential Neil Diamond","C:\Work\AWSMusic\SheetMusic\Neil Diamond\books\Neil Diamond - The Essential Neil Diamond.pdf","True","The Essential Neil Diamond","40"
"Neil Young","Neil Young - After the Goldrush [PVG Book]","C:\Work\AWSMusic\SheetMusic\Neil Young\books\Neil Young - After the Goldrush [PVG Book].pdf","True","After The Goldrush [pvg Book]","0"
"Neil Young","Neil Young - Decade [PVG Book] ","C:\Work\AWSMusic\SheetMusic\Neil Young\books\Neil Young - Decade [PVG Book] .pdf","True","Decade [pvg Book]","0"
"Neil Young","Neil Young - Decade","C:\Work\AWSMusic\SheetMusic\Neil Young\books\Neil Young - Decade.pdf","True","Decade","22"
"Neil Young","Neil Young - Greatest Hits [Guitar Tab]","C:\Work\AWSMusic\SheetMusic\Neil Young\books\Neil Young - Greatest Hits [Guitar Tab].pdf","True","Greatest Hits [guitar Tab]","0"
"Neil Young","Neil Young - Harvest Moon [Guitar Tab]","C:\Work\AWSMusic\SheetMusic\Neil Young\books\Neil Young - Harvest Moon [Guitar Tab].pdf","True","Harvest Moon [guitar Tab]","0"
"Neil Young","Neil Young - Harvest [Score]","C:\Work\AWSMusic\SheetMusic\Neil Young\books\Neil Young - Harvest [Score].pdf","True","Harvest [score]","0"
"Neil Young","Neil Young - The Best Of Neil Young [PVG Book]","C:\Work\AWSMusic\SheetMusic\Neil Young\books\Neil Young - The Best Of Neil Young [PVG Book].pdf","True","The Best Of Neil Young [pvg Book]","0"
"Night Ranger","Night Ranger - Best Of 2 [Jap Score]","C:\Work\AWSMusic\SheetMusic\Night Ranger\books\Night Ranger - Best Of 2 [Jap Score].pdf","False","","0"
"Night Ranger","Night Ranger - Seven Wishes [Jap Score]","C:\Work\AWSMusic\SheetMusic\Night Ranger\books\Night Ranger - Seven Wishes [Jap Score].pdf","True","Seven Wishes [jap Score]","0"
"Paul McCartney","Paul McCartney - All The Best","C:\Work\AWSMusic\SheetMusic\Paul McCartney\books\Paul McCartney - All The Best.pdf","True","All The Best","22"
"Paul McCartney","Paul McCartney - Chaos And Creation In The Backyard [PVG Book]","C:\Work\AWSMusic\SheetMusic\Paul McCartney\books\Paul McCartney - Chaos And Creation In The Backyard [PVG Book].pdf","True","Chaos And Creation In The Backyard [pvg Book]","0"
"Paul McCartney","Paul McCartney - Flowers In The Dirt","C:\Work\AWSMusic\SheetMusic\Paul McCartney\books\Paul McCartney - Flowers In The Dirt.pdf","True","Flowers In The Dirt","14"
"Paul McCartney","Paul McCartney - Press To Play","C:\Work\AWSMusic\SheetMusic\Paul McCartney\books\Paul McCartney - Press To Play.pdf","True","Press To Play","14"
"Paul McCartney","Paul McCartney - Ram","C:\Work\AWSMusic\SheetMusic\Paul McCartney\books\Paul McCartney - Ram.pdf","True","Ram","10"
"Paul McCartney","Paul McCartney - Tripping The Live Fantastic [PVG Book]","C:\Work\AWSMusic\SheetMusic\Paul McCartney\books\Paul McCartney - Tripping The Live Fantastic [PVG Book].pdf","True","Tripping The Live Fantastic [pvg Book]","0"
"Paul McCartney","Paul McCartney - Tug Of War [PVG Book]","C:\Work\AWSMusic\SheetMusic\Paul McCartney\books\Paul McCartney - Tug Of War [PVG Book].pdf","True","Tug Of War [pvg Book]","0"
"Paul Simon","Paul Simon - Anthology","C:\Work\AWSMusic\SheetMusic\Paul Simon\books\Paul Simon - Anthology.pdf","True","Anthology","49"
"Paul Simon","Simon & Garfunkel's Greatest Hits","C:\Work\AWSMusic\SheetMusic\Paul Simon\books\Simon & Garfunkel's Greatest Hits.pdf","True","Simon & Garfunkel's Greatest Hits","14"
"Peter Frampton","Peter Frampton - The Best Of [Guitar Tab]","C:\Work\AWSMusic\SheetMusic\Peter Frampton\books\Peter Frampton - The Best Of [Guitar Tab].pdf","True","The Best Of [guitar Tab]","0"
"Pink","Pink - Funhouse [PVG]","C:\Work\AWSMusic\SheetMusic\Pink\books\Pink - Funhouse [PVG].pdf","True","Funhouse [pvg]","0"
"Pink","Pink - I'm Not Dead [PVG Book]","C:\Work\AWSMusic\SheetMusic\Pink\books\Pink - I'm Not Dead [PVG Book].pdf","True","I'm Not Dead [pvg Book]","0"
"Pink","Pink - Missundaztood [PVG Book]","C:\Work\AWSMusic\SheetMusic\Pink\books\Pink - Missundaztood [PVG Book].pdf","True","Missundaztood [pvg Book]","0"
"Pink Floyd","Pink Floyd - Anthology (book)","C:\Work\AWSMusic\SheetMusic\Pink Floyd\books\Pink Floyd - Anthology (book).pdf","True","Anthology (book)","38"
"Pink Floyd","Pink Floyd - Anthology - p110-175","C:\Work\AWSMusic\SheetMusic\Pink Floyd\books\Pink Floyd - Anthology - p110-175.pdf","True","Anthology - P110-175","1"
"Pink Floyd","Pink Floyd - Anthology - p58-109","C:\Work\AWSMusic\SheetMusic\Pink Floyd\books\Pink Floyd - Anthology - p58-109.pdf","True","Anthology - P58-109","1"
"Pink Floyd","Pink Floyd - Anthology [PVG]","C:\Work\AWSMusic\SheetMusic\Pink Floyd\books\Pink Floyd - Anthology [PVG].pdf","True","Anthology [pvg]","0"
"Pink Floyd","Pink Floyd - Dark Side of the Moon (2)","C:\Work\AWSMusic\SheetMusic\Pink Floyd\books\Pink Floyd - Dark Side of the Moon (2).pdf","True","Dark Side Of The Moon (2)","1"
"Pink Floyd","Pink Floyd - Dark Side of the Moon [PVG]","C:\Work\AWSMusic\SheetMusic\Pink Floyd\books\Pink Floyd - Dark Side of the Moon [PVG].pdf","True","Dark Side Of The Moon [pvg]","0"
"Pink Floyd","Pink Floyd - Dark Side Of The Moon","C:\Work\AWSMusic\SheetMusic\Pink Floyd\books\Pink Floyd - Dark Side Of The Moon.pdf","True","Dark Side Of The Moon","1"
"Pink Floyd","Pink Floyd - Pink Floyd Songbook","C:\Work\AWSMusic\SheetMusic\Pink Floyd\books\Pink Floyd - Pink Floyd Songbook.pdf","True","Pink Floyd Songbook","10"
"Pink Floyd","Pink Floyd - The Wall [PVG]","C:\Work\AWSMusic\SheetMusic\Pink Floyd\books\Pink Floyd - The Wall [PVG].pdf","True","The Wall [pvg]","0"
"Pink Floyd","Pink Floyd - Wish You Were Here [PVG]","C:\Work\AWSMusic\SheetMusic\Pink Floyd\books\Pink Floyd - Wish You Were Here [PVG].pdf","True","Wish You Were Here [pvg]","0"
"Pink Floyd","Pink Floyd - Wish You Were Here","C:\Work\AWSMusic\SheetMusic\Pink Floyd\books\Pink Floyd - Wish You Were Here.pdf","True","Wish You Were Here","11"
"Police","Police - The Great Songs of The Police","C:\Work\AWSMusic\SheetMusic\Police\books\Police - The Great Songs of The Police.pdf","True","The Great Songs Of The Police","12"
"Pretenders","Pretenders - Best of Pretenders","C:\Work\AWSMusic\SheetMusic\Pretenders\books\Pretenders - Best of Pretenders.pdf","True","Best Of Pretenders","16"
"Prince","Prince - Purple Rain [Score]","C:\Work\AWSMusic\SheetMusic\Prince\books\Prince - Purple Rain [Score].pdf","True","Purple Rain [score]","0"
"Queen","Queen - Deluxe Anthology [PVG]","C:\Work\AWSMusic\SheetMusic\Queen\books\Queen - Deluxe Anthology [PVG].pdf","True","Deluxe Anthology [pvg]","0"
"Queen","Queen - Greatest Hits 1 [Score]","C:\Work\AWSMusic\SheetMusic\Queen\books\Queen - Greatest Hits 1 [Score].pdf","True","Greatest Hits 1 [score]","0"
"Queen","Queen - Greatest Hits II [PVG]","C:\Work\AWSMusic\SheetMusic\Queen\books\Queen - Greatest Hits II [PVG].pdf","True","Greatest Hits Ii [pvg]","0"
"Queen","Queen - Greatest Hits","C:\Work\AWSMusic\SheetMusic\Queen\books\Queen - Greatest Hits.pdf","True","Greatest Hits","1"
"Queen","Queen - Hit Songs","C:\Work\AWSMusic\SheetMusic\Queen\books\Queen - Hit Songs.pdf","True","Hit Songs","22"
"Randy Newman","Randy Newman - Collection","C:\Work\AWSMusic\SheetMusic\Randy Newman\books\Randy Newman - Collection.pdf","True","Collection","1"
"REO Speedwagon","REO Speedwagon - Good Trouble","C:\Work\AWSMusic\SheetMusic\REO Speedwagon\books\REO Speedwagon - Good Trouble.pdf","True","Good Trouble","1"
"REO Speedwagon","REO Speedwagon - Hi Infidelity","C:\Work\AWSMusic\SheetMusic\REO Speedwagon\books\REO Speedwagon - Hi Infidelity.pdf","True","Hi Infidelity","1"
"REO Speedwagon","REO Speedwagon - Life As We Know It","C:\Work\AWSMusic\SheetMusic\REO Speedwagon\books\REO Speedwagon - Life As We Know It.pdf","False","","0"
"REO Speedwagon","REO Speedwagon - The Hits","C:\Work\AWSMusic\SheetMusic\REO Speedwagon\books\REO Speedwagon - The Hits.pdf","True","The Hits","12"
"Robbie Robertson","Robbie Robertson - Songbook [Guitar Tab]","C:\Work\AWSMusic\SheetMusic\Robbie Robertson\books\Robbie Robertson - Songbook [Guitar Tab].pdf","False","","0"
"Rod Stewart","Rod Stewart - The Great American Songbook","C:\Work\AWSMusic\SheetMusic\Rod Stewart\books\Rod Stewart - The Great American Songbook.pdf","True","The Great American Songbook","16"
"Rolling Stones","Rolling Stones - Best Of Rolling Stones 1963-1973 Piano Songbook","C:\Work\AWSMusic\SheetMusic\Rolling Stones\books\Rolling Stones - Best Of Rolling Stones 1963-1973 Piano Songbook.pdf","True","Best Of Rolling Stones 1963-1973 Piano Songbook","20"
"Rolling Stones","Rolling Stones - Let It Bleed [Guitar Tab]","C:\Work\AWSMusic\SheetMusic\Rolling Stones\books\Rolling Stones - Let It Bleed [Guitar Tab].pdf","True","Let It Bleed [guitar Tab]","0"
"Rolling Stones","Rolling Stones - Sticky Fingers [Score]","C:\Work\AWSMusic\SheetMusic\Rolling Stones\books\Rolling Stones - Sticky Fingers [Score].pdf","True","Sticky Fingers [score]","0"
"Roy Orbison","Roy Orbison - Greatest Hits","C:\Work\AWSMusic\SheetMusic\Roy Orbison\books\Roy Orbison - Greatest Hits.pdf","True","Greatest Hits","19"
"Santana","Santana - Off The Record","C:\Work\AWSMusic\SheetMusic\Santana\books\Santana - Off The Record.pdf","True","Off The Record","8"
"Scott Joplin","Scott Joplin - The Best Of","C:\Work\AWSMusic\SheetMusic\Scott Joplin\books\Scott Joplin - The Best Of.pdf","True","The Best Of","17"
"Shania Twain","Shania Twain - Greatest Hits","C:\Work\AWSMusic\SheetMusic\Shania Twain\books\Shania Twain - Greatest Hits.pdf","True","Greatest Hits","21"
"Shania Twain","Shania Twain - Up! [PVG Book]","C:\Work\AWSMusic\SheetMusic\Shania Twain\books\Shania Twain - Up! [PVG Book].pdf","True","Up! [pvg Book]","0"
"Sheryl Crow","Sheryl Crow - Tuesday Night Music Club [PVG Book]","C:\Work\AWSMusic\SheetMusic\Sheryl Crow\books\Sheryl Crow - Tuesday Night Music Club [PVG Book].pdf","True","Tuesday Night Music Club [pvg Book]","0"
"Sheryl Crow","Sheryl Crow - Very Best","C:\Work\AWSMusic\SheetMusic\Sheryl Crow\books\Sheryl Crow - Very Best.pdf","True","Very Best","17"
"Spice Girls","Spice Girls - Greatest Hits","C:\Work\AWSMusic\SheetMusic\Spice Girls\books\Spice Girls - Greatest Hits.pdf","True","Greatest Hits","11"
"Steely Dan","Steely Dan - The Best","C:\Work\AWSMusic\SheetMusic\Steely Dan\books\Steely Dan - The Best.pdf","False","","0"
"Steve Miller Band","Steve Miller Band - 13 Biggest Hits","C:\Work\AWSMusic\SheetMusic\Steve Miller Band\books\Steve Miller Band - 13 Biggest Hits.pdf","True","13 Biggest Hits","13"
"Steve Miller Band","Steve Miller Band - Rock Best Hits [Jap Score]","C:\Work\AWSMusic\SheetMusic\Steve Miller Band\books\Steve Miller Band - Rock Best Hits [Jap Score].pdf","True","Rock Best Hits [jap Score]","0"
"Steve Winwood","Steve Winwood - Arc Of A Diver [PVG Book]","C:\Work\AWSMusic\SheetMusic\Steve Winwood\books\Steve Winwood - Arc Of A Diver [PVG Book].pdf","True","Arc Of A Diver [pvg Book]","0"
"Steve Winwood","Steve Winwood - The Great Songs Of","C:\Work\AWSMusic\SheetMusic\Steve Winwood\books\Steve Winwood - The Great Songs Of.pdf","True","The Great Songs Of","8"
"Supertramp","Supertramp - Anthology","C:\Work\AWSMusic\SheetMusic\Supertramp\books\Supertramp - Anthology.pdf","True","Anthology","2"
"Supertramp","Supertramp - Breakfast in America [PVG Book]","C:\Work\AWSMusic\SheetMusic\Supertramp\books\Supertramp - Breakfast in America [PVG Book].pdf","True","Breakfast In America [pvg Book]","0"
"Supertramp","Supertramp - Crime of the Century [Book]","C:\Work\AWSMusic\SheetMusic\Supertramp\books\Supertramp - Crime of the Century [Book].pdf","True","Crime Of The Century [book]","0"
"Survivor","Survivor - Greatest Hits","C:\Work\AWSMusic\SheetMusic\Survivor\books\Survivor - Greatest Hits.pdf","True","Greatest Hits","10"
"Taylor Swift","Taylor Swift  - Best Of [Easy Piano]","C:\Work\AWSMusic\SheetMusic\Taylor Swift\books\Taylor Swift  - Best Of [Easy Piano].pdf","False","","0"
"Taylor Swift","Taylor Swift - Fearless [PVG Book]","C:\Work\AWSMusic\SheetMusic\Taylor Swift\books\Taylor Swift - Fearless [PVG Book].pdf","True","Fearless [pvg Book]","0"
"Taylor Swift","Taylor Swift - Speak Now [PVG Book]","C:\Work\AWSMusic\SheetMusic\Taylor Swift\books\Taylor Swift - Speak Now [PVG Book].pdf","True","Speak Now [pvg Book]","0"
"Taylor Swift","Taylor Swift - Taylor Swift [Guitar Compilation]","C:\Work\AWSMusic\SheetMusic\Taylor Swift\books\Taylor Swift - Taylor Swift [Guitar Compilation].pdf","True","Taylor Swift [guitar Compilation]","0"
"Taylor Swift","Taylor Swift - Taylor Swift","C:\Work\AWSMusic\SheetMusic\Taylor Swift\books\Taylor Swift - Taylor Swift.pdf","True","Taylor Swift","11"
"The Band","Band - Northern Lights Southern Cross [PVG]","C:\Work\AWSMusic\SheetMusic\The Band\books\Band - Northern Lights Southern Cross [PVG].pdf","True","Band - Northern Lights Southern Cross [pvg]","0"
"The Band","Band - Stage Fright [PVG]","C:\Work\AWSMusic\SheetMusic\The Band\books\Band - Stage Fright [PVG].pdf","True","Band - Stage Fright [pvg]","0"
"The Band","The Band - Rock Of Ages [PVG Book]","C:\Work\AWSMusic\SheetMusic\The Band\books\The Band - Rock Of Ages [PVG Book].pdf","True","Rock Of Ages [pvg Book]","0"
"The Band","The Band - The Band  and Music From Big Pink","C:\Work\AWSMusic\SheetMusic\The Band\books\The Band - The Band  and Music From Big Pink.pdf","True","The Band And Music From Big Pink","21"
"Tom Lehrer","Tom Lehrer - Book Covers","C:\Work\AWSMusic\SheetMusic\Tom Lehrer\books\Tom Lehrer - Book Covers.pdf","False","","0"
"Tom Lehrer","Tom Lehrer - Too Many Songs [PVC Book]","C:\Work\AWSMusic\SheetMusic\Tom Lehrer\books\Tom Lehrer - Too Many Songs [PVC Book].pdf","False","","0"
"Tom Waits","Tom Waits - Anthology","C:\Work\AWSMusic\SheetMusic\Tom Waits\books\Tom Waits - Anthology.pdf","True","Anthology","29"
"Tom Waits","Tom Waits - Tom Waits Anthology","C:\Work\AWSMusic\SheetMusic\Tom Waits\books\Tom Waits - Tom Waits Anthology.pdf","False","","0"
"Tori Amos","Tori Amos - [Book] Anthology","C:\Work\AWSMusic\SheetMusic\Tori Amos\books\Tori Amos - [Book] Anthology.pdf","True","[book] Anthology","0"
"Toto","Toto - Best of","C:\Work\AWSMusic\SheetMusic\Toto\books\Toto - Best of.pdf","True","Best Of","5"
"Toto","Toto - Collection","C:\Work\AWSMusic\SheetMusic\Toto\books\Toto - Collection.pdf","True","Collection","13"
"Toto","Toto - Past To Present [Book]","C:\Work\AWSMusic\SheetMusic\Toto\books\Toto - Past To Present [Book].pdf","True","Past To Present [book]","0"
"Traveling Wilburys","Traveling Wilburys - Volume 1","C:\Work\AWSMusic\SheetMusic\Traveling Wilburys\books\Traveling Wilburys - Volume 1.pdf","True","Volume 1","1"
"Van Morrison","Van Morrison - Anthology (2)","C:\Work\AWSMusic\SheetMusic\Van Morrison\books\Van Morrison - Anthology (2).pdf","True","Anthology (2)","21"
"Van Morrison","Van Morrison - Anthology","C:\Work\AWSMusic\SheetMusic\Van Morrison\books\Van Morrison - Anthology.pdf","True","Anthology","25"
"Van Morrison","Van Morrison - Back On Top [Book]","C:\Work\AWSMusic\SheetMusic\Van Morrison\books\Van Morrison - Back On Top [Book].pdf","True","Back On Top [book]","0"
"Van Morrison","Van Morrison - Days Like These (Book)","C:\Work\AWSMusic\SheetMusic\Van Morrison\books\Van Morrison - Days Like These (Book).pdf","True","Days Like These (book)","2"
"Various Artists","Various Artists - 100 Songs For Kids - (Easy Guitar Songbook)","C:\Work\AWSMusic\SheetMusic\Various Artists\books\Various Artists - 100 Songs For Kids - (Easy Guitar Songbook).pdf","True","100 Songs For Kids - (easy Guitar Songbook)","98"
"Various Artists","Various Artists - 50 Platinum Country Hits","C:\Work\AWSMusic\SheetMusic\Various Artists\books\Various Artists - 50 Platinum Country Hits.pdf","True","50 Platinum Country Hits","50"
"Various Artists","Various Artists - 50's and 60's","C:\Work\AWSMusic\SheetMusic\Various Artists\books\Various Artists - 50's and 60's.pdf","True","50's And 60's","1"
"Various Artists","Various Artists - 557 Standards (Sheet Music - Piano)(2)","C:\Work\AWSMusic\SheetMusic\Various Artists\books\Various Artists - 557 Standards (Sheet Music - Piano)(2).pdf","True","557 Standards (sheet Music - Piano)(2)","345"
"Various Artists","Various Artists - 62 Stars 62 Hits [60's Compilation]","C:\Work\AWSMusic\SheetMusic\Various Artists\books\Various Artists - 62 Stars 62 Hits [60's Compilation].pdf","True","62 Stars 62 Hits [60's Compilation]","0"
"Various Artists","Various Artists - 70's Collection -   (57pp)","C:\Work\AWSMusic\SheetMusic\Various Artists\books\Various Artists - 70's Collection -   (57pp).pdf","True","70's Collection - (57pp)","1"
"Various Artists","Various Artists - 70's Hits [Easy Piano]","C:\Work\AWSMusic\SheetMusic\Various Artists\books\Various Artists - 70's Hits [Easy Piano].pdf","True","70's Hits [easy Piano]","0"
"Various Artists","Various Artists - Adult Contemporary Hits Of The Nineties","C:\Work\AWSMusic\SheetMusic\Various Artists\books\Various Artists - Adult Contemporary Hits Of The Nineties.pdf","True","Adult Contemporary Hits Of The Nineties","30"
"Various Artists","Various Artists - All Time Best Collection Vol 3","C:\Work\AWSMusic\SheetMusic\Various Artists\books\Various Artists - All Time Best Collection Vol 3.pdf","True","All Time Best Collection Vol 3","18"
"Various Artists","Various Artists - Best in Country Sheet Music","C:\Work\AWSMusic\SheetMusic\Various Artists\books\Various Artists - Best in Country Sheet Music.pdf","True","Best In Country Sheet Music","26"
"Various Artists","Various Artists - Best Of 80s Rock [PVG]","C:\Work\AWSMusic\SheetMusic\Various Artists\books\Various Artists - Best Of 80s Rock [PVG].pdf","True","Best Of 80s Rock [pvg]","0"
"Various Artists","Various Artists - Best Of The 70s & 80s [Solo Piano]","C:\Work\AWSMusic\SheetMusic\Various Artists\books\Various Artists - Best Of The 70s & 80s [Solo Piano].pdf","True","Best Of The 70s & 80s [solo Piano]","0"
"Various Artists","Various Artists - Best Rock Songs 2000-2005","C:\Work\AWSMusic\SheetMusic\Various Artists\books\Various Artists - Best Rock Songs 2000-2005.pdf","True","Best Rock Songs 2000-2005","18"
"Various Artists","Various Artists - Biggest Pop Hits 1996-1997","C:\Work\AWSMusic\SheetMusic\Various Artists\books\Various Artists - Biggest Pop Hits 1996-1997.pdf","True","Biggest Pop Hits 1996-1997","26"
"Various Artists","Various Artists - Chart Hits 01-02","C:\Work\AWSMusic\SheetMusic\Various Artists\books\Various Artists - Chart Hits 01-02.pdf","True","Chart Hits 01-02","1"
"Various Artists","Various Artists - Chart Hits 04-05","C:\Work\AWSMusic\SheetMusic\Various Artists\books\Various Artists - Chart Hits 04-05.pdf","True","Chart Hits 04-05","19"
"Various Artists","Various Artists - Chart Hits 98-99","C:\Work\AWSMusic\SheetMusic\Various Artists\books\Various Artists - Chart Hits 98-99.pdf","True","Chart Hits 98-99","26"
"Various Artists","Various Artists - Classic Rock - 73 songs","C:\Work\AWSMusic\SheetMusic\Various Artists\books\Various Artists - Classic Rock - 73 songs.pdf","True","Classic Rock - 73 Songs","73"
"Various Artists","Various Artists - Collection Of Country Music","C:\Work\AWSMusic\SheetMusic\Various Artists\books\Various Artists - Collection Of Country Music.pdf","True","Collection Of Country Music","72"
"Various Artists","Various Artists - Complete Piano Player Easy Blues (22 songs)","C:\Work\AWSMusic\SheetMusic\Various Artists\books\Various Artists - Complete Piano Player Easy Blues (22 songs).pdf","True","Complete Piano Player Easy Blues (22 Songs)","21"
"Various Artists","Various Artists - Country Classics [PVG]","C:\Work\AWSMusic\SheetMusic\Various Artists\books\Various Artists - Country Classics [PVG].pdf","True","Country Classics [pvg]","0"
"Various Artists","Various Artists - Even More Songs Of The Eighties [PVG]","C:\Work\AWSMusic\SheetMusic\Various Artists\books\Various Artists - Even More Songs Of The Eighties [PVG].pdf","True","Even More Songs Of The Eighties [pvg]","0"
"Various Artists","Various Artists - Golden Era of Rock and Roll (grab it!)","C:\Work\AWSMusic\SheetMusic\Various Artists\books\Various Artists - Golden Era of Rock and Roll (grab it!).pdf","True","Golden Era Of Rock And Roll (grab It!)","99"
"Various Artists","Various Artists - Great Bands Of The 60s [PVG Book]","C:\Work\AWSMusic\SheetMusic\Various Artists\books\Various Artists - Great Bands Of The 60s [PVG Book].pdf","True","Great Bands Of The 60s [pvg Book]","0"
"Various Artists","Various Artists - Great Bands Of The 70s [PVG Book]","C:\Work\AWSMusic\SheetMusic\Various Artists\books\Various Artists - Great Bands Of The 70s [PVG Book].pdf","True","Great Bands Of The 70s [pvg Book]","0"
"Various Artists","Various Artists - Great Big Book of Children's Songs","C:\Work\AWSMusic\SheetMusic\Various Artists\books\Various Artists - Great Big Book of Children's Songs.pdf","True","Great Big Book Of Children's Songs","73"
"Various Artists","Various Artists - Great Country Collection","C:\Work\AWSMusic\SheetMusic\Various Artists\books\Various Artists - Great Country Collection.pdf","True","Great Country Collection","14"
"Various Artists","Various Artists - Great Songs Of The 70s [Guitar Tab]","C:\Work\AWSMusic\SheetMusic\Various Artists\books\Various Artists - Great Songs Of The 70s [Guitar Tab].pdf","True","Great Songs Of The 70s [guitar Tab]","0"
"Various Artists","Various Artists - Greatest Hits Of 2004-2005","C:\Work\AWSMusic\SheetMusic\Various Artists\books\Various Artists - Greatest Hits Of 2004-2005.pdf","True","Greatest Hits Of 2004-2005","59"
"Various Artists","Various Artists - Greatest Love Songs Of 80s","C:\Work\AWSMusic\SheetMusic\Various Artists\books\Various Artists - Greatest Love Songs Of 80s.pdf","True","Greatest Love Songs Of 80s","25"
"Various Artists","Various Artists - Greatest Love Songs Of The 60s","C:\Work\AWSMusic\SheetMusic\Various Artists\books\Various Artists - Greatest Love Songs Of The 60s.pdf","True","Greatest Love Songs Of The 60s","25"
"Various Artists","Various Artists - Greatest Love Songs Of The 70s","C:\Work\AWSMusic\SheetMusic\Various Artists\books\Various Artists - Greatest Love Songs Of The 70s.pdf","True","Greatest Love Songs Of The 70s","26"
"Various Artists","Various Artists - Greatest Love Songs Of The 80s","C:\Work\AWSMusic\SheetMusic\Various Artists\books\Various Artists - Greatest Love Songs Of The 80s.pdf","True","Greatest Love Songs Of The 80s","25"
"Various Artists","Various Artists - Heavy Metal Vol. III","C:\Work\AWSMusic\SheetMusic\Various Artists\books\Various Artists - Heavy Metal Vol. III.pdf","True","Heavy Metal Vol. Iii","13"
"Various Artists","Various Artists - Heavy Rock Hits Of The 80s [PVG]","C:\Work\AWSMusic\SheetMusic\Various Artists\books\Various Artists - Heavy Rock Hits Of The 80s [PVG].pdf","True","Heavy Rock Hits Of The 80s [pvg]","0"
"Various Artists","Various Artists - History Of Rock - Late 80s","C:\Work\AWSMusic\SheetMusic\Various Artists\books\Various Artists - History Of Rock - Late 80s.pdf","True","History Of Rock - Late 80s","43"
"Various Artists","Various Artists - More Songs Of The Eighties [PVG]","C:\Work\AWSMusic\SheetMusic\Various Artists\books\Various Artists - More Songs Of The Eighties [PVG].pdf","True","More Songs Of The Eighties [pvg]","0"
"Various Artists","Various Artists - Music For The Millenium - The Seventies","C:\Work\AWSMusic\SheetMusic\Various Artists\books\Various Artists - Music For The Millenium - The Seventies.pdf","True","Music For The Millenium - The Seventies","17"
"Various Artists","Various Artists - Music For The Millennium The Seventies","C:\Work\AWSMusic\SheetMusic\Various Artists\books\Various Artists - Music For The Millennium The Seventies.pdf","True","Music For The Millennium The Seventies","17"
"Various Artists","Various Artists - Oldies But Goodies","C:\Work\AWSMusic\SheetMusic\Various Artists\books\Various Artists - Oldies But Goodies.pdf","True","Oldies But Goodies","40"
"Various Artists","Various Artists - Popular Piano Solos","C:\Work\AWSMusic\SheetMusic\Various Artists\books\Various Artists - Popular Piano Solos.pdf","True","Popular Piano Solos","11"
"Various Artists","Various Artists - Songs Of The 60s [PVG]","C:\Work\AWSMusic\SheetMusic\Various Artists\books\Various Artists - Songs Of The 60s [PVG].pdf","True","Songs Of The 60s [pvg]","0"
"Various Artists","Various Artists - The 1980s","C:\Work\AWSMusic\SheetMusic\Various Artists\books\Various Artists - The 1980s.pdf","True","The 1980s","30"
"Various Artists","Various Artists - The 60s and 70s Rock Score","C:\Work\AWSMusic\SheetMusic\Various Artists\books\Various Artists - The 60s and 70s Rock Score.pdf","True","The 60s And 70s Rock Score","9"
"Various Artists","Various Artists - The Best Children's Songs Ever (Easy Piano)","C:\Work\AWSMusic\SheetMusic\Various Artists\books\Various Artists - The Best Children's Songs Ever (Easy Piano).pdf","True","The Best Children's Songs Ever (easy Piano)","103"
"Various Artists","Various Artists - The Decade Series - The 1980s","C:\Work\AWSMusic\SheetMusic\Various Artists\books\Various Artists - The Decade Series - The 1980s.pdf","True","The Decade Series - The 1980s","30"
"Various Artists","Various Artists - The Greatest Love Songs of the 80s","C:\Work\AWSMusic\SheetMusic\Various Artists\books\Various Artists - The Greatest Love Songs of the 80s.pdf","True","The Greatest Love Songs Of The 80s","25"
"Various Artists","Various Artists - Ultimate 100 Pop Hits Of The 90s","C:\Work\AWSMusic\SheetMusic\Various Artists\books\Various Artists - Ultimate 100 Pop Hits Of The 90s.pdf","True","Ultimate 100 Pop Hits Of The 90s","101"
"Various Artists","Various Artists - Ultimate 80s Songs","C:\Work\AWSMusic\SheetMusic\Various Artists\books\Various Artists - Ultimate 80s Songs.pdf","False","","0"
"Various Artists","Various Artists - Ultimate Pop Sheet Music Collection 2000","C:\Work\AWSMusic\SheetMusic\Various Artists\books\Various Artists - Ultimate Pop Sheet Music Collection 2000.pdf","True","Ultimate Pop Sheet Music Collection 2000","84"
"Vince Guaraldi","Vince Guaraldi - Peanuts Songbook","C:\Work\AWSMusic\SheetMusic\Vince Guaraldi\books\Vince Guaraldi - Peanuts Songbook.pdf","True","Peanuts Songbook","28"
"Vince Guaraldi","Vince Guaraldi - The Vince Guaraldi Collection","C:\Work\AWSMusic\SheetMusic\Vince Guaraldi\books\Vince Guaraldi - The Vince Guaraldi Collection.pdf","True","The Vince Guaraldi Collection","9"
"Whitney Houston","Whitney Houston - The Best Of","C:\Work\AWSMusic\SheetMusic\Whitney Houston\books\Whitney Houston - The Best Of.pdf","True","The Best Of","10"
"Who","Who - Quadrophenia (PVG)","C:\Work\AWSMusic\SheetMusic\Who\books\Who - Quadrophenia (PVG).pdf","False","","0"
"Who","Who - Who Anthology-(0001)","C:\Work\AWSMusic\SheetMusic\Who\books\Who - Who Anthology-(0001).pdf","True","Who Anthology-(0001)","1"
"Who","Who - Who Anthology","C:\Work\AWSMusic\SheetMusic\Who\books\Who - Who Anthology.pdf","True","Who Anthology","44"
"Wings","Wings - Greatest Hits","C:\Work\AWSMusic\SheetMusic\Wings\books\Wings - Greatest Hits.pdf","False","","0"
"Wings","Wings - London Town (PVG Book)","C:\Work\AWSMusic\SheetMusic\Wings\books\Wings - London Town (PVG Book).pdf","False","","0"
"Wings","Wings - Over America [PVG]","C:\Work\AWSMusic\SheetMusic\Wings\books\Wings - Over America [PVG].pdf","False","","0"
"Yes","Yes - Complete Deluxe Edition","C:\Work\AWSMusic\SheetMusic\Yes\books\Yes - Complete Deluxe Edition.pdf","True","Complete Deluxe Edition","29"
"ZZ Top","ZZ Top- Greatest Hits (2)","C:\Work\AWSMusic\SheetMusic\ZZ Top\books\ZZ Top- Greatest Hits (2).pdf","False","","0"
"ZZ Top","ZZ Top- Greatest Hits","C:\Work\AWSMusic\SheetMusic\ZZ Top\books\ZZ Top- Greatest Hits.pdf","False","","0"
"_Broadway Shows","A Treasury of Gilbert & Sullivan Part 1","C:\Work\AWSMusic\SheetMusic\_Broadway Shows\books\A Treasury of Gilbert & Sullivan Part 1.pdf","True","A Treasury Of Gilbert & Sullivan Part 1","50"
"_Broadway Shows","A Treasury of Gilbert & Sullivan Part 2","C:\Work\AWSMusic\SheetMusic\_Broadway Shows\books\A Treasury of Gilbert & Sullivan Part 2.pdf","True","A Treasury Of Gilbert & Sullivan Part 2","47"
"_Broadway Shows","Lambert and Morrison - The Drowsy Chaperone (Version 1)","C:\Work\AWSMusic\SheetMusic\_Broadway Shows\books\Lambert and Morrison - The Drowsy Chaperone (Version 1).pdf","True","Lambert And Morrison - The Drowsy Chaperone (version 1)","1"
"_Broadway Shows","Lambert and Morrison - The Drowsy Chaperone (Version 2)","C:\Work\AWSMusic\SheetMusic\_Broadway Shows\books\Lambert and Morrison - The Drowsy Chaperone (Version 2).pdf","True","Lambert And Morrison - The Drowsy Chaperone (version 2)","2"
"_Broadway Shows","Lerner and Loewe - Camelot","C:\Work\AWSMusic\SheetMusic\_Broadway Shows\books\Lerner and Loewe - Camelot.pdf","True","Lerner And Loewe - Camelot","16"
"_Broadway Shows","Mamma Mia","C:\Work\AWSMusic\SheetMusic\_Broadway Shows\books\Mamma Mia.pdf","True","Mamma Mia","15"
"_Broadway Shows","Rogers and Hammerstein - South Pacific","C:\Work\AWSMusic\SheetMusic\_Broadway Shows\books\Rogers and Hammerstein - South Pacific.pdf","True","Rogers And Hammerstein - South Pacific","7"
"_Broadway Shows","The Wedding Singer","C:\Work\AWSMusic\SheetMusic\_Broadway Shows\books\The Wedding Singer.pdf","True","The Wedding Singer","72"
"_Broadway Shows","Various Artists - 25th Annual Putnam County Spelling Bee","C:\Work\AWSMusic\SheetMusic\_Broadway Shows\books\Various Artists - 25th Annual Putnam County Spelling Bee.pdf","False","","0"
"_Broadway Shows","Various Artists - Aida","C:\Work\AWSMusic\SheetMusic\_Broadway Shows\books\Various Artists - Aida.pdf","True","Various Artists - Aida","1"
"_Broadway Shows","Various Artists - Aladdin (book)","C:\Work\AWSMusic\SheetMusic\_Broadway Shows\books\Various Artists - Aladdin (book).pdf","True","Various Artists - Aladdin (book)","8"
"_Broadway Shows","Various Artists - Aladdin Jr","C:\Work\AWSMusic\SheetMusic\_Broadway Shows\books\Various Artists - Aladdin Jr.pdf","True","Various Artists - Aladdin Jr","34"
"_Broadway Shows","Various Artists - Annie - Full Score","C:\Work\AWSMusic\SheetMusic\_Broadway Shows\books\Various Artists - Annie - Full Score.pdf","True","Various Artists - Annie - Full Score","29"
"_Broadway Shows","Various Artists - Avenue Q - Full Score","C:\Work\AWSMusic\SheetMusic\_Broadway Shows\books\Various Artists - Avenue Q - Full Score.pdf","True","Various Artists - Avenue Q - Full Score","1"
"_Broadway Shows","Various Artists - Avenue X - Vocal Chorus Book","C:\Work\AWSMusic\SheetMusic\_Broadway Shows\books\Various Artists - Avenue X - Vocal Chorus Book.pdf","True","Various Artists - Avenue X - Vocal Chorus Book","25"
"_Broadway Shows","Various Artists - Beauty and the Beast (1994 MTI PC Score, complete)","C:\Work\AWSMusic\SheetMusic\_Broadway Shows\books\Various Artists - Beauty and the Beast (1994 MTI PC Score, complete).pdf","True","Various Artists - Beauty And The Beast (1994 Mti Pc Score, Complete)","23"
"_Broadway Shows","Various Artists - Beauty and the Beast [Score]","C:\Work\AWSMusic\SheetMusic\_Broadway Shows\books\Various Artists - Beauty and the Beast [Score].pdf","True","Various Artists - Beauty And The Beast [score]","0"
"_Broadway Shows","Various Artists - Best in Broadway Deluxe Edition","C:\Work\AWSMusic\SheetMusic\_Broadway Shows\books\Various Artists - Best in Broadway Deluxe Edition.pdf","True","Various Artists - Best In Broadway Deluxe Edition","62"
"_Broadway Shows","Various Artists - Cabaret (1998 version)","C:\Work\AWSMusic\SheetMusic\_Broadway Shows\books\Various Artists - Cabaret (1998 version).pdf","True","Various Artists - Cabaret (1998 Version)","2"
"_Broadway Shows","Various Artists - Cabaret (Original)","C:\Work\AWSMusic\SheetMusic\_Broadway Shows\books\Various Artists - Cabaret (Original).pdf","True","Various Artists - Cabaret (original)","3"
"_Broadway Shows","Various Artists - Cats - Conductor Score","C:\Work\AWSMusic\SheetMusic\_Broadway Shows\books\Various Artists - Cats - Conductor Score.pdf","True","Various Artists - Cats - Conductor Score","2"
"_Broadway Shows","Various Artists - Chicago (1975)","C:\Work\AWSMusic\SheetMusic\_Broadway Shows\books\Various Artists - Chicago (1975).pdf","True","Various Artists - Chicago (1975)","22"
"_Broadway Shows","Various Artists - Dear Evan Hansen (PVG)","C:\Work\AWSMusic\SheetMusic\_Broadway Shows\books\Various Artists - Dear Evan Hansen (PVG).pdf","True","Various Artists - Dear Evan Hansen (pvg)","15"
"_Broadway Shows","Various Artists - Dirty Rotten Scoundrels (Piano-Vocal)","C:\Work\AWSMusic\SheetMusic\_Broadway Shows\books\Various Artists - Dirty Rotten Scoundrels (Piano-Vocal).pdf","True","Various Artists - Dirty Rotten Scoundrels (piano-vocal)","1"
"_Broadway Shows","Various Artists - Evita  [Conductor Score]","C:\Work\AWSMusic\SheetMusic\_Broadway Shows\books\Various Artists - Evita  [Conductor Score].pdf","True","Various Artists - Evita [conductor Score]","0"
"_Broadway Shows","Various Artists - Evita [Score]","C:\Work\AWSMusic\SheetMusic\_Broadway Shows\books\Various Artists - Evita [Score].pdf","True","Various Artists - Evita [score]","0"
"_Broadway Shows","Various Artists - Footloose [Score]","C:\Work\AWSMusic\SheetMusic\_Broadway Shows\books\Various Artists - Footloose [Score].pdf","True","Various Artists - Footloose [score]","0"
"_Broadway Shows","Various Artists - Grease [1994 Score]","C:\Work\AWSMusic\SheetMusic\_Broadway Shows\books\Various Artists - Grease [1994 Score].pdf","True","Various Artists - Grease [1994 Score]","0"
"_Broadway Shows","Various Artists - Grease [2003 Score]","C:\Work\AWSMusic\SheetMusic\_Broadway Shows\books\Various Artists - Grease [2003 Score].pdf","True","Various Artists - Grease [2003 Score]","0"
"_Broadway Shows","Various Artists - Hair (rev 1995) - Piano Conductor Score","C:\Work\AWSMusic\SheetMusic\_Broadway Shows\books\Various Artists - Hair (rev 1995) - Piano Conductor Score.pdf","True","Various Artists - Hair (rev 1995) - Piano Conductor Score","44"
"_Broadway Shows","Various Artists - High School Musical 1 [Libretto]","C:\Work\AWSMusic\SheetMusic\_Broadway Shows\books\Various Artists - High School Musical 1 [Libretto].pdf","False","","0"
"_Broadway Shows","Various Artists - High School Musical [score]","C:\Work\AWSMusic\SheetMusic\_Broadway Shows\books\Various Artists - High School Musical [score].pdf","True","Various Artists - High School Musical [score]","0"
"_Broadway Shows","Various Artists - Jesus Christ Superstar","C:\Work\AWSMusic\SheetMusic\_Broadway Shows\books\Various Artists - Jesus Christ Superstar.pdf","True","Various Artists - Jesus Christ Superstar","8"
"_Broadway Shows","Various Artists - Legally Blonde - score","C:\Work\AWSMusic\SheetMusic\_Broadway Shows\books\Various Artists - Legally Blonde - score.pdf","True","Various Artists - Legally Blonde - Score","1"
"_Broadway Shows","Various Artists - Les Miserables - Full Score","C:\Work\AWSMusic\SheetMusic\_Broadway Shows\books\Various Artists - Les Miserables - Full Score.pdf","True","Various Artists - Les Miserables - Full Score","16"
"_Broadway Shows","Various Artists - Les Miserables - Piano-Conductor (complete)","C:\Work\AWSMusic\SheetMusic\_Broadway Shows\books\Various Artists - Les Miserables - Piano-Conductor (complete).pdf","True","Various Artists - Les Miserables - Piano-conductor (complete)","5"
"_Broadway Shows","Various Artists - Les Miserables - Piano-Conductor","C:\Work\AWSMusic\SheetMusic\_Broadway Shows\books\Various Artists - Les Miserables - Piano-Conductor.pdf","True","Various Artists - Les Miserables - Piano-conductor","4"
"_Broadway Shows","Various Artists - Lion King [Score]","C:\Work\AWSMusic\SheetMusic\_Broadway Shows\books\Various Artists - Lion King [Score].pdf","True","Various Artists - Lion King [score]","0"
"_Broadway Shows","Various Artists - Little Mermaid Workshop score","C:\Work\AWSMusic\SheetMusic\_Broadway Shows\books\Various Artists - Little Mermaid Workshop score.PDF","True","Various Artists - Little Mermaid Workshop Score","1"
"_Broadway Shows","Various Artists - Little Shop Of Horrors (Broadway)","C:\Work\AWSMusic\SheetMusic\_Broadway Shows\books\Various Artists - Little Shop Of Horrors (Broadway).pdf","False","","0"
"_Broadway Shows","Various Artists - Little Shop of Horrors (original)","C:\Work\AWSMusic\SheetMusic\_Broadway Shows\books\Various Artists - Little Shop of Horrors (original).pdf","True","Various Artists - Little Shop Of Horrors (original)","2"
"_Broadway Shows","Various Artists - Little Shop of Horrors Script","C:\Work\AWSMusic\SheetMusic\_Broadway Shows\books\Various Artists - Little Shop of Horrors Script.pdf","False","","0"
"_Broadway Shows","Various Artists - Mary Poppins","C:\Work\AWSMusic\SheetMusic\_Broadway Shows\books\Various Artists - Mary Poppins.pdf","True","Various Artists - Mary Poppins","1"
"_Broadway Shows","Various Artists - Phantom of Opera [SATB]","C:\Work\AWSMusic\SheetMusic\_Broadway Shows\books\Various Artists - Phantom of Opera [SATB].pdf","True","Various Artists - Phantom Of Opera [satb]","0"
"_Broadway Shows","Various Artists - Phantom of the Opera [Score]","C:\Work\AWSMusic\SheetMusic\_Broadway Shows\books\Various Artists - Phantom of the Opera [Score].pdf","True","Various Artists - Phantom Of The Opera [score]","0"
"_Broadway Shows","Various Artists - Phantom of the Opera","C:\Work\AWSMusic\SheetMusic\_Broadway Shows\books\Various Artists - Phantom of the Opera.pdf","True","Various Artists - Phantom Of The Opera","1"
"_Broadway Shows","Various Artists - Rent [Score]","C:\Work\AWSMusic\SheetMusic\_Broadway Shows\books\Various Artists - Rent [Score].pdf","True","Various Artists - Rent [score]","0"
"_Broadway Shows","Various Artists - Rocky Horror Show Revised - Full Score","C:\Work\AWSMusic\SheetMusic\_Broadway Shows\books\Various Artists - Rocky Horror Show Revised - Full Score.pdf","True","Various Artists - Rocky Horror Show Revised - Full Score","24"
"_Broadway Shows","Various Artists - Rocky Horror Show","C:\Work\AWSMusic\SheetMusic\_Broadway Shows\books\Various Artists - Rocky Horror Show.pdf","True","Various Artists - Rocky Horror Show","1"
"_Broadway Shows","Various Artists - Seussical - TYA","C:\Work\AWSMusic\SheetMusic\_Broadway Shows\books\Various Artists - Seussical - TYA.pdf","True","Various Artists - Seussical - Tya","38"
"_Broadway Shows","Various Artists - Seussical [Piano-Conductor]","C:\Work\AWSMusic\SheetMusic\_Broadway Shows\books\Various Artists - Seussical [Piano-Conductor].pdf","True","Various Artists - Seussical [piano-conductor]","0"
"_Broadway Shows","Various Artists - Seussical [PV Score]","C:\Work\AWSMusic\SheetMusic\_Broadway Shows\books\Various Artists - Seussical [PV Score].pdf","True","Various Artists - Seussical [pv Score]","0"
"_Broadway Shows","Various Artists - Shrek The Musical","C:\Work\AWSMusic\SheetMusic\_Broadway Shows\books\Various Artists - Shrek The Musical.pdf","False","","0"
"_Broadway Shows","Various Artists - Sound of Music (Vocal Selections)","C:\Work\AWSMusic\SheetMusic\_Broadway Shows\books\Various Artists - Sound of Music (Vocal Selections).pdf","True","Various Artists - Sound Of Music (vocal Selections)","7"
"_Broadway Shows","Various Artists - Sound of Music","C:\Work\AWSMusic\SheetMusic\_Broadway Shows\books\Various Artists - Sound of Music.pdf","True","Various Artists - Sound Of Music","16"
"_Broadway Shows","Various Artists - Spamalot","C:\Work\AWSMusic\SheetMusic\_Broadway Shows\books\Various Artists - Spamalot.pdf","True","Various Artists - Spamalot","65"
"_Broadway Shows","Various Artists - Sweeney Todd Vocal Score","C:\Work\AWSMusic\SheetMusic\_Broadway Shows\books\Various Artists - Sweeney Todd Vocal Score.pdf","True","Various Artists - Sweeney Todd Vocal Score","19"
"_Broadway Shows","Various Artists - The Hobbit Score","C:\Work\AWSMusic\SheetMusic\_Broadway Shows\books\Various Artists - The Hobbit Score.pdf","True","Various Artists - The Hobbit Score","11"
"_Broadway Shows","Various Artists - The Ultimate BROADWAY fakebook","C:\Work\AWSMusic\SheetMusic\_Broadway Shows\books\Various Artists - The Ultimate BROADWAY fakebook.pdf","True","Various Artists - The Ultimate Broadway Fakebook","406"
"_Broadway Shows","Various Artists - Wicked [PVG]","C:\Work\AWSMusic\SheetMusic\_Broadway Shows\books\Various Artists - Wicked [PVG].pdf","True","Various Artists - Wicked [pvg]","0"
"_Broadway Shows","Various Artists - Wicked [Score]","C:\Work\AWSMusic\SheetMusic\_Broadway Shows\books\Various Artists - Wicked [Score].pdf","True","Various Artists - Wicked [score]","0"
"_Broadway Shows","Various Artists - Wizard Of Oz (RSC Piano-Conductor)","C:\Work\AWSMusic\SheetMusic\_Broadway Shows\books\Various Artists - Wizard Of Oz (RSC Piano-Conductor).pdf","True","Various Artists - Wizard Of Oz (rsc Piano-conductor)","20"
"_Broadway Shows","Various Artists - Wizard Of Oz - Piano Conductor","C:\Work\AWSMusic\SheetMusic\_Broadway Shows\books\Various Artists - Wizard Of Oz - Piano Conductor.pdf","True","Various Artists - Wizard Of Oz - Piano Conductor","24"
"_Broadway Shows","Various Artists - You're A Good Man Charlie Brown (Score)","C:\Work\AWSMusic\SheetMusic\_Broadway Shows\books\Various Artists - You're A Good Man Charlie Brown (Score).pdf","False","","0"
"_Broadway Shows","Various Artists - You're A Good Man Charlie Brown [revival] [score]","C:\Work\AWSMusic\SheetMusic\_Broadway Shows\books\Various Artists - You're A Good Man Charlie Brown [revival] [score].pdf","True","Various Artists - You're A Good Man Charlie Brown [revival] [score]","0"
"_Broadway Shows","Wicked Workshop","C:\Work\AWSMusic\SheetMusic\_Broadway Shows\books\Wicked Workshop.pdf","False","","0"
