Artist,Book,SongCount,SampleSong
Abba,Great Bands Of The 70s,1,"Abba - Knowing Me, Knowing You.pdf"
Acdc,Acdc - Anthology,3,Acdc - For Those About To Rock (we Salute You).pdf
Acdc,Anthology,3,Acdc - For Those About To Rock (we Salute You).pdf
Adele,19 [pvg Book],12,Adele - Best For Last.pdf
Adele,Adele - 19 [pvg Book],5,Adele - Best For Last.pdf
Aerosmith,Aerosmith - Greatest Hits (songbook),7,Aerosmith - Back In The Saddle.pdf
Aerosmith,Greatest Hits (songbook),15,Aerosmith - Angel.pdf
Allman Brothers,Allman Brothers - Allman Brothers Band [pvg],3,Allman Brothers - Ain't Wastin' My Time No More.pdf
Allman Brothers,Allman Brothers - Band Best [score],3,Allman Brothers - Don't Keep Me Wonderin'.pdf
Allman Brothers,Allman Brothers - Best Of [pvg],25,Allman Brothers - Angeline.pdf
Allman Brothers,Allman Brothers Band [pvg],15,Allman Brothers - Ain't Wastin' My Time No More.pdf
Allman Brothers,Band Best [score],8,Allman Brothers - Don't Keep Me Wondering.pdf
Allman Brothers,Best Of [pvg],28,Allman Brothers - Ain't Wastin' Time No More.pdf
America,America - America [pvg Book],1,America - Everyone I Meet Is From California.pdf
America,America - Greatest Hits,7,America - A Horse With No Name.pdf
America,America - Greatest Hits [book],7,America - A Horse With No Name.pdf
America,America [pvg Book],13,America - Children.pdf
America,Greatest Hits,12,Dan Peek - Donkey Jaw.pdf
America,Greatest Hits [book],4,Dan Peek - Woman Tonight.pdf
Asia,Alpha [pvg Book],11,"Asia, Andy Mackay, Geoffrey Downes - Don't Cry.pdf"
Asia,Asia - Alpha [pvg Book],4,Asia - My Own Time (i'll Do What I Want).pdf
Avril Lavigne,Avril Lavigne - The Best Damn Thing [pvg Book],4,Avril Lavigne - I Can Do Better.pdf
Avril Lavigne,The Best Damn Thing [pvg Book],13,Avril Lavigne - The Best Damn Thing.pdf
Barry Manilow,Anthology,53,Barry Manilow - All The Time.pdf
Barry Manilow,Barry Manilow - Anthology,25,Barry Manilow - 'tryin' To Get The Feeling Again.pdf
Barry Manilow,Barry Manilow - Barry Manilow [pvg Book],7,Barry Manilow - Anyone Can Do The Heartbreak.pdf
Barry Manilow,Barry Manilow [pvg Book],13,Amanda Mcbroom - Anyone Can Do The Heartbreak.pdf
Beatles,100 Hits For All Keyboards,48,(words & Music By John Lennon & Paul Mccartney) - Baby's In Black.pdf
Beatles,Abbey Road,17,George Harrison - Here Comes The Sun.pdf
Beatles,Abbey Road Guitar Recorded Version,18,George Harrison - Here Comes The Sun.pdf
Beatles,Abbey Road [scores],17,George Harrison - Here Comes The Sun.pdf
Beatles,All Songs 1962-1974,199,"Arranged John Lennon, Paul Mccartney, George Harrison And Richard Starkey - Maggie Mae.pdf"
Beatles,Anthology,199,"Arranged John Lennon, Paul Mccartney, George Harrison And Richard Starkey - Maggie Mae.pdf"
Beatles,Anthology 1,18,George Harrison & John Lennon - Cry For A Shadow.pdf
Beatles,Anthology 1 (113 Pages),26,"Beatles Version By Paul Mccartney, George Harrison And Ringo Starr - Free As A Bird.pdf"
Beatles,Anthology 2 (page 01 - 40),9,"Based On The Information Provided, There Is No Clear Artist Name Listed, But The Song Title -it's Only Love- Is Prominently Displayed At The Top Of The Sheet Music - It's Only Love.pdf"
Beatles,Anthology 2 (page 41 -72),1,John Lennon And Paul Mccartney - Norwegian Wood (this Bird Has Flown).pdf
Beatles,Anthology 2 (page 73 -112),1,John Lennon And Paul Mccartney - A Day In The Life.pdf
Beatles,Anthology 3 (page 01 - 36),8,John Lennon And Paul Mccartney - Blackbird.pdf
Beatles,Anthology 3 (page 37 - 79,1,George Harrison - While My Guitar Gently Weeps.pdf
Beatles,Anthology 3 (page 80 - 111),1,John Lennon And Paul Mccartney - Oh! Darling.pdf
Beatles,Beatlemania 1963-1966,33,John Lennon And Paul Mccartney - A Hard Day's Night.pdf
Beatles,Beatles - 100 Hits For All Keyboards,34,Beatles - A Day In The Life.pdf
Beatles,Beatles - Abbey Road,7,Beatles - Come Together.pdf
Beatles,Beatles - Abbey Road Guitar Recorded Version,6,Beatles - Come Together.pdf
Beatles,Beatles - Abbey Road [scores],6,Beatles - Come Together.pdf
Beatles,Beatles - All Songs 1962-1974,83,Beatles - All I've Got To Do.pdf
Beatles,Beatles - Anthology,73,Beatles - All My Loving.pdf
Beatles,Beatles - Anthology 1,10,Beatles - A Hard Day's Night.pdf
Beatles,Beatles - Anthology 1 (113 Pages),20,Beatles - A Hard Day's Night.pdf
Beatles,Beatles - Anthology 2 (page 01 - 40),4,Beatles - I Feel Fine.pdf
Beatles,Beatles - Anthology 2 (page 41 -72),1,Beatles - Norwegian Wood (this Bird Has Flown).pdf
Beatles,Beatles - Anthology 3 (page 01 - 36),4,Beatles - Blackbird.pdf
Beatles,Beatles - Anthology 3 (page 37 - 79,1,Beatles - While My Guitar Gently Weeps.pdf
Beatles,Beatles - Beatlemania 1963-1966,10,Beatles - A Hard Day's Night.pdf
Beatles,Beatles - Complete Scores,167,Beatles - A Day In The Life.pdf
Beatles,Beatles - Complete Scores (2),160,Beatles - A Hard Day's Night.pdf
Beatles,Beatles - Essential Songs,44,Beatles - All My Loving.pdf
Beatles,Beatles - Fake Songbook (guitar),121,Beatles - A Day In The Life.pdf
Beatles,Beatles - Joy Of Beatles,1,Beatles - A Hard Day's Night.pdf
Beatles,Beatles - Live At The Hollywood Bowl,5,Beatles - All My Loving.pdf
Beatles,Beatles - Live At The Hollywood Bowl (2),2,Beatles - Dizzy Miss Lizzie.pdf
Beatles,Beatles - Revolver,10,Beatles - And Your Bird Can Sing.pdf
Beatles,Beatles - Revolver (2),7,Beatles - Eleanor Rigby.pdf
Beatles,Beatles - Rubber Soul,1,Beatles - Run For Your Life.pdf
Beatles,Beatles - Sergeant Pepper's Lonely Hearts Club Band,1,Beatles - Sgt. Pepper's Lonely Hearts Club Band.pdf
Beatles,Beatles - Singles Collection [pvg],19,George Harrison - Something.pdf
Beatles,Beatles - Songbook,83,Beatles - All My Loving.pdf
Beatles,Beatles - White Album 1 (guitar Recorded Version),5,Beatles - Blackbird.pdf
Beatles,Complete Scores,210,"Arranged By John Lennon, Paul Mccartney, George Harrison & Richard Starkey - Maggie Mae.pdf"
Beatles,Complete Scores (2),210,"(words & Music By Ringo Starr Is Listed, Indicating Ringo Starr As The Artist) - Don't Pass Me By.pdf"
Beatles,Essential Songs,96,Bert Russell And Phil Medley - Twist And Shout.pdf
Beatles,Fake Songbook (guitar),250,(beatles) - If I Fell.pdf
Beatles,Joy Of Beatles,1,Words & Music By John Lennon & Paul Mccartney - A Hard Day's Night.pdf
Beatles,Live At The Hollywood Bowl,12,"The Image Does Not Explicitly State The Artist Name, But Based On The Famous Song Title -a Hard Day's Night-, This Appears To Be Sheet Music From The Beatles - A Hard Day's Night.pdf"
Beatles,Live At The Hollywood Bowl (2),12,"The Image Does Not Explicitly State The Artist Name, But Based On The Famous Song Title -a Hard Day's Night-, This Appears To Be Sheet Music From The Beatles - A Hard Day's Night.pdf"
Beatles,Revolver,14,George Harrison - I Want To Tell You.pdf
Beatles,Revolver (2),14,George Harrison - Love You To.pdf
Beatles,Rubber Soul,14,John Lennon & Paul Mccartney - Drive My Car.pdf
Beatles,Sergeant Pepper's Lonely Hearts Club Band,1,Unknown Artist - Sgt. Pepper's Lonely Hearts Club Band.pdf
Beatles,Singles Collection [pvg],26,George Harrison - Something.pdf
Beatles,Songbook,194,"Arranged John Lennon, Paul Mccartney, George Harrison And Richard Starkey - Maggie Mae.pdf"
Beatles,White Album 1 (guitar Recorded Version),1,John Lennon And Paul Mccartney - Back In The U.s.s.r.pdf
Bee Gees,Anthology,1,Barry Gibb And Maurice Gibb - Alive.pdf
Bee Gees,Bee Gees - Anthology,1,Bee Gees - Alive.pdf
Belinda Carlisle,5 Of The Best [pvg],5,Eliza Shupley And Rick Nowells - Leave A Light On.pdf
Belinda Carlisle,Belinda Carlisle - 5 Of The Best [pvg],3,Belinda Carlisle - Circle In The Sand.pdf
Ben Folds,Ben Folds - Rockin' The Suburbs [book],1,Ben Folds - Annie Waits.pdf
Ben Folds,Ben Folds - Songs For Silverman,6,Ben Folds - Gracie.pdf
Ben Folds,Ben Folds - Songs For The Silverman,6,Ben Folds - Gracie.pdf
Ben Folds,Ben Folds Five - Rockin' The Suburbs,8,Ben Folds - Carrying Cathy.pdf
Ben Folds,Ben Folds Five - Selections From Naked Baby Photos [score],18,Ben Folds - Alice Childress.pdf
Ben Folds,Ben Folds Five - Whatever And Ever Amen [book],15,Ben Folds - Battle Of Who Could Care Less.pdf
Ben Folds,Rockin' The Suburbs [book],1,Ben Folds - Annie Waits.pdf
Ben Folds,Songs For Silverman,13,Ben Folds - Bastard.pdf
Ben Folds,Songs For The Silverman,13,Ben Folds - Bastard.pdf
Billy Joel,52nd Street,9,Billy Joel - 52nd Street.pdf
Billy Joel,Best Of Piano Solos,13,Billy Joel - Allentown.pdf
Billy Joel,Billy Joel - Anthology,29,Billy Joel - A Matter Of Trust.pdf
Billy Joel,Billy Joel - Fantasies & Delusions,11,Billy Joel - Opus 1 Soliloquy (on A Separation).pdf
Billy Joel,Billy Joel - Glass Houses,10,Billy Joel - All For Leyna.pdf
Billy Joel,Billy Joel - Greatest Hits,21,Billy Joel - Allentown.pdf
Billy Joel,Billy Joel - Keyboard Book,15,Billy Joel - Allentown.pdf
Billy Joel,Billy Joel - Turnstiles,8,Billy Joel - Angry Young Man.pdf
Billy Joel,Billy Joel Greatest Hits Vols 1 And 2,12,Billy Joel - Just The Way You Are.pdf
Billy Joel,Billy Joel Greatest Hits Vols 1 And 2-(0001),11,Billy Joel - Just The Way You Are.pdf
Billy Joel,Complete Vol 1,47,Bill Veeck - (the) Great Suburban Showdown.pdf
Billy Joel,Complete Vol 2,48,Bill Wolfe - (a) Room Of Our Own.pdf
Billy Joel,For Advanced Piano,11,Billy Joel - James.pdf
Billy Joel,Greatest Hits Vol I And Ii,21,Billy Joel - Allentown.pdf
Billy Joel,Greatest Hits Vol Iii,1,Billy Joel - Keeping The Faith.pdf
Billy Joel,My Lives,72,Arranged By Richard Hyung-ki Joo - Soliloquy (on A Separation).pdf
Billy Joel,Rock Score,8,Billy Joel - A Matter Of Trust.pdf
Billy Joel,Songs In The Attic,11,Billy Joel - Captain Jack.pdf
Billy Ocean,Billy Ocean - The Best Of,5,Billy Ocean - Caribbean Queen.pdf
Billy Ocean,The Best Of,10,(no More Love On The Run) - Caribbean Queen.pdf
Black Eyed Peas,Black Eyed Peas - Elephunk [pvg Book],8,Black Eyed Peas - Fly Away.pdf
Black Eyed Peas,Elephunk [pvg Book],11,Alan Pineda And Cesar Bañares - The Apl Song.pdf
Blondie,Great Bands Of The 70s,1,Blondie - Heart Of Glass.pdf
Blues Brothers,Blues Brothers - Complete,6,Blues Brothers - Everybody Needs Somebody To Love.pdf
Blues Brothers,Complete,12,A.m. Brunner - The Old Landmark.pdf
Bob Dylan,Anthology,45,(words And Music Is Folk Tune) - Shenandoah.pdf
Bob Dylan,Anthology 1,45,(words And Music Is Folk Tune) - Shenandoah.pdf
Bob Dylan,Anthology 2,50,Bob Duffel - Shooting Star.pdf
Bob Dylan,Basement Tapes [pvg],24,Bob Dylan - Apple Suckling Tree.pdf
Bob Dylan,Blonde On Blonde,13,Bob Dylan - Absolutely Sweet Marie.pdf
Bob Dylan,Bob Dylan - Anthology,43,Bob Dylan - All I Really Want To Do.pdf
Bob Dylan,Bob Dylan - Anthology 1,41,Bob Dylan - All Along The Watchtower.pdf
Bob Dylan,Bob Dylan - Anthology 2,49,Bob Dylan - A Hard Rain's A-gonna Fall.pdf
Bob Dylan,Bob Dylan - Basement Tapes [pvg],5,Bob Dylan - Clothes Line Saga.pdf
Bob Dylan,Bob Dylan - Blonde On Blonde,6,Bob Dylan - Absolutely Sweet Marie.pdf
Bob Dylan,Bob Dylan - Collection,24,Bob Dylan & Robert Hunter - Silvio.pdf
Bob Dylan,Bob Dylan - Desire,2,Bob Dylan - Hurricane.pdf
Bob Dylan,Bob Dylan - Finger Picking,9,Bob Dylan - Dark Eyes.pdf
Bob Dylan,Bob Dylan - Highway 61 Revisited,1,Bob Dylan - From A Buick 6.pdf
Bob Dylan,Bob Dylan - Nashville Skyline,1,Bob Dylan - Nashville Skyline Rag.pdf
Bob Dylan,Bob Dylan - Rock Score,3,Bob Dylan - Knockin' On Heaven's Door.pdf
Bob Dylan,Bob Dylan - Songbook,12,Bob Dylan - A Hard Rain's A-gonna Fall.pdf
Bob Dylan,Bob Dylan - The Harp Styles Of Bob Dylan [harmonica],3,Bob Dylan - I Shall Be Released.pdf
Bob Dylan,Collection,46,(words And Music Is Folk Tune) - Shenandoah.pdf
Bob Dylan,Desire,9,"Bob Dylan - Oh, Sister.pdf"
Bob Dylan,Finger Picking,14,Bob Dylan - Buckets Of Rain.pdf
Bob Dylan,Highway 61 Revisited,10,Bob Dylan - Ballad Of A Thin Man.pdf
Bob Dylan,Rock Score,6,Bob Dylan - I'll Be Your Baby Tonight.pdf
Bob Dylan,Saved,8,Bob Dylan - Are You Ready.pdf
Bob Dylan,Songbook,47,( Bob Dylan ) - Knocking On Heaven's Door.pdf
Bob Dylan,The Harp Styles Of Bob Dylan [harmonica],12,Bob Dylan - All Along The Watchtower.pdf
Bob Marley And The Wailers,Great Bands Of The 70s,1,Bob Marley And The Wailers - No Woman No Cry.pdf
Bob Seger,Bob Seger - Greatest Hits,4,Bob Seger - Against The Wind.pdf
Bob Seger,Bob Seger - The New Best Of Bob Seger,3,Bob Seger - Against The Wind.pdf
Bob Seger,Greatest Hits,14,Bob Seger - Against The Wind.pdf
Bob Seger,The New Best Of Bob Seger,5,Bob Seger - Against The Wind.pdf
Bon Jovi,Best Of Bon Jovi,19,(no Clear Artist Name Provided) - Shot Through The Heart.pdf
Bon Jovi,Bon Jovi - Best Of Bon Jovi,18,Bon Jovi - Bad Medicine.pdf
Bonnie Raitt,Bonnie Raitt - Nick Of Time [pvg Book],1,Bonnie Raitt - Nick Of Time.pdf
Bonnie Raitt,Bonnie Raitt - Road Tested [pvg Book],7,Bonnie Raitt - Come To Me.pdf
Bonnie Raitt,Nick Of Time [pvg Book],1,Bonnie Raitt - Nick Of Time.pdf
Bonnie Raitt,Road Tested [pvg Book],22,(performed By Bryan Adams) - Rock Steady.pdf
Bonnie Tyler,Bonnie Tyler - Hot Songs,3,Bonnie Tyler - A Rockin' Good Way (to Mess Around And Fall In Love).pdf
Bonnie Tyler,Hot Songs,7,"Clyde Otis, Brook Benton And Luchi De Jesus - A Rockin' Good Way (to Mess Around And Fall In Love).pdf"
Bread,Best Of Bread,4,David Gates - Everything I Own.pdf
Bread,Bread - Best Of Bread,3,Bread - Hooked On You.pdf
Bruce Springsteen,Born In The Usa,13,Bruce Springsteen - Bobby Jean.pdf
Bruce Springsteen,Born To Run,8,Bruce Springsteen - Born To Run.pdf
Bruce Springsteen,Bruce Springsteen - Born In The Usa,5,Bruce Springsteen - Bobby Jean.pdf
Bruce Springsteen,Bruce Springsteen - Born To Run,7,Bruce Springsteen - Backstreets.pdf
Bruce Springsteen,Bruce Springsteen - Lucky Town,2,Bruce Springsteen - If I Should Fall Behind.pdf
Bruce Springsteen,Greatest Hits,13,Unknown Artist - Atlantic City.pdf
Bruce Springsteen,Lucky Town,9,Bruce Springsteen - Better Days.pdf
Buddy Holly,Buddy Holly - Golden Anniversary Songbook,9,Buddy Holly - An Empty Cup (and A Broken Date).pdf
Buddy Holly,Golden Anniversary Songbook,27,"(words And Music By Sunny West, Brian Wilson, Gary Usher) - Oh Boy!.pdf"
Burl Ives,Burl Ives - Song Book,60,"Burl Ives - Away, Rio.pdf"
Burl Ives,Song Book,107,"(a Scottish Ballad, Found In Earliest Text In 1737, Of The Tragic Ballad Type That Came To America About 1750. Very Free In Delivery) - Lord Randall.pdf"
Burt Bacharach,40 Golden Songs Of,39,(also Known As -a Message To Martha-) - (a) Message To Michael.pdf
Burt Bacharach,Anthology,33,Bud Powell - Twenty Four Hours From Tulsa.pdf
Burt Bacharach,Bacharach Collection,15,Burt Bacharach - I Say A Little Prayer.pdf
Burt Bacharach,Burt Bacharach - 40 Golden Songs Of,29,Burt Bacharach - (a) Message To Michael.pdf
Burt Bacharach,Burt Bacharach - Anthology,15,Burt Bacharach - Alfie.pdf
Burt Bacharach,Burt Bacharach - Bacharach Collection,4,Unknown Artist - A Message To Michael.pdf
Carole King,Bradley's Best Of The Best (organ),13,Carole Bayer Sager - Wasn't Born To Follow.pdf
Carole King,Carole King - Bradley's Best Of The Best (organ),7,Carole King - Child Of Mine.pdf
Carole King,Carole King - Classics,15,Carole King - Beautiful.pdf
Carole King,Carole King - Classics (2),30,Carole King - (you Make Me Feel Like A) Natural Woman.pdf
Carole King,Carole King - Classics (3),27,Carole King - (you Make Me Feel Like A) Natural Woman.pdf
Carole King,Carole King - Keyboard Play-along Vol 22,3,Carole King - I Feel The Earth Move.pdf
Carole King,Carole King - Tapestry,9,Carole King - (you Make Me Feel Like) A Natural Woman.pdf
Carole King,Carole King - The New Best Of Carole King,4,Carole King - Take Good Care Of My Baby.pdf
Carole King,Carole King - You're The Voice,1,Carole King - Beautiful.pdf
Carole King,Classics,21,(words And Music By Gerry Goffin And Carole King) - Up On The Roof.pdf
Carole King,Classics (2),35,(words And Music By Gerry Goffin And Carole King) - Up On The Roof.pdf
Carole King,Classics (3),35,(words And Music By Gerry Goffin And Carole King) - Up On The Roof.pdf
Carole King,Keyboard Play-along Vol 22,8,Carole King - I Feel The Earth Move.pdf
Carole King,Tapestry,12,Carole King - Beautiful.pdf
Carole King,The New Best Of Carole King,19,Carole King - I Feel The Earth Move.pdf
Carole King,You're The Voice,11,Carole King - Beautiful.pdf
Carpenters,Anthology,43,Arthur Kent - The End Of The World.pdf
Carpenters,Carpenters - Anthology,21,Carpenters - All You Get From Love Is A Love Song.pdf
Carpenters,Carpenters - Love Songs,19,Carpenters - (they Long To Be) Close To You.pdf
Carpenters,Carpenters - Note For Note,2,Carpenters - (they Long To Be) Close To You.pdf
Carpenters,Love Songs,22,"Edward Heyman (words), Victor Young (music) - When I Fall In Love.pdf"
Carpenters,Note For Note,11,"Barry Devorzon And Perry Botkin, Jr - Bless The Beasts And Children.pdf"
Cheap Trick,Cheap Trick - Greatest Hits [score],1,Cheap Trick - Dream Police.pdf
Cheap Trick,Greatest Hits [score],1,Rick Nielsen - Dream Police.pdf
Chicago,Great Bands Of The 70s,1,Chicago - 25 Or 6 To 4.pdf
Colbie Caillat,Breakthrough [pvg Book],13,Colbie Caillat - Breakthrough.pdf
Colbie Caillat,Colbie Caillat - Breakthrough [pvg Book],1,Colbie Caillat - It Stops Today.pdf
Cole Porter,Cole Porter - The Very Best Of Cole Porter,34,Cole Porter - All Of You.pdf
Cole Porter,The Very Best Of Cole Porter,38,(from -broadway Melody Of 1940-) - I Concentrate On You.pdf
Cream,Cream - Cream Complete,20,Cream - As You Said.pdf
Cream,Cream Complete,25,Gene Raskin Mike Taylor - Those Were The Days.pdf
Creedence Clearwater Revival,8 Pcs Book,8,John C. Fogerty - Commotion.pdf
Creedence Clearwater Revival,Best Of,20,J C Fogerty - Hey Tonight.pdf
Creedence Clearwater Revival,Creedence Clearwater Revival - 8 Pcs Book,5,Creedence Clearwater Revival - Bedroom Rising.pdf
Creedence Clearwater Revival,Creedence Clearwater Revival - Best Of,13,Creedence Clearwater Revival - Bad Moon Rising.pdf
Creedence Clearwater Revival,Creedence Clearwater Revival - Guitar Anthology,6,"Creedence Clearwater Revival - Hey, Tonight.pdf"
Creedence Clearwater Revival,Creedence Clearwater Revival - Guitar Tab Book,7,Creedence Clearwater Revival - Born On The Bayou.pdf
Creedence Clearwater Revival,Creedence Clearwater Revival - Ultimate Minus One,4,Creedence Clearwater Revival - Down On The Corner.pdf
Creedence Clearwater Revival,Guitar Anthology,20,"D. Hawkins, S.j Lewis And E. Broadwater - Susie-q.pdf"
Creedence Clearwater Revival,Guitar Tab Book,1,J.c. Fogerty - Proud Mary.pdf
Creedence Clearwater Revival,Ultimate Minus One,7,J. C. Fogerty - Fortunate Son.pdf
Crosby Stills And Nash,Crosby Stills Nash & Young - Deja Vu [pvg Book],32,Crosby Stills And Nash - 49 Bye-byes.pdf
Crowded House,Crowded House - The Very Best Of [pvg Book],7,Crowded House - Everything Is Good For You.pdf
Crowded House,Crowded House - Together Alone [pvg Book],6,Crowded House - Black And White Boy.pdf
Crowded House,The Very Best Of [pvg Book],19,Nat Finn - Mean To Me.pdf
Crowded House,Together Alone [pvg Book],13,Neil Finn - Black And White Boy.pdf
David Crosby,David Crosby - Songbook [lead Sheets],1,David Crosby - Everybody's Been Burned.pdf
David Crosby,Songbook [lead Sheets],1,David Crosby - Everybody's Been Burned.pdf
Dire Straits,Best Of Dire Straits [guitar Tab],22,Mark Knopfler & Sting - Money For Nothing.pdf
Dire Straits,Brothers In Arms,1,Words & Music By Mark Knopfler - Brothers In Arms.pdf
Dire Straits,Dire Straits - Best Of Dire Straits [guitar Tab],6,"Dire Straits - Boom, Like That.pdf"
Dire Straits,Dire Straits - Brothers In Arms,9,Dire Straits - Brothers In Arms.pdf
Dire Straits,Dire Straits - Jam With Dire Straits [guitar Book],5,Dire Straits - Brothers In Arms.pdf
Dire Straits,Dire Straits - Mark Knopfler Guitar Styles Vol 1 [guitar Book],3,Dire Straits - Love Over Gold.pdf
Dire Straits,Dire Straits - Money For Nothing [guitar Book],1,Dire Straits - Sultans Of Swing.pdf
Dire Straits,Great Bands Of The 70s,1,Dire Straits - Sultans Of Swing.pdf
Dire Straits,Jam With Dire Straits [guitar Book],8,Mark Knopfler & Sting - Money For Nothing.pdf
Dire Straits,Money For Nothing [guitar Book],1,Mark Knopfler - Sultans Of Swing.pdf
Don Henley,Actual Miles (greatest Hits),1,Don Henley And Danny Kortchmar - Dirty Laundry.pdf
Don Henley,Don Henley - Actual Miles (greatest Hits),3,Don Henley - All She Wants To Do Is Dance.pdf
Don Henley,Don Henley - The End Of The Innocence [pvg Book],5,Don Henley - How Bad Do You Want It-.pdf
Don Henley,The End Of The Innocence [pvg Book],10,Don Henley And B.r. Hornsby - The End Of The Innocence.pdf
Doobie Brothers,Best Of [band Score Jap],1,Unknown Artist - China Grove.pdf
Doobie Brothers,Doobie Brothers - Best Of [band Score Jap],1,Doobie Brothers - China Grove.pdf
Doobie Brothers,Doobie Brothers - Songs,4,Doobie Brothers - Clear As The Driven Snow.pdf
Doobie Brothers,Songs,9,Doobie Brothers - What A Fool Believes.pdf
Doors,Anthology,7,(the Doors) - La Woman.pdf
Doors,Doors - Anthology,7,"Doors - Hello, I Love You.pdf"
Doors,Doors - Songbook,2,Doors - Break On Through.pdf
Doors,Songbook,6,The Doors - Break On Through.pdf
Dr John,New Orleans Piano Vol 2,3,Unknown Artist - Charles Brown Style-major-minor Blues.pdf
Dr. Hook,Great Bands Of The 70s,1,Dr. Hook - When You're In Love With A Beautiful Woman.pdf
Duran Duran,Best Of [score],19,(no Clear Artist Name Provided) - Duran Duran.pdf
Duran Duran,Decade [pvg Book],14,Duran Duran (words And Music By) - Girls On Film.pdf
Duran Duran,Duran Duran - Best Of [score],1,Duran Duran - Rio.pdf
Duran Duran,Duran Duran - Decade [pvg Book],6,Duran Duran - All She Wants Is.pdf
Duran Duran,Duran Duran - Seven & The Ragged Tiger [jap Band Score],5,Duran Duran - (i'm Looking For) Cracks In The Pavement.pdf
Duran Duran,Seven & The Ragged Tiger [jap Band Score],8,By Dario Marianelli - Of Crime And Passion.pdf
Eagles,Eagles - Greatest Hits,3,Eagles - Already Gone.pdf
Eagles,Eagles - Greatest Hits (1971-1975),2,Eagles - Desperado.pdf
Eagles,Eagles - Hotel California (guitar Songbook),1,Eagles - Hotel California.pdf
Eagles,Eagles - Made Easy For Guitar,4,Eagles - Already Gone.pdf
Eagles,Eagles - New Eagles Complete,27,Eagles - Already Gone.pdf
Eagles,Eagles - The Best Of The Eagles - Songbook,3,Eagles - Peaceful Easy Feeling.pdf
Eagles,Greatest Hits,10,Bernie Leadon And Don Henley - Witchy Woman.pdf
Eagles,Greatest Hits (1971-1975),10,Bernie Leadon And Don Henley - Witchy Woman.pdf
Eagles,Hotel California (guitar Songbook),1,"Don Felder, Don Henley And Glenn Frey - Hotel California.pdf"
Eagles,Made Easy For Guitar,6,Unknown Artist - Already Gone.pdf
Eagles,New Eagles Complete,67,Bernie Leadon & Don Henley - Witchy Woman.pdf
Eagles,The Best Of The Eagles - Songbook,12,Bernie Leadon And Don Henley - Witchy Woman.pdf
Elo,A New World Record,7,Jeff Lynne - Do Ya.pdf
Elo,Anthology [pvg],32,Elo - 10538 Overture.pdf
Elo,Discovery [pvg Book],1,Bey Daydo - Shine A Little Love.pdf
Elo,Elo - A New World Record,1,Elo - Livin' Thing.pdf
Elo,Elo - Anthology [pvg],15,Elo - Above The Clouds.pdf
Elo,Elo - Discovery [pvg Book],7,Elo - Confusion.pdf
Elo,Elo - Face The Music [pvg Bok],2,Elo - Fire On High.pdf
Elo,Elo - Greatest Hits,2,Elo - Can't Get It Out Of My Head.pdf
Elo,Elo - Out Of The Blue [book],1,Elo - Turn To Stone.pdf
Elo,Elton John - The Elton John Collection [piano Solos],29,Elton John And Bernie Taupin - Believe.pdf
Elo,Face The Music [pvg Bok],2,Jeff Lynne - Fire On High.pdf
Elo,Greatest Hits,1,Jeff Lynne - Can't Get It Out Of My Head.pdf
Elo,Out Of The Blue [book],1,Unknown Artist - Turn To Stone.pdf
Elton John,A Single Man,10,Elton John & Gary Osborn - Part Time Love.pdf
Elton John,Captain Fantastic,1,Elton John & Bernie Taupin - (gotta Get A) Meal Ticket.pdf
Elton John,Elton John - A Single Man,6,Elton John - Big Dipper.pdf
Elton John,Elton John - Goodbye Yellow Brick Road,2,Elton John - All The Girls Love Alice.pdf
Elton John,Elton John - Greatest Hits 1970-2002,19,Elton John - Blue Eyes.pdf
Elton John,Elton John - Ice On Fire,6,Elton John - Candy By The Pound.pdf
Elton John,Elton John - Made In England,7,Elton John - Belfast.pdf
Elton John,Elton John - Peachtree Road,5,Elton John - Answer In The Sky.pdf
Elton John,Elton John - Reg Strikes Back,4,Elton John - Goodbye Marlon Brando.pdf
Elton John,Elton John - Sleeping With The Past,1,Elton John - Durban Deep.pdf
Elton John,Elton John - Songs From The West Coast,2,Elton John - Birds.pdf
Elton John,Elton John - The Big Picture,2,Elton John - Live Like Horses.pdf
Elton John,Elton John - The One,5,Elton John - Emily.pdf
Elton John,Elton John - The Ultimate Collection Vol. 1,19,Elton John And Bernie Taupin - Bad Side Of The Moon.pdf
Elton John,Elton John - The Ultimate Collection Vol. 2,19,Elton John And Bernie Taupin - Mona Lisas And Mad Hatters.pdf
Elton John,Elton John - The Very Best Of,1,Elton John - Your Song.pdf
Elton John,Elton John - Too Low For Zero [book],7,Elton John - Cold As Christmas (in The Middle Of The Year).pdf
Elton John,Goodbye Yellow Brick Road,1,"Elton John, Bernie Taupin - Funeral For A Friend.pdf"
Elton John,Greatest Hits 1970-2002,30,(from The Lion King) - Can You Feel The Love Tonight-.pdf
Elton John,Ice On Fire,11,Elton John And Bernie Taupin - Act Of War.pdf
Elton John,Made In England,11,Elton John - Made In England.pdf
Elton John,Peachtree Road,10,"Bernie Taupin (words By), Elton John (music By) - Too Many Tears.pdf"
Elton John,Reg Strikes Back,9,Elton John-arkin - Poor Cow.pdf
Elton John,Sleeping With The Past,1,Elton John & Taupin - Durban Deep.pdf
Elton John,Songs From The West Coast,1,Elton John - The Emperor's New Clothes.pdf
Elton John,The Big Picture,1,Elton John - Long Way From Happiness.pdf
Elton John,The One,1,Elton John - Simple Life.pdf
Elton John,The Ultimate Collection Vol. 1,58,Carrie Blanche And Ann Orson - Don't Go Breaking My Heart.pdf
Elton John,The Ultimate Collection Vol. 2,29,Elton John And Bernie Taupin - Love Lies Bleeding.pdf
Elton John,The Very Best Of,1,Elton John - Your Song.pdf
Elton John,Too Low For Zero [book],10,Elton John - Cold As Christmas (in The Middle Of The Year).pdf
Elvis Costello,Elvis Costello - The Very Best Of,19,Elvis Costello - (the Angels Wanna Wear My) Red Shoes.pdf
Elvis Costello,The Very Best Of,42,Elvis Costello - (i Don't Want To Go To) Chelsea.pdf
Emerson Lake And Palmer,Black Book,2,Emerson Lake And Palmer - Jeremy Bender.pdf
Emerson Lake And Palmer,Emerson Lake And Palmer - Black Book,1,Emerson Lake And Palmer - The Endless Enigma (part Ii).pdf
Emerson Lake And Palmer,Emerson Lake And Palmer - Greatest Hits,5,Emerson Lake And Palmer - C'est La Vie.pdf
Emerson Lake And Palmer,Emerson Lake And Palmer - Tarkus [book],6,Emerson Lake And Palmer - Aquatarkus.pdf
Emerson Lake And Palmer,Emerson Lake And Palmer - Trilogy [book],4,Emerson Lake And Palmer - Take A Pebble.pdf
Emerson Lake And Palmer,Greatest Hits,10,Emerson Lake And Palmer - C'est La Vie.pdf
Emerson Lake And Palmer,Tarkus [book],13,Emerson Lake And Palmer - A Time And A Place.pdf
Emerson Lake And Palmer,Trilogy [book],7,Emerson Lake And Palmer - Benny The Bouncer.pdf
Eric Clapton,Derek And The Dominos [book],14,Eric Clapton - Anyday.pdf
Eric Clapton,Eric Clapton - Derek And The Dominos [book],10,Eric Clapton - Anyday.pdf
Eric Clapton,Eric Clapton - The Best Of Book,6,Eric Clapton - After Midnight.pdf
Eric Clapton,Eric Clapton - Unplugged [book],5,Eric Clapton - Before You Accuse Me.pdf
Eric Clapton,The Best Of Book,10,Eric Clapton - After Midnight.pdf
Eric Clapton,Unplugged [book],14,Eric Clapton - Alberta.pdf
Fleetwood Mac,Anthology,27,Fleetwood Mac - As Long As You Follow.pdf
Fleetwood Mac,Deluxe Anthology,42,Fleetwood Mac - Angel.pdf
Fleetwood Mac,Fleetwood Mac + Heroes Are Hard To Find,15,Fleetwood Mac - Angel.pdf
Fleetwood Mac,Fleetwood Mac - Anthology,22,Fleetwood Mac - As Long As You Follow.pdf
Fleetwood Mac,Fleetwood Mac - Deluxe Anthology,4,Fleetwood Mac - Honey Hi.pdf
Fleetwood Mac,Fleetwood Mac - Fleetwood Mac + Heroes Are Hard To Find,9,Fleetwood Mac - Angel.pdf
Fleetwood Mac,Fleetwood Mac - Mirage,7,Fleetwood Mac - Can't Go Back.pdf
Fleetwood Mac,Fleetwood Mac - Rumours,5,Fleetwood Mac - Don't Stop.pdf
Fleetwood Mac,Fleetwood Mac - Tango In The Night,3,Fleetwood Mac - Big Love.pdf
Fleetwood Mac,Fleetwood Mac - The Dance,5,Fleetwood Mac - I'm So Afraid.pdf
Fleetwood Mac,Mirage,12,Fleetwood Mac - Book Of Love.pdf
Fleetwood Mac,Rumours,11,Fleetwood Mac - Don't Stop.pdf
Fleetwood Mac,Tango In The Night,12,Fleetwood Mac - Big Love.pdf
Fleetwood Mac,The Dance,13,Fleetwood Mac - Big Love.pdf
Frank Zappa,Frank Zappa - Hot Rats,2,Frank Zappa - It Must Be A Camel.pdf
Frank Zappa,Frank Zappa - Songbook Vol 1,4,Frank Zappa - How Could I Be Such A Fool.pdf
Frank Zappa,Frank Zappa - The Frank Zappa Guitar Book (transcriptions By Steve Vai),9,Frank Zappa - He Used To Cut The Grass.pdf
Frank Zappa,Songbook Vol 1,17,Frank Zappa - Absolutely Free.pdf
Frank Zappa,The Frank Zappa Guitar Book (transcriptions By Steve Vai),12,Frank Zappa - Black Napkins.pdf
Fray,Fray - How To Save A Life [book],2,Fray - Little House.pdf
Fray,How To Save A Life [book],1,Fray - She Is.pdf
Garth Brooks,Garth Brooks - No Fences [guitar Tab],2,Garth Brooks - Wild Horses.pdf
Garth Brooks,Garth Brooks - The Hits [guitar Tab],1,Garth Brooks - Ain't Going Down ('til The Sun Comes Up).pdf
Garth Brooks,Garth Brooks - The Limited Series,13,Garth Brooks - Burning Bridges.pdf
Garth Brooks,No Fences [guitar Tab],7,Garth Brooks - Friends In Low Places.pdf
Garth Brooks,The Hits [guitar Tab],1,Garth Brooks - Ain't Going Down ('til The Sun Comes Up).pdf
Garth Brooks,The Limited Series,21,Garth Brooks - Against The Grain.pdf
Genesis,A Trick Of The Tail [book],8,Genesis - A Trick Of The Tail.pdf
Genesis,Anthology,44,Genesis - Abacab.pdf
Genesis,Best Of Vol 1,10,Genesis - Abacab.pdf
Genesis,Genesis - A Trick Of The Tail [book],4,Genesis - A Trick Of The Tail.pdf
Genesis,Genesis - Anthology,16,Genesis - Abacab.pdf
Genesis,Genesis - Best Of Vol 1,7,Genesis - Abacab.pdf
Genesis,Genesis - Invisible Touch [book],4,Genesis - Anything She Does.pdf
Genesis,Genesis - Rock Score,3,Genesis - Abacab.pdf
Genesis,Genesis - Seconds Out,6,Genesis - Afterglow.pdf
Genesis,Genesis - Selling England By The Pound,4,Genesis - Dancing With The Moonlight Knight.pdf
Genesis,Invisible Touch [book],8,Genesis - Domino Part One - In The Glow Of The Night.pdf
Genesis,Rock Score,4,Genesis - Abacab.pdf
Genesis,Seconds Out,8,Genesis - Afterglow.pdf
Genesis,Selling England By The Pound,7,Genesis - After The Ordeal.pdf
George Michael,George Michael - Greatest Hits,10,George Michael - A Different Corner.pdf
George Michael,George Michael - Older [book],8,George Michael - Free.pdf
George Michael,Greatest Hits,29,George Michael - A Different Corner.pdf
George Michael,Older [book],11,George Michael - Fastlove.pdf
Grand Funk Railroad,Born To Die [pvg Book],10,Grand Funk Railroad - Born To Die.pdf
Grand Funk Railroad,Grand Funk - Closer To Home [pvg Book],5,Grand Funk Railroad - Aimless Lady.pdf
Grand Funk Railroad,Grand Funk - We're An American Band [pvg Book],8,Grand Funk Railroad - Ain't Got Nobody.pdf
Grand Funk Railroad,Grand Funk Railroad - Born To Die [pvg Book],6,Grand Funk Railroad - Born To Die.pdf
Grand Funk Railroad,"Grand Funk Railroad - Hits From We're An American Band, Shinin' On, Phoenix [pvg]",19,Grand Funk Railroad - (the) Railroad.pdf
Grand Funk Railroad,"Hits From We're An American Band, Shinin' On, Phoenix [pvg]",23,Grand Funk Railroad - (the) Railroad.pdf
Harry Chapin,Harry Chapin - The Authentic Guitar Style Of [guitar Tab],2,Harry Chapin - Cat's In The Cradle.pdf
Harry Chapin,The Authentic Guitar Style Of [guitar Tab],9,Harry Chapin - Cat's In The Cradle.pdf
Henri Mancini,Henry Mancini - A Merry Mancini Christmas,13,Henri Mancini - Away In A Manger.pdf
Herman's Hermits,Collection,11,"Frank C. Slay, Jr. And Bob Crewe - Silhouettes.pdf"
Herman's Hermits,Herman's Hermits - Collection,1,Wayne D. Brock - Little Boy Sad.pdf
Jackson Browne,Deluxe Anthology,39,Jackson Browne - Before The Deluge.pdf
Jackson Browne,Jackson Browne - Deluxe Anthology,38,Jackson Browne - Before The Deluge.pdf
James Blunt,All The Lost Souls [book],10,James Blunt - 1973.pdf
James Blunt,Back To Bedlam [book],1,James Blunt - High.pdf
James Blunt,James Blunt - All The Lost Souls [book],3,James Blunt - I Can't Hear The Music.pdf
James Blunt,James Blunt - Back To Bedlam [book],1,James Blunt - High.pdf
James Taylor,Classic [guitar],15,James Taylor - Carolina In My Mind.pdf
James Taylor,Classics (guitar Tab),15,James Taylor - Carolina In My Mind.pdf
James Taylor,Guitar Songbook,24,James Taylor - Anywhere Like Heaven.pdf
James Taylor,James Taylor - Classic [guitar],11,James Taylor - Carolina In My Mind.pdf
James Taylor,James Taylor - Classics (guitar Tab),10,James Taylor - Carolina In My Mind.pdf
James Taylor,James Taylor - Guitar Songbook,14,James Taylor - Anywhere Like Heaven.pdf
James Taylor,James Taylor - James Taylor Songbook,18,James Taylor - Brighten Your Night With My Day.pdf
James Taylor,James Taylor - James Taylor [pvg Book],12,James Taylor - Blossom.pdf
James Taylor,James Taylor - That's Why I'm Here [pvg Book],6,James Taylor - Everyday.pdf
James Taylor,James Taylor Songbook,24,James Taylor - Anywhere Like Heaven.pdf
James Taylor,James Taylor [pvg Book],21,James Taylor - Anywhere Like Heaven.pdf
James Taylor,That's Why I'm Here [pvg Book],10,James Taylor - Everyday.pdf
Jim Croce,Acoustic Fingerstyle Video Guitar Lessons,1,Jim Croce - I'll Have To Say I Love You In A Song.pdf
Jim Croce,Jim Croce - Acoustic Fingerstyle Video Guitar Lessons,1,Jim Croce - I'll Have To Say I Love You In A Song.pdf
Jimmy Buffet,Jimmy Buffett - Barometer Soup [pvg Book],9,Jimmy Buffet - Bank Of Bad Habits.pdf
Jimmy Buffet,Jimmy Buffett - Fruitcakes [pvg Book],9,Jimmy Buffet - Apocalypso.pdf
Joe Cocker,Best Of,16,Joe Cocker - Bird On The Wire.pdf
Joe Cocker,Joe Cocker - Best Of,11,Joe Cocker - Bird On The Wire.pdf
Joe Cocker,Joe Cocker - Mad Dogs And Englishmen [book],10,Joe Cocker - Bird On The Wire.pdf
Joe Cocker,Mad Dogs And Englishmen [book],16,Joe Cocker - Bird On The Wire.pdf
Joe Cocker,Songbook,1,Joe Cocker - Pardon Me Sir.pdf
John Denver,Anthology,53,John Denver - A Country Girl In Paris.pdf
John Denver,Anthology [pvg],53,John Denver - A Country Girl In Paris.pdf
John Denver,Best Of [easy Piano],18,John Denver - Annie's Song.pdf
John Denver,I Want To Live [pvg Book],11,John Denver - Bet On The Blues.pdf
John Denver,John Denver - Anthology,19,John Denver - American Child.pdf
John Denver,John Denver - Anthology [pvg],15,John Denver - Autograph.pdf
John Denver,John Denver - Best Of [easy Piano],6,John Denver - Back Home Again.pdf
John Denver,John Denver - I Want To Live [pvg Book],5,John Denver - Druthers.pdf
John Denver,John Denver - The Authentic Guitar Style Of,5,John Denver - Back Home Again.pdf
John Denver,The Authentic Guitar Style Of,12,John Denver - Annie's Song.pdf
John Lennon,Collection,3,John Lennon - Instant Karma.pdf
John Lennon,Greatest Hits,15,John Lennon - #9 Dream.pdf
John Lennon,John Lennon - Collection,2,John Lennon And Paul Mccartney - Give Peace A Chance.pdf
John Lennon,John Lennon - Greatest Hits,9,John Lennon - #9 Dream.pdf
Joni Mitchell,Joni Mitchell - The Best Of [pvg],8,Joni Mitchell - Big Yellow Taxi.pdf
Joni Mitchell,Joni Mitchell Songbook Complete Vol1 1966-1970,28,Joni Mitchell - Big Yellow Taxi.pdf
Joni Mitchell,The Best Of [pvg],10,Joni Mitchell - Big Yellow Taxi.pdf
Journey,Complete,68,Journey - After The Fall.pdf
Journey,Complete Songbook,68,Journey - After The Fall.pdf
Journey,Frontiers [jap Band Score],1,Journey - Separate Ways (worlds Apart).pdf
Journey,Greatest Hits,6,Journey - Any Way You Want It.pdf
Journey,Greatest Hits (book),5,Journey - Any Way You Want It.pdf
Journey,Journey - Complete,24,Journey - Ask The Lonely.pdf
Journey,Journey - Complete Songbook,24,Journey - After The Fall.pdf
Journey,Journey - Greatest Hits,9,Journey - Any Way You Want It.pdf
Journey,Journey - Greatest Hits (book),4,Journey - Any Way You Want It.pdf
Journey,Journey - Superbest [jap Band Score],1,Journey - Separate Ways (worlds Apart).pdf
Journey,Journey - The Guitar Collection,12,Journey (steve Perry And Jonathan Cain) - Separate Ways (worlds Apart).pdf
Journey,Superbest [jap Band Score],15,Journey - Any Way You Want It.pdf
Journey,The Guitar Collection,16,Jonathan Cain - Faithfully.pdf
Judy Garland,Judy Garland - Songbook,3,Judy Garland - Friendly Star.pdf
Judy Garland,Songbook,13,"Judy Garland - Boy Next Door, The.pdf"
Katy Perry,Katy Perry - One Of The Boys [pvg Book],6,Katy Perry - Hot N Cold.pdf
Katy Perry,One Of The Boys [pvg Book],12,Katy Perry - Fingerprints.pdf
Kelly Clarkson,Breakaway (book),2,Kelly Clarkson - Breakaway.pdf
Kelly Clarkson,Kelly Clarkson - Breakaway (book),4,Kelly Clarkson - Breakaway.pdf
Kenny Rogers,Kenny Rogers - Love Or Something Like It [book],2,Kenny Rogers - Buried Treasures.pdf
Kenny Rogers,Love Or Something Like It [book],10,Kenny Rogers - Buried Treasures.pdf
Kinks,Best Of The Kinks [score],12,Kinks - All Day And All Of The Night.pdf
Kinks,Best Of [score],12,Kinks - All Day And All Of The Night.pdf
Kinks,Great Songs Of Kinks,8,Kinks - Apeman.pdf
Kinks,Guitar Legends [guitar],9,Kinks - Autumn Almanac.pdf
Kinks,Guitar Legends [tab],9,Kinks - Autumn Almanac.pdf
Kinks,Jam With The Kinks [tab],8,Kinks - All Day And All Of The Night.pdf
Kinks,Kinks - Best Of The Kinks [score],9,Kinks - All Day And All Of The Night.pdf
Kinks,Kinks - Best Of [score],9,Kinks - All Day And All Of The Night.pdf
Kinks,Kinks - Great Songs Of Kinks,5,Kinks - Apeman.pdf
Kinks,Kinks - Guitar Legends [guitar],1,Kinks - Dedicated Follower Of Fashion.pdf
Kinks,Kinks - Guitar Legends [tab],9,Kinks - Autumn Almanac.pdf
Kinks,Kinks - Jam With The Kinks [tab],4,Kinks - Dedicated Follower Of Fashion.pdf
Led Zepplin,Led Zeppelin - Led Zeppelin Ii,1,Led Zepplin - Whole Lotta Love.pdf
Led Zepplin,Led Zeppelin - Over The Hills And Far Away [pvg],1,Led Zepplin - Over The Hills And Far Away.pdf
Lynyrd Skynyrd,Lynyrd Skynyrd - The New Best Of [guitar Tab],6,Lynyrd Skynyrd - Bridge.pdf
Lynyrd Skynyrd,The New Best Of [guitar Tab],5,Lynyrd Skynyrd - The Ballad Of Curtis Loew.pdf
Meatloaf,Bat Out Of Hell,1,Meatloaf - Bat Out Of Hell.pdf
Meatloaf,Meatloaf - Bat Out Of Hell,2,Meatloaf - All Revved Up With No Place To Go.pdf
Melissa Etheridge,Melissa Etheridge - Songbook,3,Melissa Etheridge - Chrome Plated Heart.pdf
Melissa Etheridge,Songbook,10,Melissa Etheridge - Bring Me Some Water.pdf
Michael Jackson,Great Songs Of [pvg],10,Michael Jackson - Baby Be Mine.pdf
Michael Jackson,Michael Jackson - Great Songs Of [pvg],3,Michael Jackson - Baby Be Mine.pdf
Michael Jackson,Michael Jackson - Number Ones,8,Michael Jackson - Ben.pdf
Michael Jackson,Michael Jackson - Number Ones [book],10,Michael Jackson - Bad.pdf
Michael Jackson,Michael Jackson - The Great Songs Of,5,Michael Jackson - Baby Be Mine.pdf
Michael Jackson,Michael Jackson - Thriller (the Complete Song Book),3,Michael Jackson - Baby Be Mine.pdf
Michael Jackson,Number Ones,18,Michael Jackson - Bad.pdf
Michael Jackson,Number Ones [book],18,Michael Jackson - Bad.pdf
Michael Jackson,The Great Songs Of,10,Michael Jackson - Baby Be Mine.pdf
Michael Jackson,Thriller (the Complete Song Book),10,Michael Jackson - Baby Be Mine.pdf
Monkees,Greatest Hits,11,Monkees - (i'm Not Your) Steppin' Stone.pdf
Monkees,Monkees - Greatest Hits,4,Monkees - Daydream Believer.pdf
Moody Blues,Greatest Hits [pvg],11,Moody Blues - Gemini Dream.pdf
Moody Blues,Keys Of Kingdom [band Score],12,Moody Blues - Bless The Wings (that Bring You Back).pdf
Moody Blues,Moody Blues - Greatest Hits [pvg],6,Moody Blues - I Know You're Out There Somewhere.pdf
Moody Blues,Moody Blues - Keys Of Kingdom [band Score],1,Moody Blues - Hope And Pray.pdf
Neil Diamond,Neil Diamond - The Essential Neil Diamond,15,Neil Diamond - America.pdf
Neil Diamond,The Essential Neil Diamond,40,Neil Diamond - America.pdf
Neil Young,After The Goldrush [pvg Book],10,Neil Young - After The Gold Rush.pdf
Neil Young,Decade,22,Neil Young - A Man Needs A Maid.pdf
Neil Young,Decade [pvg Book],22,Neil Young - A Man Needs A Maid.pdf
Neil Young,Greatest Hits [guitar Tab],15,Neil Young - After The Gold Rush.pdf
Neil Young,Harvest Moon [guitar Tab],10,Neil Young - Dreamin' Man.pdf
Neil Young,Harvest [score],10,Neil Young - A Man Needs A Maid.pdf
Neil Young,Neil Young - After The Goldrush [pvg Book],4,"Neil Young - Oh, Lonesome Me.pdf"
Neil Young,Neil Young - Decade,12,Neil Young - After The Gold Rush.pdf
Neil Young,Neil Young - Decade [pvg Book],6,Neil Young - Burned.pdf
Neil Young,Neil Young - Greatest Hits [guitar Tab],8,Neil Young - Comes A Time.pdf
Neil Young,Neil Young - Harvest Moon [guitar Tab],2,Neil Young - Natural Beauty.pdf
Neil Young,Neil Young - Harvest [score],5,Neil Young - Are You Ready For The Country-.pdf
Neil Young,Neil Young - The Best Of Neil Young [pvg Book],3,Neil Young - A Man Needs A Maid.pdf
Neil Young,The Best Of Neil Young [pvg Book],9,Neil Young - A Man Needs A Maid.pdf
Night Ranger,Night Ranger - Seven Wishes [jap Score],4,Night Ranger - Goodbye.pdf
Night Ranger,Night Ranger - Seven Wishes _jap Score_,10,Night Ranger - Faces.pdf
Night Ranger,Seven Wishes [jap Score],10,Night Ranger - Faces.pdf
Paul Mccartney,All The Best,22,Paul Mccartney - Another Day.pdf
Paul Mccartney,Chaos And Creation In The Backyard [pvg Book],13,Paul Mccartney - A Certain Softness.pdf
Paul Mccartney,Flowers In The Dirt,14,Paul Mccartney - Distractions.pdf
Paul Mccartney,Paul Mccartney - All The Best,16,Paul Mccartney - Another Day.pdf
Paul Mccartney,Paul Mccartney - Chaos And Creation In The Backyard [pvg Book],7,Paul Mccartney - Anyway.pdf
Paul Mccartney,Paul Mccartney - Flowers In The Dirt,5,Paul Mccartney - Distractions.pdf
Paul Mccartney,Paul Mccartney - Press To Play,10,Paul Mccartney - Angry.pdf
Paul Mccartney,Paul Mccartney - Ram,8,Paul Mccartney - 3 Legs.pdf
Paul Mccartney,Paul Mccartney - Tripping The Live Fantastic [pvg Book],14,Paul Mccartney - Back In The U.s.s.r.pdf
Paul Mccartney,Paul Mccartney - Tug Of War [pvg Book],4,Paul Mccartney - Ballroom Dancing.pdf
Paul Mccartney,Press To Play,14,Paul Mccartney - Angry.pdf
Paul Mccartney,Ram,10,Paul Mccartney - 3 Legs.pdf
Paul Mccartney,Tripping The Live Fantastic [pvg Book],38,Paul Mccartney - Ain't That A Shame.pdf
Paul Mccartney,Tug Of War [pvg Book],11,Paul Mccartney - Ballroom Dancing.pdf
Paul Simon,Anthology,49,Paul Simon - A Hazy Shade Of Winter.pdf
Paul Simon,Paul Simon - Anthology,47,Paul Simon - A Hazy Shade Of Winter.pdf
Paul Simon,Simon & Garfunkel's Greatest Hits,14,Paul Simon - America.pdf
Peter Frampton,Peter Frampton - The Best Of [guitar Tab],7,Peter Frampton - All I Want To Be (is By Your Side).pdf
Peter Frampton,The Best Of [guitar Tab],11,Peter Frampton - All I Want To Be (is By Your Side).pdf
Pink,Funhouse [pvg],1,Pink - So What.pdf
Pink,I'm Not Dead [pvg Book],10,Pink - Conversations With My 13 Year Old Self.pdf
Pink,Missundaztood [pvg Book],1,Pink - Missundaztood.pdf
Pink,Pink - I'm Not Dead [pvg Book],8,Pink - Conversations With My 13 Year Old Self.pdf
Pink Floyd,Anthology (book),38,Pink Floyd - A Saucerful Of Secrets (main Theme).pdf
Pink Floyd,Anthology - P110-175,1,Pink Floyd - Sheep.pdf
Pink Floyd,Anthology - P58-109,1,Pink Floyd - The Gold It's In The.pdf
Pink Floyd,Anthology [pvg],38,Pink Floyd - A Saucerful Of Secrets (main Theme).pdf
Pink Floyd,Dark Side Of The Moon,1,Pink Floyd - Breathe.pdf
Pink Floyd,Dark Side Of The Moon (2),1,Pink Floyd - Breathe.pdf
Pink Floyd,Dark Side Of The Moon [pvg],1,Pink Floyd - Breathe.pdf
Pink Floyd,Pink Floyd - Anthology (book),12,Pink Floyd - A Saucerful Of Secrets (main Theme).pdf
Pink Floyd,Pink Floyd - Anthology - P110-175,1,Pink Floyd - Sheep.pdf
Pink Floyd,Pink Floyd - Anthology - P58-109,1,Pink Floyd - The Gold It's In The.pdf
Pink Floyd,Pink Floyd - Anthology [pvg],35,Pink Floyd - Another Brick In The Wall – Part 2.pdf
Pink Floyd,Pink Floyd - Dark Side Of The Moon [pvg],1,Pink Floyd - Breathe.pdf
Pink Floyd,Pink Floyd - Pink Floyd Songbook,10,Pink Floyd - Arnold Layne.pdf
Pink Floyd,Pink Floyd - The Wall [pvg],1,Pink Floyd - In The Flesh-.pdf
Pink Floyd,Pink Floyd - Wish You Were Here,10,Pink Floyd - Shine On You Crazy Diamond (part I).pdf
Pink Floyd,Pink Floyd - Wish You Were Here [pvg],10,Pink Floyd - Shine On You Crazy Diamond (part I).pdf
Pink Floyd,Pink Floyd Songbook,10,Pink Floyd - Arnold Layne.pdf
Pink Floyd,The Wall [pvg],23,Pink Floyd - A Young Lust.pdf
Pink Floyd,Wish You Were Here,11,Pink Floyd - Have A Cigar.pdf
Pink Floyd,Wish You Were Here [pvg],12,Pink Floyd - Have A Cigar.pdf
Police,Police - The Great Songs Of The Police,2,Police - Message In A Bottle.pdf
Police,The Great Songs Of The Police,12,Police - Bring On The Night.pdf
Pretenders,Best Of Pretenders,16,Pretenders - 2000 Miles.pdf
Pretenders,Pretenders - Best Of Pretenders,11,Pretenders - 2000 Miles.pdf
Prince,Prince - Purple Rain [score],4,Prince - Baby I'm A Star.pdf
Prince,Purple Rain [score],1,Prince - Let's Go Crazy.pdf
Queen,Deluxe Anthology [pvg],1,Queen - We Will Rock You.pdf
Queen,Greatest Hits,1,Queen - We Will Rock You.pdf
Queen,Greatest Hits 1 [score],16,Queen - Another One Bites The Dust.pdf
Queen,Greatest Hits Ii [pvg],17,Queen - A Kind Of Magic.pdf
Queen,Hit Songs,22,Queen - '39.pdf
Queen,Queen - Deluxe Anthology [pvg],10,Queen - Bicycle Race.pdf
Queen,Queen - Greatest Hits,1,Queen - Killer Queen.pdf
Queen,Queen - Greatest Hits 1 [score],2,Queen - Save Me.pdf
Queen,Queen - Greatest Hits Ii [pvg],6,Queen - A Kind Of Magic.pdf
Queen,Queen - Hit Songs,6,Queen - '39.pdf
Randy Newman,Collection,1,Randy Newman - I Want You To Hurt Like I Do.pdf
Randy Newman,Randy Newman - Collection,11,Randy Newman - Baltimore.pdf
Reo Speedwagon,Good Trouble,1,Reo Speedwagon - Keep The Fire Burnin'.pdf
Reo Speedwagon,Hi Infidelity,1,Reo Speedwagon - Don't Let Him Go.pdf
Reo Speedwagon,Reo Speedwagon - Hi Infidelity,1,Reo Speedwagon - Don't Let Him Go.pdf
Reo Speedwagon,Reo Speedwagon - Life As We Know It,4,Reo Speedwagon - Accidents Can Happen.pdf
Reo Speedwagon,Reo Speedwagon - The Hits,2,Reo Speedwagon - Ridin' The Storm Out.pdf
Reo Speedwagon,The Hits,12,Reo Speedwagon - Can't Fight This Feeling.pdf
Robbie Robertson,Robbie Robertson - Songbook [guitar Tab],12,Robbie Robertson - Acadian Driftwood.pdf
Rod Stewart,Rod Stewart - The Great American Songbook,11,Rod Stewart - As Time Goes By.pdf
Rod Stewart,The Great American Songbook,16,Rod Stewart - As Time Goes By.pdf
Rolling Stones,Best Of Rolling Stones 1963-1973 Piano Songbook,20,Rolling Stones - 19th Nervous Breakdown.pdf
Rolling Stones,Let It Bleed [guitar Tab],9,Rolling Stones - Country Honk.pdf
Rolling Stones,Rolling Stones - Best Of Rolling Stones 1963-1973 Piano Songbook,12,Rolling Stones - Angie.pdf
Rolling Stones,Rolling Stones - Let It Bleed [guitar Tab],5,Rolling Stones - Gimme Shelter.pdf
Rolling Stones,Rolling Stones - Sticky Fingers [score],3,Rolling Stones - Can't You Hear Me Knocking.pdf
Rolling Stones,Sticky Fingers [score],10,Rolling Stones - Bitch.pdf
Roy Orbison,Greatest Hits,19,Roy Orbison - Blue Angel.pdf
Roy Orbison,Roy Orbison - Greatest Hits,14,Roy Orbison - Blue Angel.pdf
Santana,Off The Record,8,Santana - Black Magic Woman.pdf
Santana,Santana - Off The Record,3,Santana - Dance Sister Dance.pdf
Scott Joplin,Scott Joplin - The Best Of,5,Scott Joplin - Elite Syncopations.pdf
Scott Joplin,The Best Of,17,Scott Joplin - (a) Breeze From Alabama (ragtime Two Step).pdf
Shania Twain,Greatest Hits,21,Shania Twain - (if You're Not In It For Love) I'm Outta Here!.pdf
Shania Twain,Shania Twain - Greatest Hits,4,Shania Twain - Love Gets Me Every Time.pdf
Shania Twain,Shania Twain - Up! [pvg Book],9,Shania Twain - (wanna Get To Know You) That Good!.pdf
Shania Twain,Up! [pvg Book],20,Shania Twain - (wanna Get To Know You) That Good!.pdf
Sheryl Crow,Sheryl Crow - Tuesday Night Music Club [pvg Book],7,Sheryl Crow - All I Wanna Do.pdf
Sheryl Crow,Sheryl Crow - Very Best,8,Sheryl Crow - A Change Would Do You Good.pdf
Sheryl Crow,Tuesday Night Music Club [pvg Book],11,Sheryl Crow - All I Wanna Do.pdf
Sheryl Crow,Very Best,17,Sheryl Crow - A Change Would Do You Good.pdf
Spice Girls,Greatest Hits,11,Spice Girls - 2 Become 1.pdf
Spice Girls,Spice Girls - Greatest Hits,9,Spice Girls - 2 Become 1.pdf
Steely Dan,Steely Dan - The Best,23,Steely Dan - Aja.pdf
Steve Miller Band,13 Biggest Hits,13,Steve Miller Band - Fly Like An Eagle.pdf
Steve Miller Band,Rock Best Hits [jap Score],8,Steve Miller Band - Fly Like An Eagle.pdf
Steve Miller Band,Steve Miller Band - 13 Biggest Hits,2,Steve Miller Band - Fly Like An Eagle.pdf
Steve Miller Band,Steve Miller Band - Rock Best Hits [jap Score],5,Steve Miller Band - Fly Like An Eagle.pdf
Steve Winwood,Arc Of A Diver [pvg Book],7,Steve Winwood - Arc Of A Diver.pdf
Steve Winwood,Steve Winwood - Arc Of A Diver [pvg Book],3,Steve Winwood - Second-hand Woman.pdf
Steve Winwood,Steve Winwood - The Great Songs Of,3,Steve Winwood - Arc Of A Diver.pdf
Steve Winwood,The Great Songs Of,8,Steve Winwood - Are Of A Diver.pdf
Supertramp,Anthology,2,Supertramp - Crime Of The Century.pdf
Supertramp,Breakfast In America [pvg Book],10,Supertramp - Breakfast In America.pdf
Supertramp,Crime Of The Century [book],8,Supertramp - Asylum.pdf
Supertramp,Supertramp - Anthology,6,Supertramp - Goodbye Stranger.pdf
Supertramp,Supertramp - Breakfast In America [pvg Book],3,Supertramp - Child Of Vision.pdf
Supertramp,Supertramp - Crime Of The Century [book],4,Supertramp - Bloody Well Right.pdf
Survivor,Greatest Hits,10,Survivor - American Heartbeat.pdf
Survivor,Survivor - Greatest Hits,3,Survivor - Ever Since The World Began.pdf
Taylor Swift,Best Of [easy Piano],12,Taylor Swift - Fearless.pdf
Taylor Swift,Fearless [pvg Book],16,Taylor Swift - Breathe.pdf
Taylor Swift,Speak Now [pvg Book],14,Taylor Swift - Back To December.pdf
Taylor Swift,Taylor Swift,11,Taylor Swift - A Place In This World.pdf
Taylor Swift,Taylor Swift - Best Of [easy Piano],7,Taylor Swift - Fearless.pdf
Taylor Swift,Taylor Swift - Fearless [pvg Book],3,Taylor Swift - The Best Day.pdf
Taylor Swift,Taylor Swift - Speak Now [pvg Book],12,Taylor Swift - Back To December.pdf
Taylor Swift,Taylor Swift - Taylor Swift,7,Taylor Swift - A Place In This World.pdf
Taylor Swift,Taylor Swift - Taylor Swift [guitar Compilation],3,Taylor Swift - A Place In This World.pdf
Taylor Swift,Taylor Swift [guitar Compilation],11,Taylor Swift - A Place In This World.pdf
The Band,Band - Northern Lights Southern Cross [pvg],8,The Band - Acadian Driftwood.pdf
The Band,Band - Stage Fright [pvg],11,The Band - All La Glory.pdf
The Band,Rock Of Ages [pvg Book],8,The Band - California Mission.pdf
The Band,The Band - Rock Of Ages [pvg Book],3,The Band - California Mission.pdf
The Band,The Band - The Band And Music From Big Pink,14,The Band - (this) Wheel-'s On Fire.pdf
The Band,The Band And Music From Big Pink,21,The Band - (this) Wheel-'s On Fire.pdf
Tom Lehrer,Tom Lehrer - Book Covers,1,Tom Lehrer - The Tom Lehrer Song Book.pdf
Tom Lehrer,Tom Lehrer - Too Many Songs [pvc Book],32,Tom Lehrer - A Christmas Carol.pdf
Tom Waits,Anthology,29,Tom Waits - 'til The Money Runs Out.pdf
Tom Waits,Tom Waits - Anthology,24,Tom Waits - (looking For) The Heart Of Saturday Night.pdf
Tom Waits,Tom Waits - Tom Waits Anthology,7,Tom Waits - Barcarolle.pdf
Tori Amos,Tori Amos - [book] Anthology,18,Tori Amos - Baker Baker.pdf
Tori Amos,[book] Anthology,25,Tori Amos - Baker Baker.pdf
Toto,Best Of,5,Toto - Africa.pdf
Toto,Collection,13,"David Diaan, Marc Tanner, Jean-michel Byron And Jean-claude Deschaux - Can You Hear What I'm Saying-.pdf"
Toto,Past To Present [book],13,Toto - 99.pdf
Toto,Toto - Best Of,3,Toto - Africa.pdf
Toto,Toto - Collection,4,David Paich And Jeff Porcaro - Africa.pdf
Toto,Toto - Past To Present [book],3,Toto - Africa.pdf
Traveling Wilburys,Volume 1,1,Traveling Wilburys - Handle With Care.pdf
Usic,Acdc - Anthology,3,Usic - For Those About To Rock (we Salute You).pdf
Usic,Adele - 19 [pvg Book],12,Usic - Best For Last.pdf
Van Morrison,Anthology,25,Van Morrison - A Sense Of Wonder.pdf
Van Morrison,Anthology (2),21,Van Morrison - A Sense Of Wonder.pdf
Van Morrison,Back On Top [book],10,Van Morrison - Back On Top.pdf
Van Morrison,Days Like These (book),2,"Van Morrison - Now Ba - By Just Late - Ly, (verses 2, 3, 4, 5 & 6- See Lyric).pdf"
Van Morrison,Van Morrison - Anthology,11,Van Morrison - Astral Weeks.pdf
Van Morrison,Van Morrison - Anthology (2),9,Van Morrison - (i'm In Heaven When You Smile).pdf
Van Morrison,Van Morrison - Back On Top [book],4,Van Morrison - Goin' Down Geneva.pdf
Van Morrison,Van Morrison - Days Like These (book),3,Van Morrison - Melancholia.pdf
Various Artists,100 Songs For Kids - (easy Guitar Songbook),99,"(traditional Song, No Specific Artist Listed) - Do Your Ears Hang Low-.pdf"
Various Artists,50 Platinum Country Hits,50,Alabama - Feels So Right.pdf
Various Artists,50's And 60's,1,Unknown Artist - You're Sixteen.pdf
Various Artists,557 Standards (sheet Music - Piano)(2),345,(a Herzig) - God Bless The Child.pdf
Various Artists,62 Stars 62 Hits [60's Compilation],55,(adaptation Of -notte Samba- From The Motion Picture -the Devil And The Ten Commandments-) Music By Guy Magenta - Warm.pdf
Various Artists,70's Collection - (57pp),1,Carole King - It's Too Late.pdf
Various Artists,70's Hits [easy Piano],20,Abba - Dancing Queen.pdf
Various Artists,Adult Contemporary Hits Of The Nineties,30,(from The Film -with Honors-) - I'll Remember.pdf
Various Artists,All Time Best Collection Vol 3,18,"Cameron Mckittrick, Neneh Cherry, Jonathan Sharp And Youssou N'dour - 7 Seconds.pdf"
Various Artists,Best In Country Sheet Music,26,Becky Hobbs And Don Goodman - Angels Among Us.pdf
Various Artists,Best Of 80s Rock [pvg],29,Billy Joel - It's Still Rock And Roll To Me.pdf
Various Artists,Best Of The 70s & 80s [solo Piano],17,(best That You Can Do) - Arthur's Theme.pdf
Various Artists,Best Rock Songs 2000-2005,18,Barenaked Ladies - Pinch Me.pdf
Various Artists,Biggest Pop Hits 1996-1997,26,Az Yet Featuring Peter Cetera - Hard To Say I'm Sorry.pdf
Various Artists,Chart Hits 01-02,1,Wayne Hector And Steve Mac - All Or Nothing.pdf
Various Artists,Chart Hits 04-05,20,Adam Levine And Jesse Carmichael - This Love.pdf
Various Artists,Chart Hits 98-99,26,Alanis Morissette - Thank U.pdf
Various Artists,Classic Rock - 73 Songs,73,(she's) - Some Kind Of Wonderful.pdf
Various Artists,Collection Of Country Music,72,"Alan Jackson, Keith Stegall And Roger Murrah - Don't Rock The Jukebox.pdf"
Various Artists,Complete Piano Player Easy Blues (22 Songs),21,"(from -porgy And Bess-) Words & Music By George Gershwin, Dubose & Dorothy Heyward & Ira Gershwin - It Ain't Necessarily So.pdf"
Various Artists,Country Classics [pvg],49,Alabama - Mountain Music.pdf
Various Artists,Even More Songs Of The Eighties [pvg],39,"(words And Music By Eddie Rabbitt, Even Stevens And David Malloy) - I Love A Rainy Night.pdf"
Various Artists,Golden Era Of Rock And Roll (grab It!),99,(when Your Heart's On Fire) - Music By Jerome Kern - Words By Otto Harbach - Smoke Gets In Your Eyes.pdf
Various Artists,Great Bands Of The 60s [pvg Book],25,Bob Dylan - All Along The Watchtower.pdf
Various Artists,Great Bands Of The 70s,21,"Abba - Knowing Me, Knowing You.pdf"
Various Artists,Great Bands Of The 70s [pvg Book],20,"Abba - Knowing Me, Knowing You.pdf"
Various Artists,Great Big Book Of Children's Songs,73,"(a-k-a Daisy Bell) - Bicycle Built For Two, A.pdf"
Various Artists,Great Country Collection,14,Brooks & Dunn - Boot Scootin' Boogie.pdf
Various Artists,Great Songs Of The 70s [guitar Tab],30,Aerosmith - Walk This Way.pdf
Various Artists,Greatest Hits Of 2004-2005,60,3 Doors Down - Here Without You.pdf
Various Artists,Greatest Love Songs Of 80s,25,Abba - The Winner Takes It All.pdf
Various Artists,Greatest Love Songs Of The 60s,25,Andy Williams - Can't Take My Eyes Off You.pdf
Various Artists,Greatest Love Songs Of The 70s,26,Andy Williams - Where Do I Begin (theme From 'love Story').pdf
Various Artists,Greatest Love Songs Of The 80s,25,Abba - The Winner Takes It All.pdf
Various Artists,Heavy Metal Vol. Iii,13,Blue Oyster Cult - (don't Fear) The Reaper.pdf
Various Artists,Heavy Rock Hits Of The 80s [pvg],20,"Bill Withers, Larry Hill And Frank Beard - Legs.pdf"
Various Artists,History Of Rock - Late 80s,43,Beach Boys - Kokomo.pdf
Various Artists,More Songs Of The Eighties [pvg],43,(from The Paramount Motion Picture -beverly Hills Cop-) - The Heat Is On.pdf
Various Artists,Music For The Millenium - The Seventies,17,(words & Music By John Lennon And Paul Mccartney) - The Long And Winding Road.pdf
Various Artists,Music For The Millennium The Seventies,17,(words & Music By John Lennon And Paul Mccartney) - The Long And Winding Road.pdf
Various Artists,Oldies But Goodies,41,Alex North - Unchained Melody.pdf
Various Artists,Popular Piano Solos,11,Arthur De Lulli - Chopsticks.pdf
Various Artists,Songs Of The 60s [pvg],60,(from -the Fantasticks- By Tom Jones And Harvey Schmidt) - Try To Remember.pdf
Various Artists,The 1980s,30,38 Special - Caught Up In You.pdf
Various Artists,The 60s And 70s Rock Score,9,(black Sabbath) - Paranoid.pdf
Various Artists,The Best Children's Songs Ever (easy Piano),103,(ditty Ditty) From Walt Disney's So Dear To My Heart - Lavender Blue.pdf
Various Artists,The Decade Series - The 1980s,30,38 Special - Caught Up In You.pdf
Various Artists,The Greatest Love Songs Of The 80s,25,Abba - The Winner Takes It All.pdf
Various Artists,Ultimate 100 Pop Hits Of The 90s,102,Adam Schlesinger Arranged By Andy Zorn - That Thing You Do!.pdf
Various Artists,Ultimate Pop Sheet Music Collection 2000,84,Amanda Mcbroom - The Rose.pdf
Various Artists,Various Artists - 100 Songs For Kids - (easy Guitar Songbook),37,American Folksong - Animal Fair.pdf
Various Artists,Various Artists - 50 Platinum Country Hits,33,Alabama - There's No Way.pdf
Various Artists,Various Artists - 50's And 60's,1,Unknown Artist - You're Sixteen.pdf
Various Artists,Various Artists - 557 Standards (sheet Music - Piano)(2),174,(a Herzig) - God Bless The Child.pdf
Various Artists,Various Artists - 62 Stars 62 Hits [60's Compilation],19,Bert Kaempfert - A Swingin' Safari.pdf
Various Artists,Various Artists - 70's Collection - (57pp),8,Bill Withers - Ain't No Sunshine.pdf
Various Artists,Various Artists - 70's Hits [easy Piano],13,Bill Withers - Ain't No Sunshine.pdf
Various Artists,Various Artists - Adult Contemporary Hits Of The Nineties,10,(from The Film -with Honors-) - I'll Remember.pdf
Various Artists,Various Artists - All Time Best Collection Vol 3,4,David Wolinski - Ain't Nobody.pdf
Various Artists,Various Artists - Best In Country Sheet Music,7,Chuck Jones And Amanda Hunt - Your Love Amazes Me.pdf
Various Artists,Various Artists - Best Of 80s Rock [pvg],19,Billy Joel - It's Still Rock And Roll To Me.pdf
Various Artists,Various Artists - Best Of The 70s & 80s [solo Piano],5,David Gates (words And Music By) - If.pdf
Various Artists,Various Artists - Best Rock Songs 2000-2005,16,Ben Jovi - Everyday.pdf
Various Artists,Various Artists - Biggest Pop Hits 1996-1997,10,Bob Carlisle And Randy Thomas - Butterfly Kisses.pdf
Various Artists,Various Artists - Chart Hits 04-05,7,Adam Levine And Jesse Carmichael - This Love.pdf
Various Artists,Various Artists - Chart Hits 98-99,22,Alanis Morissette - Thank U.pdf
Various Artists,Various Artists - Collection Of Country Music,33,Alabama - I'm In A Hurry (and I Don't Know Why).pdf
Various Artists,Various Artists - Complete Piano Player Easy Blues (22 Songs),5,"(from -porgy And Bess-) Words & Music By George Gershwin, Dubose & Dorothy Heyward & Ira Gershwin - Summertime.pdf"
Various Artists,Various Artists - Country Classics [pvg],15,Boudleaux Bryant - Bird Dog.pdf
Various Artists,Various Artists - Even More Songs Of The Eighties [pvg],15,Billy Joel - It's Still Rock And Roll To Me.pdf
Various Artists,Various Artists - Golden Era Of Rock And Roll (grab It!),34,Alan Price - The House Of The Rising Sun.pdf
Various Artists,Various Artists - Great Bands Of The 60s [pvg Book],5,Bob Dylan - All Along The Watchtower.pdf
Various Artists,Various Artists - Great Bands Of The 70s [pvg Book],17,"Abba - Knowing Me, Knowing You.pdf"
Various Artists,Various Artists - Great Big Book Of Children's Songs,70,(a-k-a It's A Beautiful Day In This Neighborhood) - Won't You Be My Neighbor-.pdf
Various Artists,Various Artists - Great Country Collection,4,Jerry Ragovoy And Bert Berns - Piece Of My Heart.pdf
Various Artists,Various Artists - Great Songs Of The 70s [guitar Tab],10,Bachman-turner Overdrive - You Ain't Seen Nothin' Yet.pdf
Various Artists,Various Artists - Greatest Hits Of 2004-2005,30,"Andrew Frampton, Wayne Wilkins And Stephen Kipner - These Words.pdf"
Various Artists,Various Artists - Greatest Love Songs Of 80s,8,Cyndi Lauper & Robert Hyman - Time After Time.pdf
Various Artists,Various Artists - Greatest Love Songs Of The 60s,20,Aretha Franklin - I Say A Little Prayer.pdf
Various Artists,Various Artists - Greatest Love Songs Of The 70s,5,Albert Hammond & Carole Bayer Sager - When I Need You.pdf
Various Artists,Various Artists - Greatest Love Songs Of The 80s,18,Abba - The Winner Takes It All.pdf
Various Artists,Various Artists - Heavy Metal Vol. Iii,9,Blue Oyster Cult - Godzilla.pdf
Various Artists,Various Artists - Heavy Rock Hits Of The 80s [pvg],6,Don Henley And Mike Campbell - The Boys Of Summer.pdf
Various Artists,Various Artists - History Of Rock - Late 80s,40,Beach Boys - Kokomo.pdf
Various Artists,Various Artists - More Songs Of The Eighties [pvg],39,(from The Paramount Motion Picture -beverly Hills Cop-) - The Heat Is On.pdf
Various Artists,Various Artists - Music For The Millenium - The Seventies,4,Don Mclean - Vincent.pdf
Various Artists,Various Artists - Music For The Millennium The Seventies,7,(words & Music By John Lennon And Paul Mccartney) - The Long And Winding Road.pdf
Various Artists,Various Artists - Oldies But Goodies,11,Buffy Sainte-marie - Until It's Time For You To Go.pdf
Various Artists,Various Artists - Popular Piano Solos,5,From The Sound Of Music - Do-re-mi.pdf
Various Artists,Various Artists - Songs Of The 60s [pvg],16,"George Weiss, Hugo Peretti & Luigi Creatore - Can't Help Falling In Love.pdf"
Various Artists,Various Artists - The 1980s,26,38 Special - Caught Up In You.pdf
Various Artists,Various Artists - The 60s And 70s Rock Score,3,(deep Purple) - Smoke On The Water.pdf
Various Artists,Various Artists - The Best Children's Songs Ever (easy Piano),47,(ditty Ditty) From Walt Disney's So Dear To My Heart - Lavender Blue.pdf
Various Artists,Various Artists - The Decade Series - The 1980s,25,38 Special - Caught Up In You.pdf
Various Artists,Various Artists - The Greatest Love Songs Of The 80s,6,"Holly Johnson, Mark O'toole, Peter Gill & Brian Nash - The Power Of Love.pdf"
Various Artists,Various Artists - Ultimate 100 Pop Hits Of The 90s,38,Adam Schlesinger Arranged By Andy Zorn - That Thing You Do!.pdf
Various Artists,Various Artists - Ultimate 80's Songs,10,Annie Lennox & David A. Stewart - Love Is A Stranger.pdf
Various Artists,Various Artists - Ultimate Pop Sheet Music Collection 2000,43,Andrew Lloyd Webber - Don't Cry For Me Argentina.pdf
Vince Guaraldi,Peanuts Songbook,28,Vince Guaraldi - Baseball Theme.pdf
Vince Guaraldi,The Vince Guaraldi Collection,9,Antonio Carlos Jobim - Outra Vez.pdf
Vince Guaraldi,Vince Guaraldi - Peanuts Songbook,8,Vince Guaraldi - Baseball Theme.pdf
Vince Guaraldi,Vince Guaraldi - The Vince Guaraldi Collection,4,"Antonio Maria, Music By Luiz Bonfa - Samba De Orfeu.pdf"
Whitney Houston,The Best Of,10,Whitney Houston - All At Once.pdf
Whitney Houston,Whitney Houston - The Best Of,5,Whitney Houston - All At Once.pdf
Who,Who - Quadrophenia (pvg),9,Who - Bell Boy.pdf
Who,Who - Who Anthology,16,Who - (pete's Theme).pdf
Who,Who Anthology,44,Who - (pete's Theme).pdf
Who,Who Anthology-(0001),1,Who - I Can See For Miles.pdf
Wings,Wings - Greatest Hits,13,Wings - Another Day.pdf
Wings,Wings - London Town (pvg Book),8,Wings - Backwards Traveller.pdf
Wings,Wings - Over America [pvg],19,Wings - Band On The Run.pdf
Yes,Complete Deluxe Edition,29,Yes - All Good People.pdf
Yes,Yes - Complete Deluxe Edition,36,Yes - A Little Faster.pdf
Zz Top,Greatest Hits,21,Zz Top - Burger Man.pdf
Zz Top,Greatest Hits (2),21,Zz Top - Burger Man.pdf
Zz Top,Zz Top- Greatest Hits,8,Zz Top - Cheap Sunglasses.pdf
Zz Top,Zz Top- Greatest Hits (2),6,Zz Top - Got Me Under Pressure.pdf
_broadway Shows,A Treasury Of Gilbert & Sullivan Part 1,50,Boatswain (from The Musical Notation) - He Is An Englishman.pdf
_broadway Shows,A Treasury Of Gilbert & Sullivan Part 2,47,Dame Carruthers - When Our Gallant Norman Foes.pdf
_broadway Shows,Lambert And Morrison - The Drowsy Chaperone (version 1),2,Lambert & Morrison - Overture Final.pdf
_broadway Shows,Lambert And Morrison - The Drowsy Chaperone (version 2),2,Broadway Version-mar.17 (revised From L.a. Prod.) - Overture.pdf
_broadway Shows,Lerner And Loewe - Camelot,20,(dance And Song) - The Lusty Month Of May — Dance.pdf
_broadway Shows,Mamma Mia,15,Mamma Mia - Honey Honey.pdf
_broadway Shows,Rogers And Hammerstein - South Pacific,18,(cable And Lina) - Younger Than Springtime.pdf
_broadway Shows,Steven Sondheim - All Sondheim Volume 2 Book,27,A Funny Thing Happened On The Way To The Forum - I Do Like You.pdf
_broadway Shows,The Wedding Singer,72,Billy Vaughn - Not That Kind Of Thing.pdf
_broadway Shows,Various Artists - Aida,1,Orchestration- Steve Margoshes - Overture.pdf
_broadway Shows,Various Artists - Aladdin (book),8,Unknown Artist - A Whole New World.pdf
_broadway Shows,Various Artists - Aladdin Jr,37,Alan Menken (composer) - Transition Out Of One Jump Ahead.pdf
_broadway Shows,Various Artists - Annie - Full Score,43,Annie 4 - Hard Knock Life.pdf
_broadway Shows,Various Artists - Avenue Q - Full Score,1,(piano-conductor) - The Avenue Q Theme.pdf
_broadway Shows,Various Artists - Avenue X - Vocal Chorus Book,26,Binadama Weusi - Africa (binadama Weusi).pdf
_broadway Shows,"Various Artists - Beauty And The Beast (1994 Mti Pc Score, Complete)",39,Beauty & The Beast - 16a. A Change In Me.pdf
_broadway Shows,Various Artists - Beauty And The Beast [score],39,(applause Scored) - No Matter What Reprise.pdf
_broadway Shows,Various Artists - Best In Broadway Deluxe Edition,80,42nd Street - Lullaby Of Broadway.pdf
_broadway Shows,Various Artists - Cabaret (1998 Version),2,"Unknown Artist - Hap-py To See You,.pdf"
_broadway Shows,Various Artists - Cabaret (original),9,"Fred Ebb, Music By John Kander - Will-kom-men, Bien-ve-nue.pdf"
_broadway Shows,Various Artists - Cats - Conductor Score,2,Unknown Artist - Agitato (in A).pdf
_broadway Shows,Various Artists - Chicago (1975),23,(no Clear Artist Name Provided) - A Little Bit Of Good.pdf
_broadway Shows,Various Artists - Dear Evan Hansen (pvg),15,Dear Evan Hansen - Disappear.pdf
_broadway Shows,Various Artists - Dirty Rotten Scoundrels (piano-vocal),18,Darry Ronen Sommerstein - 3. The More We Dance - Part Two.pdf
_broadway Shows,Various Artists - Evita [conductor Score],10,Unknown Artist - Feron's Latest Flame.pdf
_broadway Shows,Various Artists - Evita [score],11,(g. Kuri) - A New Argentina.pdf
_broadway Shows,Various Artists - Footloose [score],17,(no Clear Artist Name Provided) - Let's Make Believe We're In Love.pdf
_broadway Shows,Various Artists - Grease [1994 Score],22,(no Clear Artist Name Provided) - Rock 'n Roll Party Queen.pdf
_broadway Shows,Various Artists - Grease [2003 Score],40,(arranged By Daniel Walden - Warren Casey And Jim Jacobs) - Exit Music.pdf
_broadway Shows,Various Artists - Hair (rev 1995) - Piano Conductor Score,44,(adapted From Shakespeare's -hamlet-) Henry A. Waller - What A Piece Of Work Is Man.pdf
_broadway Shows,Various Artists - High School Musical [score],22,"(chad, Taylor, Kelsi, Martha, Jocks, Braniacs) - We're All In This Together.pdf"
_broadway Shows,Various Artists - High School Musical _score_,8,From Disney's High School Musical (company) - Wildcat Cheer.pdf
_broadway Shows,Various Artists - Jesus Christ Superstar,8,Unknown Artist - Everything's Alright.pdf
_broadway Shows,Various Artists - Legally Blonde - Score,18,Benjamin-krebs - Take It Like A Man.pdf
_broadway Shows,Various Artists - Les Miserables - Full Score,20,(orchestrated By John Cameron) - One Day More.pdf
_broadway Shows,Various Artists - Les Miserables - Piano-conductor,50,"(valjean) - This Appears To Be From The Musical Les Misérables, Based On The Header At The Top Of The Page - 17.one Day More.pdf"
_broadway Shows,Various Artists - Les Miserables - Piano-conductor (complete),34,Les Misérables - 1.at The End Of The Day.pdf
_broadway Shows,Various Artists - Lion King [score],58,(nala Continues Ad Lib) - Shadowland.pdf
_broadway Shows,Various Artists - Little Mermaid Workshop Score,1,Alan Menken - Overture-descent Into Sea.pdf
_broadway Shows,Various Artists - Little Mermaid Workshop Score.pdf,15,"Music By Alan Menken, Lyric By Glenn Slater - The World Above - Reprise.pdf"
_broadway Shows,Various Artists - Little Shop Of Horrors (original),2,Unknown Artist - Little Shop (prologue).pdf
_broadway Shows,Various Artists - Mary Poppins,2,"Music & Lyrics By Richard M. Sherman And Robert B. Sherman, Additional Music And Lyrics By George Stiles And Anthony Drewe, Musical Arrangement By George Stiles - 1. Prologue.pdf"
_broadway Shows,Various Artists - Phantom Of Opera [satb],5,"Andrew Lloyd Webber (lyrics By Charles Hart, Additional Lyrics By Richard Stilgoe) - All I Ask Of You.pdf"
_broadway Shows,Various Artists - Phantom Of The Opera,1,Andrew Lloyd Webber - Think Of Me.pdf
_broadway Shows,Various Artists - Phantom Of The Opera [score],7,(no Clear Artist Name Displayed) - Phantom.pdf
_broadway Shows,Various Artists - Rent [score],53,Piano Conductor - Tango Maureen Intro.pdf
_broadway Shows,Various Artists - Rocky Horror Show,5,Cast Vocal- Magenta - Science Fiction.pdf
_broadway Shows,Various Artists - Rocky Horror Show Revised - Full Score,24,(no Clear Artist Name Displayed) - Jerry Lee Lewis.pdf
_broadway Shows,Various Artists - Seussical - Tya,38,(bird Girls) - gertrude Stein-amazing Mayzie Pg. 9.pdf
_broadway Shows,Various Artists - Seussical [piano-conductor],16,"(horton, July, Meyer, Mrs. Hays, Other Animals) - Solla Sollew.pdf"
_broadway Shows,Various Artists - Seussical [pv Score],44,"(cat In The Hat, Role) - Oh, The Thinks You Can Think! (reprise).pdf"
_broadway Shows,Various Artists - Shrek The Musical,11,David Lindsay-abaire - The Ballad Of Farquaad.pdf
_broadway Shows,Various Artists - Sound Of Music,25,(maria) (from The Musical The Sound Of Music) - Do-re-mi.pdf
_broadway Shows,Various Artists - Sound Of Music (vocal Selections),7,"Lyrics By Oscar Hammerstein Ii, Music By Richard Rodgers - The Lonely Goatherd.pdf"
_broadway Shows,Various Artists - Spamalot,66,(crazy) Al - Marlene Cow.pdf
_broadway Shows,Various Artists - Sweeney Todd Vocal Score,21,(anthony) - Johanna (anthony).pdf
_broadway Shows,Various Artists - The Hobbit Score,11,The Hobbit - Benevolent Burglary.pdf
_broadway Shows,Various Artists - The Ultimate Broadway Fakebook,407,(based On -notebook- By Edward Borg) - Strange Music.pdf
_broadway Shows,Various Artists - Wicked [pvg],14,Stephen Schwartz - As Long As You're Mine.pdf
_broadway Shows,Various Artists - Wicked [score],1,Music And Lyrics By Stephen Schwartz - Opening.pdf
_broadway Shows,Various Artists - Wizard Of Oz (rsc Piano-conductor),20,(ambiguous For Nat'l Casting) - Bow & Plowshut Music.pdf
_broadway Shows,Various Artists - Wizard Of Oz - Piano Conductor,25,(based On -lost From 9-8 With The Pleiades- - 2008) - Cyclone.pdf
_broadway Shows,Various Artists - You're A Good Man Charlie Brown [revival] [score],38,(brown) - -the Book Raper-.pdf
_broadway Shows,Wicked Workshop,4,Music And Lyrics By Stephen Schwartz - I'm Not That Girl.pdf
_movie And Tv,Beauty And The Beast [pvg],8,Alan Menken - Something There.pdf
_movie And Tv,Brother Bear (disney),8,(theme From Brother Bear) - No Way Out.pdf
_movie And Tv,Budget Books - Movie Songs,76,(from She Done Him Wrong) - A Guy What Takes His Time.pdf
_movie And Tv,Disney Collection (songs Out Of Order),42,(from Walt Disney's -cinderella-) - Bibbidi-bobbidi-boo.pdf
_movie And Tv,High School Musical - Breaking Free - Piano Sheet Music,1,Jamie Houston - Breaking Free.pdf
_movie And Tv,John Williams - Greatest Hits,28,1941 - March From -1941-.pdf
_movie And Tv,John Williams - Star Wars Episode I - The Phantom Menace,1,John Williams - Star Wars (main Theme).pdf
_movie And Tv,John Williams - Star Wars Episode Ii - Attack Of The Clones (lite),1,John Williams - Across The Stars (love Theme From Star Wars- Episode Ii).pdf
_movie And Tv,John Williams - Star Wars Episode Iii - Revenge Of The Sith.(incomplete Grab),1,John Williams - Battle Of The Heroes.pdf
_movie And Tv,John Williams - Star Wars Trilogy,16,Jerry Hey - Jedi Rocks.pdf
_movie And Tv,Kasha & Hirschorn - Pete's Dragon,7,"Al Kasha And Joel Hirschhorn - Boo Bop Bop Bop Bop (i Love You, Too).pdf"
_movie And Tv,Mary Poppins,11,Richard M. Sherman And Robert B. Sherman - A Spoonful Of Sugar.pdf
_movie And Tv,Mulan,1,Matthew Wilder & David Zippel - Honor To Us All.pdf
_movie And Tv,Pirates Of The Caribbean [book 1 - The Curse Of The Black Pearl],7,Keal's Badelt - Underwater March.pdf
_movie And Tv,Pirates Of The Caribbean [book 2 - Dead Man's Chest],9,Hans Zimmer - Davy Jones Plays His Organ.pdf
_movie And Tv,Randy Newman - Toy Story 2,1,Randy Newman - Woody's Roundup.pdf
_movie And Tv,Spirited Away (disney) (2001),1,Unknown Artist - Ano Natsu He (one Summer Day).pdf
_movie And Tv,Star Wars Suite (john Williams - Full Score - Hal Leonard),8,John Williams - Iv. Yoda's Theme.pdf
_movie And Tv,The New Illustrated Treasury Of Disney,68,"From Disneyland And Walt Disney World's -pirates Of The Caribbean- (words By Xavier Atencio, Music By George Bruns) - Yo Ho (a Pirate's Life For Me).pdf"
_movie And Tv,The New Illustrated Treasury Of Disney Songs,68,"From Disneyland And Walt Disney World's Pirates Of The Caribbean (words By Xavier Atencio, Music By George Bruns) - Yo Ho (a Pirate's Life For Me).pdf"
_movie And Tv,Theme From Rocky And Otther Big Hits,27,Barry Manilow - Could It Be Magic.pdf
_movie And Tv,Various Artists - 100 Of The Best Movie Songs Ever,101,(from Cabaret) - Maybe This Time.pdf
_movie And Tv,Various Artists - Book Of Great Tv Hits,46,Bennett Salvay And Jesse Frederick - As Days Go By (family Matters).pdf
_movie And Tv,Various Artists - Box Office Themes Vol. 1,12,Theme From -against All Odds- - Take A Look At Me Now.pdf
_movie And Tv,Various Artists - Decades Of Film '70s,17,From -a Star Is Born- - Evergreen.pdf
_movie And Tv,Various Artists - Decades Of Film '80s,21,From -annie- - Tomorrow.pdf
_movie And Tv,Various Artists - Decades Of Film '90s,20,(from -sister Act- Musical) - My Guy.pdf
_movie And Tv,Various Artists - Disney Duets,8,From 101 Dalmatians - Cruella De Vil.pdf
_movie And Tv,Various Artists - Disney Fake Book,194,(from Walt Disney's Sleeping Beauty) - Once Upon A Dream.pdf
_movie And Tv,Various Artists - Disney Solos For Violin,1,From Walt Disney's Pocahontas - Colors Of The Wind.pdf
_movie And Tv,Various Artists - Eddie And The Cruisers,6,John Cafferty - Down On My Knee.pdf
_movie And Tv,Various Artists - Film Book,44,(from -captain Corelli's Mandolin-) Music By Stephen Warbeck - Captain Corelli's Mandolin (the Mandolin).pdf
_movie And Tv,Various Artists - Film Music For Solo Piano,28,Alberto Iglesias - Alicia Vive From Talk To Her.pdf
_movie And Tv,Various Artists - Film Music For Solo Piano (2),23,Alberto Iglesias - Alicia Vive From Talk To Her.pdf
_movie And Tv,Various Artists - Frozen - Let It Go (movie Version),1,Kristen Anderson-lopez And Robert Lopez - Let It Go (movie Version).pdf
_movie And Tv,Various Artists - High School Musical 1,2,Randy Petersen And Kevin Quinn - Bop To The Top.pdf
_movie And Tv,Various Artists - High School Musical 2,13,"Adam Watts, Randy Dodd - Gotta Go My Own Way.pdf"
_movie And Tv,Various Artists - Little Mermaid,1,"Lyrics By Howard Ashman, Music By Alan Menken - Fathoms Below.pdf"
_movie And Tv,Various Artists - Love Songs From The Movies,33,A Beautiful Mind Charlotte Church - All Love Can Be.pdf
_movie And Tv,Various Artists - Movie Fakebook,392,(a Cowboy Legend) From Riders In The Sky - (ghost) Riders In The Sky.pdf
_movie And Tv,Various Artists - Movie Love Songs [book],16,Andrew Lloyd Webber - You Must Love Me.pdf
_movie And Tv,Various Artists - Movie Melodies - The Very Best Of Movie Songs,21,"From -007, Live And Let Die- - Live And Let Die.pdf"
_movie And Tv,Various Artists - Movie Songs Of The 90s Vol 2,40,Al Green And Mabon Hodges - Take Me To The River.pdf
_movie And Tv,Various Artists - Music From The Movies The Adventure Collection,26,(arthur's Fanfare - Promise Me) Composed By Jerry Goldsmith - Arthur's Fanfare - Promise Me.pdf
_movie And Tv,Various Artists - Music From The Movies The Animated Collection,29,(catbus) Composed By Joe Hisaishi - My Neighbour Totoro.pdf
_movie And Tv,Various Artists - Piano Solos Film Music - The Costume Drama Collection,28,(adele) Composed By Maurice Jarre - A Passage To India.pdf
_movie And Tv,Various Artists - Pirates Of The Caribbean At World's End,1,Hans Zimmer - At Wit's End.pdf
_movie And Tv,Various Artists - Shrek 1,13,Charles Reid And Craig Reid - I'm On My Way.pdf
_movie And Tv,Various Artists - Shrek 2,14,Butterfly Boucher - Changes.pdf
_movie And Tv,Various Artists - Shrek 3,14,"Andrew Stockdale, Chris Ross And Myiles Heskett - Joker & The Thief.pdf"
_movie And Tv,Various Artists - Star Trek (piano Solo),10,By Michael Giacchino - Does It Still Mcfly-.pdf
_movie And Tv,Various Artists - Star Trek - Complete Star Trek Theme Music,1,"(based On The Star Trek Logo And Imagery, This Appears To Be Sheet Music From The Soundtrack Or Score For A Star Trek Movie) - The Motion Picture.pdf"
_movie And Tv,Various Artists - Star Trek - Complete Theme Music (piano Solo),16,"(based On The Star Trek Logo And Imagery, This Appears To Be Sheet Music From The Soundtrack Or Score For A Star Trek Movie) - The Motion Picture.pdf"
_movie And Tv,Various Artists - Star Trek - Deep Space Nine,1,By Dennis Mccarthy - Star Trek Deep Space Nine.pdf
_movie And Tv,Various Artists - Star Trek - Enterprise,1,Diane Warren - Enterprise (where My Heart Will Take Me).pdf
_movie And Tv,Various Artists - Star Trek - First Contact,1,Jerry Goldsmith - Star Trek First Contact.pdf
_movie And Tv,Various Artists - Star Trek - Generations,1,Music By Dennis Mccarthy - Theme From The Paramount Motion Picture Star Trek- Generations.pdf
_movie And Tv,Various Artists - Star Trek - Insurrection,1,Jerry Goldsmith - Star Trek Insurrection.pdf
_movie And Tv,Various Artists - Star Trek - Star Trek,1,"Gene Roddenberry, Music By Alexander Courage - Star Trek.pdf"
_movie And Tv,Various Artists - Star Trek - Star Trek The Motion Picture,1,Music By Jerry Goldsmith - Theme From The Paramount Picture Star Trek- The Motion Picture.pdf
_movie And Tv,Various Artists - Star Trek - The Final Frontier,2,"From The Paramount Motion Picture Star Trek V- The Final Frontier, Words By John Bettis, Music By Jerry Goldsmith - The Moon's A Window To Heaven.pdf"
_movie And Tv,Various Artists - Star Trek - The Next Generation,2,"By Alexander Courage, Gene Roddenberry And Jerry Goldsmith - Star Trek- The Next Generation.pdf"
_movie And Tv,Various Artists - Star Trek - The Search For Spock,2,Music By James Horner - The Search For Spock.pdf
_movie And Tv,Various Artists - Star Trek - The Undiscovered Country,1,Music By Cliff Eidelman - Suite From The Paramount Motion Picture Star Trek Vi- The Undiscovered Country.pdf
_movie And Tv,Various Artists - Star Trek - The Voyage Home,1,Music By Alexander Courage And Leonard Rosenman - Theme From The Paramount Motion Picture Star Trek Iv- The Voyage Home.pdf
_movie And Tv,Various Artists - Star Trek - The Wrath Of Khan,2,Music By Alexander Courage And James Horner - Star Trek Ii- The Wrath Of Khan.pdf
_movie And Tv,Various Artists - Star Trek - Them From Search For Spock,1,James Horner - The Search For Spock.pdf
_movie And Tv,Various Artists - Star Trek - Voyager,1,Music By Jerry Goldsmith - Star Trek Voyager.pdf
_movie And Tv,Various Artists - The Big Book Of Movie Music,69,"(the Sheet Music Does Not Explicitly List An Artist Name, But It States -from The Paramount Picture Big Broadcast Of 1938- Which Suggests The Song Is From That 1938 Film.) - Thanks For The Memory.pdf"
_movie And Tv,Various Artists - The Simpsons - Simpsons Songbook,1,Music By Danny Elfman - Theme From -the Simpsons-.pdf
_movie And Tv,Various Artists - The Tv Fakebook,71,(from The Television Series) By Billy Goldenberg - Kojak.pdf
_movie And Tv,Various Artists - Top Movie Hits,10,August Rush - August Rush (piano Suite).pdf
_movie And Tv,Various Artists - Tv Detective - Themes For Solo Piano,32,(based On 'danse Macabre' By Camille Saint-saëns) Arranged By Lindsay Stewart - Jonathan Creek.pdf
_movie And Tv,Various Artists - Tv Fakebook 2nd Ed,106,(from Sesame Street Tv Show) - People In Your Neighborhood.pdf
_movie And Tv,Various Artists - Ultimate Tv Showstoppers,20,Brian Mcknight And Eyal Rose - Every Beat Of My Heart.pdf
_movie And Tv,Various Artists - Warner Bros 75th Anniversary,3,Arthur (1981) - Arthur's Theme (best That You Could Do).pdf
_movie And Tv,Various Artists - Wizard Of Oz [book],14,"E.y. Harburg (lyric By), Harold Arlen (music By) - Ding-dong! The Witch Is Dead.pdf"
s3:,,7,Billy Joel-Big Shot.pdf
